name,x,y
bus_1002,4810.0,7479.0
bus_1003,4827.0,7474.0
bus_1004,4745.0,7231.0
bus_1005,4720.0,7216.0
bus_1006,4820.0,7534.0
bus_1007,4318.0,3637.0
bus_1011,5549.0,8854.0
bus_1012,4385.0,5467.0
bus_1013,4410.0,5456.0
bus_1014,4404.0,5437.0
bus_1015,6860.0,8990.0
bus_1016,6864.0,8940.0
bus_1017,5059.0,7344.0
bus_1018,5069.0,7321.0
bus_1019,4973.0,7053.0
bus_1020,4969.0,7077.0
bus_1021,6807.0,4986.0
bus_1022,5519.0,5790.0
bus_1023,5718.0,5598.0
bus_1024,5718.0,5624.0
bus_1025,5670.0,5564.0
bus_1026,6006.0,9060.0
bus_1027,6809.0,9478.0
bus_1030,5363.0,5798.0
bus_1031,5136.0,4939.0
bus_1032,5350.0,6361.0
bus_1033,5018.0,5140.0
bus_1034,5302.0,7831.0
bus_1036,5315.0,7813.0
bus_1037,5285.0,7862.0
bus_1038,5422.0,5051.0
bus_1039,5403.0,5041.0
bus_1040,5432.0,5078.0
bus_1041,5412.0,5085.0
bus_1042,5365.0,5042.0
bus_1043,5382.0,5056.0
bus_1044,4609.0,6717.0
bus_1048,4791.0,5180.0
bus_1049,4785.0,7271.0
bus_1050,4846.0,7252.0
bus_1051,4834.0,7202.0
bus_1052,4829.0,7272.0
bus_1053,5115.0,5742.0
bus_1054,4378.0,3580.0
bus_1055,4319.0,3592.0
bus_1056,5047.0,4864.0
bus_1058,5260.0,5780.0
bus_1059,6271.0,4841.0
bus_1060,6269.0,4809.0
bus_1061,5028.0,5047.0
bus_1062,4765.0,5188.0
bus_1066,4737.0,6992.0
bus_1067,5819.0,4292.0
bus_1068,5246.0,4283.0
bus_1069,4852.0,4656.0
bus_1070,4906.0,4637.0
bus_1071,4853.0,4683.0
bus_1072,4876.0,4643.0
bus_1074,5477.0,5153.0
bus_1075,5513.0,5179.0
bus_1078,5517.0,5200.0
bus_1079,5509.0,5136.0
bus_1080,5493.0,5122.0
bus_1081,4845.0,7409.0
bus_1082,4867.0,7395.0
bus_1083,5047.0,4991.0
bus_1084,3362.0,7160.0
bus_1085,3347.0,7122.0
bus_1090,4772.0,7177.0
bus_1091,4817.0,7389.0
bus_1092,4761.0,6927.0
bus_1093,4761.0,6715.0
bus_1096,4890.0,6202.0
bus_1097,4847.0,6563.0
bus_1098,4876.0,6375.0
bus_1099,4883.0,7038.0
bus_1100,4968.0,7289.0
bus_1102,5462.0,5618.0
bus_1103,5504.0,5360.0
bus_1104,5806.0,8905.0
bus_1105,5043.0,6100.0
bus_1106,5021.0,4541.0
bus_1107,4106.0,6670.0
bus_1108,6484.0,5075.0
bus_1109,5121.0,9107.0
bus_1110,5194.0,6257.0
bus_1111,4286.0,6884.0
bus_1112,4853.0,6519.0
bus_1113,5321.0,4606.0
bus_1114,5290.0,5854.0
bus_1115,5219.0,7798.0
bus_1116,6042.0,9021.0
bus_1117,4822.0,6697.0
bus_1118,5358.0,5113.0
bus_1119,4970.0,5955.0
bus_1120,4750.0,6477.0
bus_1121,4773.0,6782.0
bus_1123,4612.0,6663.0
bus_1124,4755.0,7205.0
bus_1125,5036.0,5932.0
bus_1126,5393.0,8029.0
bus_1127,4491.0,6094.0
bus_1128,4454.0,6123.0
bus_1129,4822.0,6324.0
bus_1130,4792.0,6291.0
bus_1132,4955.0,7663.0
bus_1133,4882.0,7090.0
bus_1134,4464.0,7086.0
bus_1136,6185.0,4853.0
bus_1137,6658.0,4872.0
bus_1138,4655.0,6985.0
bus_1139,5100.0,4470.0
bus_1140,4886.0,6429.0
bus_1142,5407.0,9061.0
bus_1145,5421.0,8267.0
bus_1146,5116.0,7852.0
bus_1147,4577.0,7215.0
bus_1148,5427.0,5180.0
bus_1149,4779.0,7352.0
bus_1150,4702.0,7196.0
bus_1151,5188.0,4803.0
bus_1152,4737.0,6554.0
bus_1153,5055.0,7770.0
bus_1154,5809.0,5283.0
bus_1155,4426.0,6569.0
bus_1156,4740.0,6874.0
bus_1157,4576.0,6731.0
bus_1158,5194.0,5511.0
bus_1159,5881.0,8872.0
bus_1161,4879.0,6474.0
bus_1163,5417.0,6132.0
bus_1164,6016.0,8961.0
bus_1166,5131.0,5942.0
bus_1167,4902.0,4319.0
bus_1168,4945.0,4584.0
bus_1169,5327.0,6149.0
bus_1172,5233.0,4558.0
bus_1173,6358.0,9194.0
bus_1177,4781.0,5779.0
bus_1178,4582.0,6610.0
bus_1179,4456.0,6609.0
bus_1181,5078.0,5820.0
bus_1182,5594.0,8084.0
bus_1183,4878.0,7964.0
bus_1184,5024.0,7041.0
bus_1185,4296.0,7197.0
bus_1186,4625.0,6617.0
bus_1189,4790.0,6220.0
bus_1190,4587.0,7109.0
bus_1191,4371.0,7054.0
bus_1192,5684.0,8375.0
bus_1193,5237.0,8079.0
bus_1195,4407.0,7427.0
bus_1196,4640.0,7509.0
bus_1198,4586.0,7334.0
bus_1199,5002.0,4863.0
bus_1200,4586.0,6615.0
bus_1201,5111.0,7816.0
bus_1203,4844.0,8110.0
bus_1204,6107.0,5207.0
bus_1205,4199.0,6381.0
bus_1206,4925.0,5341.0
bus_1207,5385.0,8225.0
bus_1208,6456.0,5097.0
bus_1209,6536.0,5091.0
bus_1211,4756.0,4056.0
bus_1212,4768.0,6052.0
bus_1215,4934.0,6235.0
bus_1217,4491.0,3729.0
bus_1218,2873.0,8828.0
bus_1219,5380.0,6052.0
bus_1221,5295.0,6225.0
bus_1222,4617.0,3789.0
bus_1223,3805.0,6388.0
bus_1224,4573.0,6826.0
bus_1225,6724.0,5009.0
bus_1226,5934.0,8447.0
bus_1228,3839.0,6383.0
bus_1229,5080.0,4730.0
bus_1230,4305.0,6865.0
bus_1232,5155.0,6132.0
bus_1234,4091.0,7064.0
bus_1236,4703.0,6807.0
bus_1237,6168.0,5336.0
bus_1238,5989.0,4837.0
bus_1239,4438.0,7948.0
bus_1240,4432.0,6235.0
bus_1241,4508.0,7655.0
bus_1243,4716.0,6298.0
bus_1244,4540.0,6177.0
bus_1246,4517.0,6195.0
bus_1247,5186.0,4486.0
bus_1249,5156.0,4602.0
bus_1252,4933.0,6814.0
bus_1254,4731.0,6082.0
bus_1255,6035.0,5355.0
bus_1256,5972.0,8485.0
bus_1257,4789.0,8017.0
bus_1258,4193.0,6216.0
bus_1259,3894.0,6159.0
bus_1260,4417.0,7382.0
bus_1261,4381.0,7499.0
bus_1262,5049.0,8045.0
bus_1263,4147.0,6468.0
bus_1264,4528.0,7135.0
bus_1265,4843.0,7653.0
bus_1267,5092.0,4990.0
bus_1269,5354.0,6338.0
bus_1273,6178.0,8998.0
bus_1274,4983.0,5189.0
bus_1281,4940.0,6002.0
bus_1282,5047.0,6031.0
bus_1283,4930.0,8031.0
bus_1284,4353.0,7428.0
bus_1285,6354.0,9112.0
bus_1287,4699.0,7632.0
bus_1288,6219.0,5311.0
bus_1289,5028.0,6171.0
bus_1292,4921.0,4505.0
bus_1293,6337.0,5109.0
bus_1294,6180.0,5355.0
bus_1296,4687.0,5563.0
bus_1297,4895.0,4462.0
bus_1299,6688.0,9391.0
bus_1301,4739.0,5710.0
bus_1305,4911.0,6219.0
bus_1306,6171.0,5254.0
bus_1307,5958.0,5357.0
bus_1308,4921.0,4558.0
bus_1309,4874.0,5973.0
bus_1310,4489.0,5829.0
bus_1311,5026.0,4933.0
bus_1312,6102.0,8919.0
bus_1313,4231.0,7489.0
bus_1314,4769.0,5700.0
bus_1317,4874.0,4580.0
bus_1318,4729.0,4373.0
bus_1320,5063.0,6263.0
bus_1321,3765.0,7072.0
bus_1322,5836.0,8407.0
bus_1324,4816.0,5252.0
bus_1326,4637.0,6309.0
bus_1330,5380.0,6226.0
bus_1331,6058.0,8780.0
bus_1332,4697.0,6689.0
bus_1333,4793.0,6731.0
bus_1334,6034.0,8760.0
bus_1335,6089.0,9021.0
bus_1336,4959.0,8064.0
bus_1338,4845.0,6157.0
bus_1341,4352.0,7583.0
bus_1343,5538.0,6312.0
bus_1344,5548.0,6240.0
bus_1345,4766.0,6752.0
bus_1347,6562.0,9282.0
bus_1349,5550.0,6188.0
bus_1350,5742.0,6147.0
bus_1351,5772.0,8538.0
bus_1354,3679.0,7050.0
bus_1356,5322.0,8154.0
bus_1357,2984.0,8659.0
bus_1358,6935.0,9537.0
bus_1360,7113.0,9593.0
bus_1361,6244.0,5195.0
bus_1364,5043.0,8408.0
bus_1369,3585.0,7119.0
bus_1371,4741.0,6136.0
bus_1372,5436.0,6276.0
bus_1373,5438.0,6239.0
bus_1374,4525.0,6405.0
bus_1375,4170.0,6177.0
bus_1377,3592.0,6366.0
bus_1378,3601.0,6340.0
bus_1380,4866.0,8053.0
bus_1382,5362.0,6292.0
bus_1383,4465.0,5519.0
bus_1385,6225.0,8846.0
bus_1387,5176.0,6158.0
bus_1388,5172.0,6144.0
bus_1392,6191.0,8814.0
bus_1393,4638.0,6195.0
bus_1395,5009.0,4496.0
bus_1396,5699.0,8117.0
bus_1397,4985.0,8285.0
bus_1400,4252.0,6346.0
bus_1401,4369.0,6904.0
bus_1402,6044.0,8613.0
bus_1403,4345.0,6810.0
bus_1406,4543.0,7158.0
bus_1409,4020.0,6537.0
bus_1414,4925.0,5169.0
bus_1416,5758.0,8153.0
bus_1418,3662.0,6407.0
bus_1419,6249.0,8915.0
bus_1423,5890.0,8487.0
bus_1428,4214.0,6510.0
bus_1430,4301.0,7581.0
bus_1432,4461.0,6563.0
bus_1433,4321.0,6115.0
bus_1434,4526.0,6260.0
bus_1435,3614.0,6387.0
bus_1436,3384.0,6366.0
bus_1437,3479.0,6377.0
bus_1438,4418.0,7543.0
bus_1444,5872.0,8619.0
bus_1445,4866.0,7633.0
bus_1447,6092.0,8880.0
bus_1449,5919.0,5389.0
bus_1451,4603.0,7162.0
bus_1453,5010.0,8133.0
bus_1455,4496.0,7462.0
bus_1456,5721.0,8104.0
bus_1458,4140.0,7428.0
bus_1459,5193.0,5878.0
bus_1460,5171.0,6199.0
bus_1461,5173.0,6186.0
bus_1463,4761.0,7519.0
bus_1464,5376.0,8201.0
bus_1467,4488.0,6816.0
bus_1468,4176.0,7311.0
bus_1472,5203.0,5847.0
bus_1473,5517.0,8327.0
bus_1474,6240.0,9020.0
bus_1475,6194.0,5208.0
bus_1477,5295.0,8139.0
bus_1478,4655.0,6189.0
bus_1479,4951.0,5014.0
bus_1480,4916.0,4704.0
bus_1481,4952.0,5091.0
bus_1482,4918.0,5027.0
bus_1483,4985.0,6848.0
bus_1486,5585.0,6118.0
bus_1488,4376.0,7616.0
bus_1496,4589.0,7640.0
bus_1497,4947.0,4693.0
bus_1498,2944.0,8625.0
bus_1499,4722.0,5969.0
bus_1501,4131.0,6514.0
bus_1502,4236.0,7651.0
bus_1504,4651.0,5495.0
bus_1507,4872.0,4382.0
bus_1508,4431.0,5768.0
bus_1509,4151.0,7530.0
bus_1510,5927.0,8415.0
bus_1512,6143.0,8799.0
bus_1513,4768.0,6732.0
bus_1515,4640.0,6620.0
bus_1517,4952.0,5288.0
bus_1518,4458.0,6366.0
bus_1519,3996.0,6081.0
bus_1521,3895.0,6003.0
bus_1522,4034.0,8131.0
bus_1524,4012.0,8118.0
bus_1525,4771.0,6830.0
bus_1527,5931.0,8944.0
bus_1528,5261.0,6046.0
bus_1529,5249.0,6057.0
bus_1530,5010.0,5956.0
bus_1531,5759.0,7903.0
bus_1534,4562.0,6126.0
bus_1535,6076.0,9049.0
bus_1538,4938.0,6547.0
bus_1544,5451.0,7834.0
bus_1546,5309.0,7852.0
bus_1547,4726.0,7720.0
bus_1548,4744.0,6449.0
bus_1549,4390.0,6648.0
bus_1550,4380.0,6622.0
bus_1553,5226.0,6184.0
bus_1554,6337.0,8623.0
bus_1555,5509.0,6212.0
bus_1556,4565.0,6254.0
bus_1557,4902.0,8161.0
bus_1558,4134.0,7651.0
bus_1559,5829.0,8584.0
bus_1560,4531.0,6650.0
bus_1561,4744.0,3985.0
bus_1563,5490.0,8385.0
bus_1564,5621.0,5615.0
bus_1565,5580.0,5587.0
bus_1567,5108.0,8114.0
bus_1568,4061.0,6483.0
bus_1569,5215.0,6268.0
bus_1571,4650.0,6332.0
bus_1572,6271.0,9056.0
bus_1573,6251.0,9067.0
bus_1574,3636.0,7098.0
bus_1575,5102.0,6221.0
bus_1576,4919.0,5913.0
bus_1577,5090.0,5960.0
bus_1578,6560.0,9230.0
bus_1581,4085.0,8068.0
bus_1582,6438.0,8639.0
bus_1583,4880.0,4490.0
bus_1584,6189.0,8976.0
bus_1585,4165.0,7551.0
bus_1587,5739.0,4323.0
bus_1589,6110.0,8765.0
bus_1590,5080.0,6873.0
bus_1591,6198.0,9145.0
bus_1592,4984.0,8144.0
bus_1593,7035.0,9578.0
bus_1594,6779.0,9359.0
bus_1595,6923.0,9418.0
bus_1596,7040.0,9484.0
bus_1597,2962.0,8663.0
bus_1598,6967.0,9412.0
bus_1599,2964.0,8631.0
bus_1600,2952.0,8684.0
bus_1601,6891.0,9387.0
bus_1602,5828.0,7888.0
bus_1604,5556.0,6138.0
bus_1607,6634.0,8905.0
bus_1610,5153.0,5994.0
bus_1611,6281.0,8835.0
bus_1613,6202.0,8613.0
bus_1614,6639.0,4855.0
bus_1615,6669.0,4895.0
bus_1618,6854.0,9555.0
bus_1620,4894.0,5107.0
bus_1621,4933.0,8146.0
bus_1622,6345.0,8949.0
bus_1623,5982.0,8524.0
bus_1624,3492.0,7049.0
bus_1625,4387.0,6555.0
bus_1626,4413.0,6180.0
bus_1627,3724.0,7073.0
bus_1629,5933.0,8652.0
bus_1630,4965.0,8241.0
bus_1631,6180.0,8913.0
bus_1633,6013.0,5409.0
bus_1636,4059.0,7475.0
bus_1638,5589.0,8370.0
bus_1639,5574.0,8394.0
bus_1640,4611.0,6106.0
bus_1645,4919.0,4949.0
bus_1647,3888.0,7154.0
bus_1648,6294.0,9248.0
bus_1649,4595.0,7731.0
bus_1650,4969.0,4629.0
bus_1651,2934.0,8700.0
bus_1652,4074.0,7145.0
bus_1653,4061.0,7121.0
bus_1654,3447.0,7119.0
bus_1655,3457.0,7143.0
bus_1656,3451.0,7166.0
bus_1658,6864.0,9387.0
bus_2000,4124.0,1985.0
bus_2001,4090.0,2513.0
bus_2002,4109.0,2491.0
bus_2003,5050.0,3606.0
bus_2004,5055.0,3633.0
bus_2005,4230.0,2399.0
bus_2006,4217.0,2397.0
bus_2007,4227.0,2292.0
bus_2008,4206.0,2290.0
bus_2010,4033.0,2757.0
bus_2011,4055.0,2736.0
bus_2012,5097.0,3736.0
bus_2014,4980.0,3560.0
bus_2015,4915.0,3339.0
bus_2016,4903.0,3321.0
bus_2017,4166.0,3191.0
bus_2021,4829.0,4716.0
bus_2024,4837.0,4734.0
bus_2028,4807.0,4691.0
bus_2030,4827.0,4766.0
bus_2033,5371.0,2430.0
bus_2035,5375.0,2446.0
bus_2036,5342.0,2379.0
bus_2037,5332.0,2366.0
bus_2038,5321.0,2368.0
bus_2039,4363.0,3066.0
bus_2040,4498.0,2476.0
bus_2041,4518.0,2459.0
bus_2043,4740.0,2389.0
bus_2044,4734.0,2413.0
bus_2045,4729.0,2380.0
bus_2046,4737.0,2355.0
bus_2047,4749.0,2364.0
bus_2054,3749.0,2958.0
bus_2055,3744.0,2978.0
bus_2056,3761.0,2954.0
bus_2057,3802.0,2890.0
bus_2058,3791.0,2886.0
bus_2059,3783.0,2902.0
bus_2060,5147.0,3614.0
bus_2061,5140.0,3569.0
bus_2062,5146.0,3590.0
bus_2063,3957.0,3523.0
bus_2064,3967.0,3494.0
bus_2065,5430.0,2192.0
bus_2066,5439.0,1962.0
bus_2068,5386.0,2019.0
bus_2069,5413.0,1916.0
bus_2072,4093.0,2091.0
bus_2073,4635.0,2356.0
bus_2074,4044.0,2911.0
bus_2075,4025.0,2938.0
bus_2076,4137.0,1985.0
bus_2077,3649.0,3386.0
bus_2078,3576.0,3137.0
bus_2079,3593.0,3136.0
bus_2080,3582.0,3153.0
bus_2081,3568.0,3160.0
bus_2082,4278.0,3452.0
bus_2085,5087.0,2826.0
bus_2086,4919.0,2616.0
bus_2090,4212.0,2865.0
bus_2091,4986.0,3638.0
bus_2092,5288.0,2819.0
bus_2093,5024.0,2683.0
bus_2094,5023.0,2664.0
bus_2095,5017.0,2647.0
bus_2096,4202.0,2506.0
bus_2097,4511.0,2477.0
bus_2099,4256.0,2727.0
bus_2100,4235.0,2533.0
bus_2101,4098.0,2905.0
bus_2102,4913.0,4817.0
bus_2103,4929.0,2486.0
bus_2104,4507.0,2572.0
bus_2105,4322.0,3042.0
bus_2106,4204.0,3139.0
bus_2107,5013.0,3659.0
bus_2108,4438.0,3268.0
bus_2109,4282.0,2929.0
bus_2111,4598.0,2563.0
bus_2118,5042.0,2741.0
bus_2120,4793.0,3905.0
bus_2121,4982.0,2708.0
bus_2122,4887.0,3393.0
bus_2125,4562.0,3498.0
bus_2126,4761.0,3792.0
bus_2128,4398.0,2883.0
bus_2129,4223.0,3299.0
bus_2136,4958.0,2636.0
bus_2139,5194.0,4867.0
bus_2140,5075.0,2394.0
bus_2143,5311.0,2468.0
bus_2145,4384.0,3227.0
bus_2146,4522.0,2834.0
bus_2147,4751.0,3052.0
bus_2150,4650.0,2278.0
bus_2151,3848.0,3151.0
bus_2158,5046.0,2817.0
bus_2162,4295.0,3508.0
bus_2164,4995.0,2930.0
bus_2167,4935.0,2591.0
bus_2168,4912.0,3023.0
bus_2169,4687.0,3718.0
bus_2170,4863.0,3469.0
bus_2171,4840.0,3439.0
bus_2175,3892.0,3320.0
bus_2176,4262.0,2881.0
bus_2177,4251.0,3047.0
bus_2178,4958.0,3095.0
bus_2179,4338.0,3359.0
bus_2181,4861.0,3110.0
bus_2186,4991.0,2748.0
bus_2187,5247.0,2871.0
bus_2189,4457.0,2810.0
bus_2190,4794.0,4264.0
bus_2191,4798.0,4795.0
bus_2192,4805.0,3965.0
bus_2195,4771.0,4426.0
bus_2196,3567.0,3938.0
bus_2197,4946.0,2489.0
bus_2198,5018.0,3032.0
bus_2199,5065.0,3240.0
bus_2200,3781.0,3712.0
bus_2201,4632.0,3149.0
bus_2202,4779.0,2415.0
bus_2203,4207.0,3409.0
bus_2204,3990.0,3567.0
bus_2205,3701.0,3528.0
bus_2206,4938.0,3176.0
bus_2207,4787.0,3322.0
bus_2208,4511.0,3337.0
bus_2209,3976.0,3520.0
bus_2210,4488.0,2407.0
bus_2211,4469.0,2316.0
bus_2213,4155.0,2704.0
bus_2214,4299.0,2829.0
bus_2215,4225.0,2764.0
bus_2216,4149.0,2837.0
bus_2218,4465.0,2358.0
bus_2219,4178.0,2482.0
bus_2220,4451.0,3188.0
bus_2221,4469.0,2445.0
bus_2222,4537.0,2485.0
bus_2224,5071.0,2645.0
bus_2225,4399.0,2526.0
bus_2226,4337.0,2635.0
bus_2227,4060.0,2823.0
bus_2228,4074.0,2812.0
bus_2229,5052.0,3737.0
bus_2231,4999.0,2598.0
bus_2232,4987.0,2598.0
bus_2233,4667.0,2490.0
bus_2234,4824.0,3757.0
bus_2235,4879.0,3747.0
bus_2236,4382.0,2723.0
bus_2237,4394.0,2787.0
bus_2238,4372.0,2583.0
bus_2239,4163.0,3143.0
bus_2240,4152.0,2985.0
bus_2241,5162.0,2618.0
bus_2242,5456.0,2364.0
bus_2243,4391.0,3144.0
bus_2244,5560.0,2230.0
bus_2245,5537.0,2185.0
bus_2246,5568.0,2108.0
bus_2247,5592.0,2177.0
bus_2248,4540.0,2750.0
bus_2249,4530.0,2738.0
bus_2251,4981.0,3723.0
bus_2252,4474.0,2350.0
bus_2254,5500.0,2271.0
bus_2255,5378.0,2318.0
bus_2256,4965.0,3717.0
bus_2257,4927.0,3733.0
bus_2260,5426.0,2360.0
bus_2262,5365.0,2208.0
bus_2264,5089.0,2708.0
bus_2265,4135.0,2274.0
bus_2266,4100.0,3061.0
bus_2267,4056.0,2997.0
bus_2268,4068.0,2983.0
bus_2269,4152.0,2252.0
bus_2270,3601.0,3226.0
bus_2271,4296.0,3442.0
bus_2272,4958.0,2483.0
bus_2273,4907.0,2935.0
bus_2274,4918.0,2929.0
bus_2275,4695.0,3644.0
bus_2276,4911.0,3431.0
bus_2277,5117.0,2751.0
bus_2278,5109.0,2730.0
bus_2279,5089.0,2425.0
bus_2280,4207.0,2610.0
bus_2281,4228.0,2944.0
bus_2284,4993.0,3051.0
bus_2285,4985.0,3025.0
bus_2286,4333.0,3285.0
bus_2287,4985.0,3373.0
bus_2289,4867.0,3227.0
bus_2290,4868.0,3191.0
bus_2291,4727.0,2653.0
bus_2293,4837.0,4371.0
bus_2294,4484.0,2348.0
bus_2295,4458.0,2714.0
bus_2296,4129.0,2582.0
bus_2297,4117.0,2599.0
bus_2298,4438.0,3192.0
bus_2299,4459.0,3208.0
bus_2300,4548.0,2491.0
bus_2303,3654.0,3777.0
bus_2304,3670.0,3816.0
bus_2306,4397.0,3096.0
bus_2307,5458.0,2061.0
bus_2311,5479.0,1946.0
bus_2312,5122.0,2619.0
bus_2313,4110.0,2169.0
bus_2314,3634.0,3308.0
bus_2315,4285.0,3423.0
bus_2320,4927.0,2941.0
bus_2322,5019.0,3319.0
bus_2323,5012.0,3299.0
bus_2324,5028.0,3333.0
bus_2325,5025.0,3356.0
bus_2326,4730.0,2584.0
bus_2328,4747.0,2573.0
bus_2332,4823.0,4341.0
bus_2333,4858.0,4292.0
bus_2334,4849.0,4270.0
bus_2335,5008.0,2665.0
bus_2336,4994.0,2651.0
bus_2337,4571.0,3425.0
bus_2342,3777.0,3045.0
bus_2343,3809.0,2987.0
bus_2344,5462.0,2271.0
bus_2348,3621.0,3321.0
bus_2351,4168.0,2404.0
bus_2352,5005.0,2641.0
bus_2355,2252.0,5728.0
bus_3000,3886.0,12160.0
bus_3001,3140.0,12392.0
bus_3002,2840.0,12563.0
bus_3004,2641.0,13453.0
bus_3005,2583.0,13520.0
bus_3006,2600.0,13535.0
bus_3007,2649.0,9562.0
bus_3008,2581.0,11665.0
bus_3009,2745.0,10738.0
bus_3010,2713.0,10725.0
bus_3011,2662.0,10742.0
bus_3012,2605.0,10744.0
bus_3013,2652.0,10793.0
bus_3014,3167.0,9626.0
bus_3016,3127.0,9665.0
bus_3017,3316.0,10762.0
bus_3018,3300.0,10753.0
bus_3019,3295.0,10842.0
bus_3020,3282.0,10937.0
bus_3021,2762.0,10826.0
bus_3022,2673.0,10883.0
bus_3023,2744.0,12630.0
bus_3024,4178.0,10438.0
bus_3025,4220.0,10524.0
bus_3026,4238.0,10512.0
bus_3028,2825.0,10784.0
bus_3029,2786.0,10844.0
bus_3032,2391.0,11672.0
bus_3033,2558.0,11805.0
bus_3034,2819.0,11084.0
bus_3035,2749.0,11150.0
bus_3038,2342.0,11561.0
bus_3039,4101.0,11635.0
bus_3044,3085.0,12000.0
bus_3046,3070.0,12061.0
bus_3048,3505.0,9689.0
bus_3049,3507.0,9759.0
bus_3050,4181.0,11780.0
bus_3051,4217.0,11724.0
bus_3053,4291.0,11802.0
bus_3054,4178.0,11877.0
bus_3055,4239.0,11968.0
bus_3056,3062.0,9618.0
bus_3057,2979.0,9631.0
bus_3058,2750.0,10089.0
bus_3059,2657.0,10125.0
bus_3060,4069.0,11838.0
bus_3062,3907.0,12152.0
bus_3064,2805.0,12529.0
bus_3066,3168.0,12405.0
bus_3067,3121.0,13236.0
bus_3068,3040.0,13167.0
bus_3069,3333.0,12723.0
bus_3070,3362.0,12829.0
bus_3071,2551.0,13005.0
bus_3072,2908.0,10723.0
bus_3074,3107.0,9476.0
bus_3075,3029.0,9471.0
bus_3076,3111.0,13510.0
bus_3077,2984.0,13598.0
bus_3078,2974.0,13610.0
bus_3080,2632.0,13712.0
bus_3081,2606.0,13809.0
bus_3082,2085.0,13634.0
bus_3083,2591.0,13963.0
bus_3085,2598.0,14069.0
bus_3087,2332.0,13962.0
bus_3088,2326.0,13939.0
bus_3089,2408.0,13985.0
bus_3090,2261.0,14030.0
bus_3091,2380.0,14096.0
bus_3094,2163.0,13494.0
bus_3095,2082.0,13554.0
bus_3096,3045.0,13267.0
bus_3099,3135.0,9613.0
bus_3100,3058.0,9646.0
bus_3101,2620.0,10981.0
bus_3102,2612.0,10965.0
bus_3103,2548.0,11000.0
bus_3106,3037.0,12022.0
bus_3107,3009.0,12114.0
bus_3108,3365.0,12598.0
bus_3110,3372.0,12692.0
bus_3111,3120.0,12502.0
bus_3112,3103.0,12602.0
bus_3113,3129.0,12604.0
bus_3114,2685.0,12751.0
bus_3115,2608.0,12810.0
bus_3116,2804.0,10720.0
bus_3117,3588.0,12154.0
bus_3118,3624.0,12247.0
bus_3120,3523.0,12181.0
bus_3121,3544.0,12265.0
bus_3122,2723.0,11688.0
bus_3123,2786.0,9068.0
bus_3124,2684.0,9044.0
bus_3125,2685.0,9070.0
bus_3126,5160.0,10957.0
bus_3128,2783.0,13396.0
bus_3129,2851.0,9762.0
bus_3130,2752.0,9784.0
bus_3131,3053.0,9921.0
bus_3132,2963.0,9955.0
bus_3133,2973.0,9981.0
bus_3134,3052.0,9141.0
bus_3135,2999.0,9107.0
bus_3136,2990.0,9131.0
bus_3137,4551.0,10778.0
bus_3140,2902.0,13429.0
bus_3141,2913.0,13426.0
bus_3142,2986.0,13543.0
bus_3143,2437.0,13907.0
bus_3144,2455.0,13907.0
bus_3145,2442.0,13976.0
bus_3147,3230.0,13613.0
bus_3148,2735.0,13360.0
bus_3149,3639.0,12176.0
bus_3150,4068.0,12064.0
bus_3151,4004.0,11977.0
bus_3152,2873.0,12087.0
bus_3154,4689.0,10820.0
bus_3155,4676.0,10836.0
bus_3156,4629.0,10829.0
bus_3157,2666.0,11498.0
bus_3158,4365.0,10233.0
bus_3159,3403.0,12680.0
bus_3160,3276.0,12485.0
bus_3161,3112.0,12452.0
bus_3162,3098.0,12547.0
bus_3163,3514.0,9389.0
bus_3165,3009.0,12408.0
bus_3167,3385.0,12191.0
bus_3168,3408.0,12274.0
bus_3169,2854.0,12588.0
bus_3170,3213.0,9641.0
bus_3171,3192.0,9574.0
bus_3172,2724.0,12850.0
bus_3173,2800.0,10765.0
bus_3174,2633.0,10761.0
bus_3176,2964.0,12089.0
bus_3177,2809.0,9055.0
bus_3178,2726.0,9014.0
bus_3179,2722.0,9034.0
bus_3180,2502.0,14077.0
bus_3183,2507.0,14153.0
bus_3184,2576.0,11278.0
bus_3186,2505.0,11285.0
bus_3187,2711.0,11043.0
bus_3188,2626.0,11102.0
bus_3189,2689.0,13776.0
bus_3190,3267.0,13507.0
bus_3191,2690.0,13882.0
bus_3192,3082.0,9925.0
bus_3193,3012.0,9965.0
bus_3194,2556.0,12777.0
bus_3195,2641.0,12727.0
bus_3196,2991.0,12520.0
bus_3198,3114.0,13319.0
bus_3199,3097.0,13333.0
bus_3200,3149.0,13369.0
bus_3201,3299.0,12587.0
bus_3202,3307.0,12713.0
bus_3203,3063.0,10180.0
bus_3204,3069.0,10152.0
bus_3205,3046.0,10155.0
bus_3206,3025.0,10204.0
bus_3209,3177.0,13404.0
bus_3211,2830.0,13609.0
bus_3213,2566.0,9574.0
bus_3214,2921.0,9536.0
bus_3215,2888.0,13632.0
bus_3220,2267.0,11621.0
bus_3221,2195.0,11639.0
bus_3222,3113.0,10006.0
bus_3223,2738.0,13675.0
bus_3224,2737.0,13777.0
bus_3225,2045.0,13572.0
bus_3226,3028.0,10092.0
bus_3227,2957.0,10156.0
bus_3228,2946.0,10136.0
bus_3229,3423.0,9766.0
bus_3230,3419.0,9836.0
bus_3231,2994.0,9901.0
bus_3232,3941.0,12184.0
bus_3233,2863.0,11293.0
bus_3236,3141.0,9475.0
bus_3237,3586.0,10955.0
bus_3238,3571.0,10965.0
bus_3239,3612.0,11016.0
bus_3240,2613.0,13848.0
bus_3241,3232.0,12495.0
bus_3242,3255.0,12498.0
bus_3243,3429.0,12709.0
bus_3245,2777.0,13035.0
bus_3247,2650.0,12815.0
bus_3248,2885.0,12910.0
bus_3251,2159.0,11763.0
bus_3253,2658.0,9494.0
bus_3257,2467.0,9638.0
bus_3258,3427.0,12667.0
bus_3259,2959.0,13047.0
bus_3260,2958.0,13131.0
bus_3261,4463.0,10636.0
bus_3262,2824.0,12580.0
bus_3263,2690.0,11260.0
bus_3264,2612.0,11317.0
bus_3267,3086.0,13857.0
bus_3270,3013.0,13663.0
bus_3271,3478.0,9353.0
bus_3272,3924.0,12138.0
bus_3273,4036.0,12064.0
bus_3274,3990.0,11971.0
bus_3275,2892.0,12107.0
bus_3276,3116.0,13610.0
bus_3277,3023.0,12401.0
bus_3278,4543.0,10786.0
bus_3279,4627.0,10912.0
bus_3280,4689.0,11003.0
bus_3282,5130.0,10985.0
bus_3283,3061.0,13568.0
bus_3284,2700.0,11679.0
bus_3285,2993.0,12467.0
bus_3287,5369.0,11157.0
bus_3288,5388.0,11146.0
bus_3289,5561.0,11221.0
bus_3292,2696.0,13598.0
bus_3295,4620.0,10556.0
bus_3298,3992.0,12281.0
bus_3300,5400.0,11126.0
bus_3302,4124.0,9772.0
bus_3303,4205.0,9806.0
bus_3304,4196.0,9826.0
bus_3305,3050.0,13732.0
bus_3306,2450.0,8792.0
bus_3307,2459.0,8771.0
bus_3308,2353.0,8800.0
bus_3309,2372.0,8749.0
bus_3310,3047.0,13698.0
bus_3311,3390.0,10743.0
bus_3312,3181.0,10801.0
bus_3314,3206.0,10806.0
bus_3315,3168.0,10907.0
bus_3316,3130.0,10964.0
bus_3319,3447.0,10740.0
bus_3320,3444.0,10795.0
bus_3322,3647.0,9407.0
bus_3323,3701.0,9399.0
bus_3324,2777.0,8840.0
bus_3325,2753.0,8858.0
bus_3326,2727.0,8805.0
bus_3327,2714.0,8773.0
bus_3328,2670.0,8819.0
bus_3329,2371.0,13938.0
bus_3331,2367.0,14034.0
bus_3332,1964.0,13644.0
bus_3334,2667.0,10148.0
bus_3335,4110.0,9699.0
bus_3336,4102.0,9721.0
bus_3338,3624.0,9566.0
bus_3339,3668.0,9563.0
bus_3340,3215.0,9172.0
bus_3341,3174.0,9134.0
bus_3342,2920.0,9674.0
bus_3343,2828.0,9687.0
bus_3344,3775.0,9737.0
bus_3347,3809.0,9767.0
bus_3351,3525.0,10781.0
bus_3353,3672.0,9171.0
bus_3354,3494.0,10751.0
bus_3355,3805.0,9892.0
bus_3356,3832.0,9879.0
bus_3357,3784.0,9812.0
bus_3359,2539.0,10176.0
bus_3360,2465.0,10216.0
bus_3361,2458.0,10198.0
bus_3363,4098.0,9879.0
bus_3364,4112.0,9861.0
bus_3365,2792.0,9121.0
bus_3367,2744.0,9219.0
bus_3369,3546.0,10987.0
bus_3370,3550.0,11057.0
bus_3372,2449.0,10147.0
bus_3373,2452.0,10127.0
bus_3375,3201.0,13713.0
bus_3376,3094.0,13755.0
bus_3378,3636.0,9370.0
bus_3380,3669.0,9322.0
bus_3381,3648.0,9320.0
bus_3382,3517.0,10874.0
bus_3383,3513.0,10963.0
bus_3385,3562.0,9279.0
bus_3386,2711.0,9151.0
bus_3387,2602.0,9155.0
bus_3388,2607.0,9177.0
bus_3389,2607.0,9134.0
bus_3390,3028.0,9833.0
bus_3392,2968.0,9842.0
bus_3394,3397.0,10881.0
bus_3395,3089.0,10326.0
bus_3396,3028.0,10396.0
bus_3397,2330.0,8749.0
bus_3398,2237.0,8723.0
bus_3399,2228.0,8745.0
bus_3400,2230.0,8768.0
bus_3401,3162.0,13610.0
bus_3402,3993.0,9836.0
bus_3403,4041.0,9907.0
bus_3404,2781.0,8919.0
bus_3405,2756.0,8929.0
bus_3407,2528.0,12966.0
bus_3409,2778.0,10178.0
bus_3410,2791.0,10200.0
bus_3411,3731.0,9614.0
bus_3412,3730.0,9626.0
bus_3413,3871.0,9628.0
bus_3414,3933.0,9636.0
bus_3415,3931.0,9660.0
bus_3417,3047.0,11565.0
bus_3418,3147.0,11559.0
bus_3419,2614.0,11643.0
bus_3420,2651.0,11690.0
bus_3421,3008.0,11544.0
bus_3422,3095.0,11570.0
bus_3423,3815.0,10352.0
bus_3424,3847.0,10303.0
bus_3425,3787.0,10387.0
bus_3426,3714.0,10388.0
bus_3427,4003.0,10459.0
bus_3430,3911.0,11200.0
bus_3431,3808.0,11278.0
bus_3432,2837.0,12099.0
bus_3433,2771.0,12172.0
bus_3434,4677.0,10206.0
bus_3435,4657.0,10241.0
bus_3436,4666.0,10184.0
bus_3437,4658.0,10219.0
bus_3438,4429.0,10309.0
bus_3439,4435.0,10241.0
bus_3441,2615.0,8843.0
bus_3442,3883.0,11235.0
bus_3443,3849.0,11261.0
bus_3444,3751.0,10370.0
bus_3446,3555.0,9223.0
bus_3448,2191.0,14136.0
bus_3449,2339.0,14235.0
bus_3452,3179.0,13304.0
bus_3453,2113.0,13512.0
bus_3454,2140.0,13614.0
bus_3455,2125.0,13532.0
bus_3456,2120.0,13615.0
bus_3457,2016.0,13696.0
bus_3462,2824.0,13716.0
bus_3463,3130.0,14100.0
bus_3464,2457.0,9594.0
bus_3466,2496.0,9549.0
bus_3467,2928.0,9852.0
bus_3470,3167.0,10232.0
bus_3471,3580.0,9600.0
bus_3472,3569.0,9647.0
bus_3474,2749.0,8953.0
bus_3475,2881.0,10715.0
bus_3476,2968.0,11085.0
bus_3477,3036.0,11328.0
bus_3478,2987.0,10723.0
bus_3479,3045.0,10662.0
bus_3482,3076.0,11906.0
bus_3483,3236.0,12402.0
bus_3486,2847.0,13278.0
bus_3490,3636.0,9706.0
bus_3493,3660.0,12164.0
bus_3496,3114.0,10092.0
bus_3497,3957.0,10304.0
bus_3498,3962.0,10294.0
bus_3500,3919.0,10415.0
bus_3504,3579.0,9450.0
bus_3505,3614.0,9457.0
bus_3506,3003.0,10069.0
bus_3516,2322.0,13417.0
bus_3517,2429.0,13382.0
bus_3518,2903.0,12821.0
bus_3519,3173.0,9916.0
bus_3520,3122.0,9984.0
bus_3525,4406.0,10323.0
bus_3526,4447.0,10292.0
bus_3527,4448.0,10268.0
bus_3529,2776.0,13524.0
bus_3530,2827.0,11284.0
bus_3532,2893.0,10887.0
bus_3534,3120.0,9852.0
bus_3535,4542.0,10255.0
bus_3536,5083.0,10902.0
bus_3539,5387.0,11071.0
bus_3540,5490.0,11157.0
bus_3541,4799.0,10614.0
bus_3542,2695.0,10752.0
bus_3543,3373.0,10345.0
bus_3545,3458.0,9719.0
bus_3546,3077.0,9230.0
bus_3547,3152.0,10672.0
bus_3549,3143.0,11015.0
bus_3550,3140.0,11466.0
bus_3554,3189.0,11240.0
bus_3556,3205.0,10535.0
bus_3557,3225.0,11696.0
bus_3558,3189.0,12136.0
bus_3560,3471.0,10145.0
bus_3561,2808.0,13032.0
bus_3563,3966.0,9609.0
bus_3565,3498.0,11959.0
bus_3567,3245.0,10216.0
bus_3568,3723.0,10184.0
bus_3569,3354.0,11806.0
bus_3570,3593.0,9715.0
bus_3572,3456.0,9551.0
bus_3573,3744.0,11058.0
bus_3582,3123.0,9319.0
bus_3583,3115.0,9328.0
bus_3584,2555.0,13328.0
bus_3585,3536.0,11547.0
bus_3586,3482.0,11571.0
bus_3587,3501.0,11559.0
bus_3588,3522.0,11567.0
bus_3589,3314.0,9505.0
bus_3591,2988.0,12604.0
bus_3593,3445.0,10017.0
bus_3595,3356.0,9877.0
bus_3596,2505.0,13562.0
bus_3597,2494.0,13560.0
bus_3598,3344.0,11153.0
bus_3601,3311.0,9644.0
bus_3604,2978.0,11343.0
bus_3605,3301.0,9957.0
bus_3606,3066.0,10845.0
bus_3607,4438.0,10435.0
bus_3609,4574.0,10181.0
bus_3611,3104.0,11516.0
bus_3612,4479.0,10245.0
bus_3613,4477.0,10226.0
bus_3614,4953.0,10781.0
bus_3615,4679.0,10602.0
bus_3616,4626.0,10521.0
bus_3617,5180.0,10931.0
bus_3618,5316.0,11064.0
bus_3623,3242.0,9938.0
bus_3624,4033.0,10513.0
bus_3625,2743.0,9534.0
bus_3626,2623.0,12932.0
bus_3628,2195.0,13466.0
bus_3629,2185.0,13541.0
bus_3633,2911.0,9176.0
bus_3634,2728.0,10931.0
bus_3635,3371.0,9261.0
bus_3640,3488.0,11473.0
bus_3642,3068.0,13645.0
bus_3643,2898.0,13527.0
bus_3644,2900.0,9945.0
bus_3645,2895.0,9924.0
bus_3647,3221.0,10012.0
bus_3648,4561.0,9906.0
bus_3650,4705.0,9479.0
bus_3651,4779.0,9524.0
bus_3652,4286.0,9536.0
bus_3655,4469.0,9615.0
bus_3656,4480.0,9562.0
bus_3659,3472.0,12771.0
bus_4000,1148.0,5626.0
bus_4001,1980.0,4388.0
bus_4002,1442.0,4867.0
bus_4003,0.0,4796.0
bus_4004,180.0,4778.0
bus_4007,1457.0,6106.0
bus_4008,1463.0,6074.0
bus_4009,1490.0,6128.0
bus_4010,1010.0,4702.0
bus_4011,978.0,4801.0
bus_4012,1015.0,4677.0
bus_4013,980.0,4775.0
bus_4014,1007.0,4727.0
bus_4015,997.0,4707.0
bus_4016,994.0,4796.0
bus_4017,988.0,4822.0
bus_4018,1238.0,4650.0
bus_4019,1144.0,4586.0
bus_4020,1231.0,4675.0
bus_4022,1026.0,5446.0
bus_4023,1009.0,5398.0
bus_4024,999.0,5342.0
bus_4025,1099.0,5257.0
bus_4026,1139.0,5605.0
bus_4027,1815.0,3927.0
bus_4028,1817.0,3948.0
bus_4029,1831.0,3910.0
bus_4030,1834.0,3932.0
bus_4031,1889.0,3982.0
bus_4032,1689.0,5293.0
bus_4033,1359.0,3923.0
bus_4034,1355.0,3945.0
bus_4035,1337.0,3954.0
bus_4036,1339.0,3972.0
bus_4037,1343.0,3929.0
bus_4038,1414.0,3995.0
bus_4047,1514.0,5092.0
bus_4048,1577.0,5070.0
bus_4049,1066.0,4843.0
bus_4050,1311.0,5638.0
bus_4051,1050.0,6321.0
bus_4052,2067.0,3999.0
bus_4053,2082.0,3982.0
bus_4054,2094.0,3997.0
bus_4058,2014.0,4004.0
bus_4059,2036.0,3981.0
bus_4061,2023.0,3987.0
bus_4062,2243.0,4056.0
bus_4064,2280.0,4050.0
bus_4065,2289.0,4086.0
bus_4066,2056.0,3268.0
bus_4067,2075.0,3276.0
bus_4071,2207.0,4676.0
bus_4072,3065.0,4413.0
bus_4074,3137.0,3817.0
bus_4078,3126.0,3736.0
bus_4079,3106.0,3750.0
bus_4080,3089.0,3508.0
bus_4081,3065.0,3502.0
bus_4082,3111.0,3394.0
bus_4083,3150.0,3418.0
bus_4084,1526.0,4847.0
bus_4085,1593.0,4860.0
bus_4089,1017.0,5085.0
bus_4094,1915.0,4570.0
bus_4096,3129.0,3389.0
bus_4097,316.0,4939.0
bus_4101,3351.0,4120.0
bus_4103,3091.0,3568.0
bus_4104,1656.0,5014.0
bus_4106,1425.0,5094.0
bus_4107,1264.0,5023.0
bus_4109,1222.0,4855.0
bus_4110,1565.0,4840.0
bus_4111,1019.0,5026.0
bus_4112,2054.0,4074.0
bus_4113,1075.0,4970.0
bus_4114,1431.0,4768.0
bus_4115,1430.0,5057.0
bus_4116,1528.0,5005.0
bus_4117,1914.0,4873.0
bus_4123,1868.0,3792.0
bus_4125,1984.0,4281.0
bus_4126,1464.0,5730.0
bus_4127,1404.0,5776.0
bus_4128,2098.0,4072.0
bus_4131,2215.0,4665.0
bus_4132,1511.0,4444.0
bus_4133,1986.0,3829.0
bus_4135,2093.0,4282.0
bus_4136,2043.0,4281.0
bus_4137,2276.0,4286.0
bus_4138,3103.0,4334.0
bus_4139,3106.0,4347.0
bus_4142,2307.0,4381.0
bus_4143,1752.0,4674.0
bus_4144,1352.0,4854.0
bus_4145,2331.0,4568.0
bus_4147,2373.0,4019.0
bus_4148,2182.0,3875.0
bus_4149,2577.0,4552.0
bus_4150,1776.0,4835.0
bus_4152,3146.0,3397.0
bus_4153,3049.0,3508.0
bus_4154,1675.0,4874.0
bus_4156,697.0,5037.0
bus_4157,557.0,5086.0
bus_4158,562.0,4981.0
bus_4160,369.0,4933.0
bus_4162,125.0,4856.0
bus_4165,770.0,5023.0
bus_4166,210.0,4906.0
bus_4167,836.0,5201.0
bus_4168,764.0,5235.0
bus_4169,886.0,4910.0
bus_4170,950.0,5155.0
bus_4171,1408.0,5313.0
bus_4172,1343.0,5324.0
bus_4174,1497.0,5233.0
bus_4176,1835.0,5444.0
bus_4177,1923.0,5343.0
bus_4178,1910.0,5427.0
bus_4179,1897.0,5484.0
bus_4180,1934.0,5474.0
bus_4182,760.0,5211.0
bus_4183,1406.0,5363.0
bus_4184,1921.0,5236.0
bus_4185,1926.0,5684.0
bus_4188,1308.0,5479.0
bus_4189,1788.0,5178.0
bus_4190,1680.0,5508.0
bus_4192,1929.0,5101.0
bus_4193,1809.0,5297.0
bus_4194,2016.0,4871.0
bus_4195,1445.0,5513.0
bus_4196,1531.0,5651.0
bus_4197,1449.0,5839.0
bus_4198,1358.0,5992.0
bus_4200,1533.0,5369.0
bus_4201,2424.0,4524.0
bus_4202,2447.0,4644.0
bus_4204,2114.0,5003.0
bus_4206,2218.0,5087.0
bus_4207,2331.0,5110.0
bus_4209,2540.0,5023.0
bus_4210,2614.0,4894.0
bus_4211,2552.0,4833.0
bus_4212,2498.0,4747.0
bus_4213,2680.0,4714.0
bus_4215,2829.0,4653.0
bus_4216,3194.0,4175.0
bus_4217,2964.0,4534.0
bus_4218,3161.0,4103.0
bus_4219,3151.0,4012.0
bus_4220,3160.0,3925.0
bus_4221,3137.0,3694.0
bus_4224,3085.0,4379.0
bus_4225,2075.0,2806.0
bus_4226,2049.0,3658.0
bus_4227,1436.0,5252.0
bus_4228,1908.0,5540.0
bus_4229,1915.0,5774.0
bus_4230,1895.0,5840.0
bus_4231,1656.0,3595.0
bus_4232,1584.0,3489.0
bus_4233,1798.0,4440.0
bus_4234,1688.0,4446.0
bus_4235,1602.0,4453.0
bus_4236,1662.0,4285.0
bus_4238,1856.0,4166.0
bus_4240,1661.0,4025.0
bus_4241,1745.0,4194.0
bus_4242,1478.0,5695.0
bus_4243,2088.0,3361.0
bus_4245,2145.0,2865.0
bus_4246,2062.0,3120.0
bus_4248,1673.0,4257.0
bus_4249,2018.0,3185.0
bus_4251,1873.0,2977.0
bus_4252,2093.0,3329.0
bus_4253,2117.0,3363.0
bus_4254,1809.0,2939.0
bus_4255,1891.0,3334.0
bus_4257,1995.0,2759.0
bus_4258,1921.0,2801.0
bus_4260,1931.0,2643.0
bus_4261,2508.0,3382.0
bus_4262,1933.0,3366.0
bus_4265,1891.0,2763.0
bus_4266,1824.0,3652.0
bus_4267,1876.0,3342.0
bus_4268,1869.0,3127.0
bus_4270,1761.0,3538.0
bus_4271,1745.0,3557.0
bus_4272,1743.0,3625.0
bus_4273,1711.0,3528.0
bus_4274,1619.0,3448.0
bus_4275,1767.0,3716.0
bus_4276,1983.0,4112.0
bus_4277,2196.0,4186.0
bus_4278,2122.0,4365.0
bus_4279,1975.0,4229.0
bus_4280,2002.0,4197.0
bus_4285,2274.0,4068.0
bus_4286,2328.0,3929.0
bus_4287,2298.0,3819.0
bus_4289,1871.0,3904.0
bus_4292,1924.0,3589.0
bus_4295,2061.0,4386.0
bus_4296,2174.0,4308.0
bus_4300,2338.0,4094.0
bus_4301,2363.0,3768.0
bus_4302,2421.0,3614.0
bus_4303,2457.0,3431.0
bus_4305,2457.0,3290.0
bus_4307,2165.0,4002.0
bus_4309,2390.0,3754.0
bus_4311,2401.0,3865.0
bus_4312,2472.0,3710.0
bus_4313,2508.0,3557.0
bus_4314,2536.0,3439.0
bus_4317,2414.0,3763.0
bus_4318,2343.0,3856.0
bus_4319,2231.0,4419.0
bus_4320,2113.0,4307.0
bus_4321,2178.0,4536.0
bus_4322,2208.0,4452.0
bus_4323,2132.0,4444.0
bus_4324,2228.0,4565.0
bus_4325,2172.0,4740.0
bus_4326,1991.0,3479.0
bus_4329,2388.0,4617.0
bus_4332,2028.0,2916.0
bus_4334,2299.0,4140.0
bus_4335,2157.0,3541.0
bus_4336,2199.0,5154.0
bus_4337,1618.0,4334.0
bus_4338,2161.0,4662.0
bus_4339,2301.0,3937.0
bus_4340,3050.0,4387.0
bus_4342,2418.0,3718.0
bus_4343,1445.0,4449.0
bus_4344,1507.0,4517.0
bus_4345,483.0,5098.0
bus_4346,398.0,4974.0
bus_4347,225.0,4819.0
bus_4348,57.0,4820.0
bus_4349,1020.0,5126.0
bus_4350,1518.0,6038.0
bus_4356,118.0,4907.0
bus_4357,1078.0,4751.0
bus_4358,1062.0,4808.0
bus_4361,876.0,5168.0
bus_4363,1301.0,4693.0
bus_4364,1324.0,5378.0
bus_4365,1260.0,5410.0
bus_4366,1286.0,5398.0
bus_4367,1095.0,5402.0
bus_4368,1079.0,5362.0
bus_4369,1070.0,5317.0
bus_4371,1737.0,5250.0
bus_4372,1134.0,4846.0
bus_4373,1373.0,5590.0
bus_4374,1389.0,5886.0
bus_4375,1299.0,6041.0
bus_4376,1113.0,6275.0
bus_4377,1751.0,2867.0
bus_4378,1766.0,2839.0
bus_4379,1974.0,2650.0
bus_4380,1984.0,4332.0
bus_4381,2145.0,4271.0
bus_4382,1630.0,4571.0
bus_4383,1480.0,5412.0
bus_4385,2608.0,4953.0
bus_4386,2587.0,4944.0
bus_4387,2664.0,4756.0
bus_4388,2648.0,4714.0
bus_4389,2815.0,4694.0
bus_4390,2800.0,4669.0
bus_4391,2939.0,4557.0
bus_4392,3132.0,4069.0
bus_4393,3116.0,3975.0
bus_4394,3176.0,3883.0
bus_4398,576.0,5062.0
bus_4400,296.0,4936.0
bus_4401,313.0,4913.0
bus_4402,813.0,4873.0
bus_4403,810.0,4914.0
bus_4404,817.0,4894.0
bus_4405,663.0,4808.0
bus_4406,674.0,4795.0
bus_4407,651.0,4821.0
bus_4408,662.0,4857.0
bus_4409,1515.0,3421.0
bus_4410,1978.0,4041.0
bus_4411,1962.0,4053.0
bus_4412,1983.0,4014.0
bus_4413,1965.0,4078.0
bus_4414,1971.0,4024.0
bus_4415,1994.0,4004.0
bus_4416,1624.0,4425.0
bus_4417,1536.0,4423.0
bus_4418,1592.0,4247.0
bus_4419,1489.0,4059.0
bus_4420,1676.0,4155.0
bus_4421,1722.0,3936.0
bus_4422,1591.0,3973.0
bus_4423,1190.0,6205.0
bus_4424,2120.0,2902.0
bus_4425,2139.0,2758.0
bus_4426,2038.0,3017.0
bus_4427,2158.0,3177.0
bus_4428,1986.0,3088.0
bus_4429,2071.0,3224.0
bus_4430,2116.0,3266.0
bus_4431,2080.0,3147.0
bus_4432,1752.0,2848.0
bus_4433,1837.0,3251.0
bus_4434,1960.0,2657.0
bus_4435,1878.0,2701.0
bus_4436,2029.0,2585.0
bus_4437,1894.0,2537.0
bus_4438,1867.0,3521.0
bus_4439,1881.0,3507.0
bus_4440,1843.0,2845.0
bus_4441,1844.0,2662.0
bus_4442,1814.0,3040.0
bus_4443,1740.0,3149.0
bus_4444,1707.0,3452.0
bus_4445,1682.0,3482.0
bus_4446,1676.0,3561.0
bus_4447,1650.0,3449.0
bus_4448,1555.0,3370.0
bus_4449,1584.0,3539.0
bus_4450,1700.0,3663.0
bus_4451,1909.0,4217.0
bus_4452,1941.0,4183.0
bus_4453,1831.0,4060.0
bus_4454,1900.0,3998.0
bus_4455,2269.0,3734.0
bus_4456,1813.0,3836.0
bus_4457,1971.0,4335.0
bus_4458,2013.0,4426.0
bus_4459,2164.0,4344.0
bus_4460,2172.0,4158.0
bus_4461,2046.0,4209.0
bus_4463,2338.0,3681.0
bus_4464,2432.0,3334.0
bus_4465,2450.0,3185.0
bus_4466,2143.0,3921.0
bus_4467,2372.0,3664.0
bus_4468,2606.0,3428.0
bus_4469,2419.0,3809.0
bus_4470,2480.0,3631.0
bus_4471,2493.0,3465.0
bus_4472,2539.0,3334.0
bus_4473,2553.0,3543.0
bus_4474,2404.0,3676.0
bus_4475,2320.0,3775.0
bus_4477,2087.0,4483.0
bus_4478,2136.0,4574.0
bus_4479,2118.0,4707.0
bus_4480,2140.0,4798.0
bus_4481,2205.0,4609.0
bus_4482,2042.0,3281.0
bus_4483,2002.0,2818.0
bus_4484,2148.0,3455.0
bus_4485,1547.0,4300.0
bus_4486,2274.0,3866.0
bus_4487,1988.0,2558.0
bus_4488,2422.0,3638.0
bus_4489,1373.0,4411.0
bus_4490,1434.0,4509.0
bus_4493,660.0,4836.0
bus_4498,3144.0,3849.0
bus_4499,3160.0,3844.0
bus_4500,1634.0,5561.0
bus_5000,5935.0,721.0
bus_5004,5068.0,959.0
bus_5005,5015.0,963.0
bus_5006,5132.0,968.0
bus_5008,5325.0,1091.0
bus_5010,5104.0,1114.0
bus_5012,5694.0,1146.0
bus_5016,4639.0,1275.0
bus_5017,4911.0,1307.0
bus_5018,4918.0,1292.0
bus_5019,5586.0,301.0
bus_5020,5512.0,413.0
bus_5021,5458.0,387.0
bus_5022,5357.0,433.0
bus_5023,5339.0,441.0
bus_5026,5375.0,446.0
bus_5028,4493.0,460.0
bus_5030,5369.0,315.0
bus_5031,4688.0,430.0
bus_5032,4658.0,443.0
bus_5033,4667.0,433.0
bus_5035,4808.0,990.0
bus_5036,4817.0,977.0
bus_5037,5102.0,795.0
bus_5039,4968.0,959.0
bus_5040,4941.0,1025.0
bus_5041,5007.0,958.0
bus_5043,6062.0,906.0
bus_5044,6050.0,962.0
bus_5045,6103.0,924.0
bus_5046,5919.0,712.0
bus_5047,5895.0,710.0
bus_5050,4823.0,925.0
bus_5052,4580.0,791.0
bus_5053,4869.0,970.0
bus_5054,4700.0,919.0
bus_5055,4642.0,787.0
bus_5058,5642.0,1163.0
bus_5059,5819.0,1062.0
bus_5060,5754.0,1079.0
bus_5061,5648.0,1118.0
bus_5062,5747.0,1109.0
bus_5063,5492.0,1160.0
bus_5064,5750.0,1142.0
bus_5065,5559.0,1137.0
bus_5066,5544.0,1124.0
bus_5067,5508.0,1112.0
bus_5068,4441.0,838.0
bus_5069,4553.0,874.0
bus_5070,4836.0,1338.0
bus_5071,4947.0,1353.0
bus_5072,4877.0,1341.0
bus_5073,5507.0,942.0
bus_5074,5430.0,943.0
bus_5075,5661.0,884.0
bus_5077,5473.0,408.0
bus_5080,5291.0,558.0
bus_5083,5339.0,366.0
bus_5086,5519.0,342.0
bus_5087,5197.0,321.0
bus_5089,5204.0,633.0
bus_5090,4956.0,408.0
bus_5091,5053.0,375.0
bus_5092,5055.0,455.0
bus_5095,5169.0,572.0
bus_5096,4714.0,214.0
bus_5097,5413.0,551.0
bus_5098,5120.0,433.0
bus_5099,5437.0,516.0
bus_5100,5309.0,545.0
bus_5101,4773.0,261.0
bus_5102,4848.0,302.0
bus_5103,4854.0,317.0
bus_5104,4803.0,241.0
bus_5106,4773.0,202.0
bus_5109,4679.0,50.0
bus_5111,5181.0,521.0
bus_5113,4888.0,1008.0
bus_5114,5133.0,833.0
bus_5116,5251.0,714.0
bus_5118,5170.0,882.0
bus_5119,5131.0,1024.0
bus_5120,5114.0,1002.0
bus_5121,5191.0,807.0
bus_5122,4565.0,958.0
bus_5123,5345.0,986.0
bus_5125,5666.0,1076.0
bus_5127,4766.0,1320.0
bus_5128,5961.0,1004.0
bus_5130,5196.0,750.0
bus_5131,5309.0,566.0
bus_5132,5135.0,496.0
bus_5133,5108.0,453.0
bus_5134,5334.0,526.0
bus_5136,4709.0,114.0
bus_5137,5783.0,824.0
bus_5139,5070.0,1006.0
bus_5140,5034.0,1007.0
bus_5141,5118.0,1011.0
bus_5143,5066.0,1058.0
bus_5144,5280.0,1137.0
bus_5147,5137.0,1160.0
bus_5149,5213.0,1175.0
bus_5150,4962.0,1326.0
bus_5155,4872.0,667.0
bus_5159,4672.0,543.0
bus_5161,4736.0,476.0
bus_5162,4863.0,539.0
bus_5163,5104.0,700.0
bus_5168,5029.0,822.0
bus_5169,5109.0,1016.0
bus_5170,5089.0,1167.0
bus_5172,5560.0,1084.0
bus_5173,4359.0,809.0
bus_5174,5219.0,287.0
bus_5175,5200.0,281.0
bus_5176,5185.0,265.0
bus_5177,5039.0,409.0
bus_5178,5126.0,532.0
bus_5179,4820.0,898.0
bus_5180,4524.0,756.0
bus_5181,4501.0,762.0
bus_5182,4627.0,887.0
bus_5183,4593.0,755.0
bus_5184,4623.0,752.0
bus_5185,5866.0,1024.0
bus_5186,5789.0,1037.0
bus_5187,5690.0,1085.0
bus_5188,5807.0,1081.0
bus_5189,5817.0,1122.0
bus_5190,5589.0,1104.0
bus_5191,5512.0,1070.0
bus_5192,4780.0,1306.0
bus_5193,5448.0,899.0
bus_5195,5383.0,436.0
bus_5196,5346.0,312.0
bus_5197,5543.0,288.0
bus_5198,5164.0,601.0
bus_5199,5189.0,592.0
bus_5200,4892.0,368.0
bus_5201,4908.0,361.0
bus_5202,4999.0,273.0
bus_5203,5018.0,275.0
bus_5204,5476.0,521.0
bus_5205,5107.0,383.0
bus_5206,5504.0,484.0
bus_5207,5483.0,475.0
bus_5208,4701.0,223.0
bus_5209,4735.0,212.0
bus_5210,4770.0,185.0
bus_5211,4720.0,140.0
bus_5212,4651.0,0.0
bus_5213,5219.0,489.0
bus_5214,5180.0,350.0
bus_5215,4769.0,993.0
bus_5216,5174.0,843.0
bus_5217,4471.0,940.0
bus_5218,5350.0,944.0
bus_5219,6023.0,950.0
bus_5220,4685.0,975.0
bus_5221,5189.0,709.0
bus_5222,4604.0,9.0
bus_5223,5349.0,485.0
bus_5224,4987.0,417.0
bus_5225,5002.0,413.0
bus_5226,5012.0,406.0
bus_5229,5176.0,1101.0
bus_5230,5073.0,1140.0
bus_5231,4806.0,632.0
bus_5233,4827.0,624.0
bus_5234,4635.0,591.0
bus_5235,4495.0,548.0
bus_5236,4481.0,559.0
bus_5237,5021.0,327.0
bus_5238,4973.0,386.0
bus_5240,5183.0,763.0
bus_5241,5220.0,265.0
bus_N1,4965.0,7673.0
bus_N2,5559.0,8864.0
bus_N4,4857.0,6573.0
bus_Q6,3150.0,11476.0
bus_Q7,3455.0,10027.0
bus_Q8,3976.0,9619.0
bus_Q9,3754.0,11068.0
bus_S2,1924.0,4883.0
bus_S4,1996.0,3839.0
bus_S7,1274.0,5033.0
bus_S8,1232.0,4865.0
bus_S9,1232.0,4865.0
bus_T1,4972.0,1336.0
bus_T2,5319.0,576.0
bus_T3,5076.0,1068.0
bus_V1,5075.0,3250.0
sb_1090_1091_1523_9,4772.0,7177.0
sb_1092_1093_1525_1,4761.0,6927.0
sb_1092_1093_1526_2,4761.0,6927.0
sb_1097_1098_1161_2,4847.0,6563.0
sb_1097_1098_1162_1,4847.0,6563.0
sb_1099_1100_1532_10,4883.0,7038.0
sb_1099_1100_1533_9,4883.0,7038.0
sb_1106_1167_1536_3,5021.0,4541.0
sb_1106_1167_1537_4,5021.0,4541.0
sb_1118_1038_1039_1,5358.0,5113.0
sb_1118_1040_1041_2,5358.0,5113.0
sb_1118_1042_1043_3,5358.0,5113.0
sb_1121_1123_1634_6,4773.0,6782.0
sb_1121_1123_1635_7,4773.0,6782.0
sb_1148_1073_1074_1,5427.0,5180.0
sb_1148_1075_1076_2,5427.0,5180.0
sb_1148_1077_1078_3,5427.0,5180.0
sb_1148_1079_1080_4,5427.0,5180.0
sb_1273_1572_1573_1,6178.0,8998.0
sb_1273_1572_1573_2,6178.0,8998.0
sb_1296_1504_1505_2,4687.0,5563.0
sb_1296_1504_1506_1,4687.0,5563.0
sb_1428_1501_1539_1,4214.0,6510.0
sb_1428_1501_1540_2,4214.0,6510.0
sb_1430_1502_1542_1,4301.0,7581.0
sb_1430_1502_1543_2,4301.0,7581.0
sb_1587_1328_1067_1,5739.0,4323.0
sb_1588_1327_1068_2,5268.0,4291.0
sb_1616_1027_1618_1,6873.0,9559.0
sb_1617_1027_1619_2,6887.0,9520.0
sb_2077_2205_2346_2,3649.0,3386.0
sb_2077_2205_2347_1,3649.0,3386.0
sb_2077_2205_2349_3,3649.0,3386.0
sb_2145_2243_2306_1,4384.0,3227.0
sb_2145_2243_2306_2,4384.0,3227.0
sb_2145_2243_2306_3,4384.0,3227.0
sb_2162_2271_2315_5,4295.0,3508.0
sb_2191_2018_2019_6,4783.0,4781.0
sb_2191_2020_2021_7,4788.0,4781.0
sb_2191_2023_2024_1,4793.0,4781.0
sb_2191_2025_2026_2,4798.0,4781.0
sb_2191_2027_2028_3,4803.0,4781.0
sb_2191_2029_2030_4,4808.0,4781.0
sb_2191_2031_2022_5,4813.0,4781.0
sb_2195_2293_2332_1,4771.0,4426.0
sb_2195_2293_2332_2,4771.0,4426.0
sb_2200_2196_2304_3,3781.0,3712.0
sb_2200_2196_2305_2,3781.0,3712.0
sb_3134_3135_3136_1,3052.0,9141.0
sb_3134_3135_3136_2,3052.0,9141.0
sb_3177_3179_3178_1,2809.0,9055.0
sb_3177_3179_3178_2,2809.0,9055.0
sb_3226_3227_3228_1,3028.0,10092.0
sb_3226_3227_3228_2,3028.0,10092.0
sb_3231_3644_3645_1,2994.0,9901.0
sb_3231_3644_3645_2,2994.0,9901.0
sb_3266_3154_3155_1,4602.0,10751.0
sb_3302_3304_3303_1,4124.0,9772.0
sb_3302_3304_3303_2,4124.0,9772.0
sb_3302_3304_3303_3,4124.0,9772.0
sb_3333_3335_3336_2,4032.0,9688.0
sb_3333_3336_3335_1,4032.0,9688.0
sb_3333_3336_3335_3,4032.0,9688.0
sb_3358_3360_3361_1,2526.0,10171.0
sb_3359_3360_3361_2,2539.0,10176.0
sb_3359_3360_3361_3,2539.0,10176.0
sb_3362_3364_3363_1,4041.0,9811.0
sb_3362_3364_3363_2,4041.0,9811.0
sb_3371_3372_3373_1,2562.0,10119.0
sb_3371_3372_3373_2,2562.0,10119.0
sb_3379_3380_3381_3,3620.0,9361.0
sb_3413_3415_3414_1,3871.0,9628.0
sb_3413_3415_3414_2,3871.0,9628.0
sb_3483_3558_3484_3,3236.0,12402.0
sb_3483_3558_3485_2,3236.0,12402.0
sb_3486_3561_3487_1,2847.0,13278.0
sb_3486_3561_3488_2,2847.0,13278.0
sb_3486_3561_3489_3,2847.0,13278.0
sb_3492_3565_3494_2,3605.0,12080.0
sb_3492_3565_3495_1,3605.0,12080.0
sb_3516_3584_3517_1,2322.0,13417.0
sb_3628_3455_3453_1,2195.0,13466.0
sb_3629_3454_3456_2,2185.0,13541.0
sb_3633_3514_3513_4,2911.0,9176.0
sb_4031_4028_4027_2,1889.0,3982.0
sb_4031_4030_4029_1,1889.0,3982.0
sb_4038_4034_4033_3,1414.0,3995.0
sb_4038_4035_4036_2,1414.0,3995.0
sb_4104_4039_4040_1,1656.0,5014.0
sb_4104_4041_4042_2,1656.0,5014.0
sb_4104_4043_4044_3,1656.0,5014.0
sb_4104_4045_4046_4,1656.0,5014.0
sb_4109_4357_4358_1,1222.0,4855.0
sb_4160_4097_4400_2,369.0,4933.0
sb_4160_4097_4401_1,369.0,4933.0
sb_4166_4356_4491_3,210.0,4906.0
sb_4166_4356_4492_4,210.0,4906.0
sb_4186_4230_4494_1,1907.0,5794.0
sb_4187_4230_4495_2,1897.0,5799.0
sb_4218_4392_4496_1,3161.0,4103.0
sb_4220_4074_4498_3,3160.0,3925.0
sb_4220_4074_4499_5,3160.0,3925.0
sb_4220_4394_4497_1,3160.0,3925.0
sb_4254_4377_4432_1,1809.0,2939.0
sb_4257_4379_4434_1,1995.0,2759.0
sb_4257_4379_4434_2,1995.0,2759.0
sb_4257_4379_4434_3,1995.0,2759.0
sb_5087_5175_5176_3,5197.0,321.0
sb_5088_5175_5241_4,5215.0,322.0
sb_5090_5200_5201_5,4956.0,408.0
sb_5090_5200_5201_6,4956.0,408.0
sb_5093_5202_5203_1,5016.0,310.0
sb_5094_5202_5203_2,5031.0,307.0
