ind,va,vm
100,-0.09191208773590066,1.0314790898078303
1000,-0.5407260198587027,0.9990688283559092
10001,-0.015155665091292863,1.0337996256499764
10002,-0.17085199822308134,1.1000000106507635
10003,-0.16164573784707334,1.0721813549713721
10004,0.02234519181495983,1.0794767756340231
10005,0.025835833003954135,1.091946285678051
10006,0.044847585068210793,1.0152374511491544
10007,0.04048179643250169,1.0128264904181437
10008,0.4364657326741944,1.062107268762042
10009,0.43681097291064347,1.0626750666983205
1001,-0.26470045234332246,1.008323293799027
10010,0.4767743280936486,1.0504961208096544
10011,0.4844934306877568,1.0491581779229648
10012,0.4825228473803446,1.0492834908361166
10013,-0.08031057613135584,1.1000000107835641
10014,-0.0715676879161329,1.1000000107927934
10015,0.44753895315997605,1.059125316134564
10016,0.44443366626865183,1.058472259659727
10017,0.45059691368416527,1.0603190663610238
10018,0.4586880557307018,1.0618657535976206
10019,-0.14098075475310118,1.0178926654066491
10020,-0.14185166357436385,1.017847602208358
10021,-0.0035001585238867493,1.0007564568479692
10022,-0.0025237033579189314,1.0003705139672452
10023,-0.23559360760681639,1.0462685959384799
10024,-0.2334197655175868,1.046751161445664
10025,-0.20341603937408914,0.9372203636318072
10026,-0.2029465968992417,0.9373036077386497
10027,0.6167475526151177,0.9987450343354085
10028,0.5408899614391846,0.9947491006965179
10029,-0.18504235342116035,0.9959641774706678
1003,-0.31477072465423683,0.985313244180682
10031,0.9592250688905342,1.0320161427100492
10032,0.9595362004635102,1.032083901855132
10033,0.9580613417406039,1.0317056996379164
10034,0.8584509496167776,1.0422585995550162
10035,0.8610172794072029,1.0404830089970394
10036,0.8619874684777658,1.040920862752572
10037,0.8248670912779337,0.9843508905790047
10039,0.5656369059629422,1.0602538265955637
1004,-0.5909294005432781,0.9908156059379564
10040,0.5508503149662646,1.0567386616741359
10042,0.5548694428083645,1.0579797164038969
10043,0.553341378095208,1.0576326637823101
10045,0.5355372694817668,1.0138580971316864
10046,0.5344103306070624,1.0127014655344366
10047,1.0183484818749107,1.0542283680009752
10048,1.0189001920315632,1.0543664057773707
10049,-0.6173286410514174,0.9951394056231102
1005,-0.5903141728215328,0.9908487169469143
10050,-0.6120046949088234,0.9965792898445023
10051,-0.5897282247130191,1.0122310325335733
10052,-0.5785015409789936,1.01549985698892
10053,-0.5652816419646592,1.0098360992295374
10054,-0.5597883952641122,1.0113997086087396
10055,-0.5209805308109071,1.003843065831277
10056,-0.529091667202107,1.0003101736945417
10057,-0.40339376302552393,1.0072464558998186
10058,-0.5994683533644973,1.0088977069159357
10059,-0.6050510912272761,1.0062400864825305
1006,-0.5985811066719808,0.9868235255548906
10060,-0.6066568461904419,1.0055417231041792
10061,-0.6178270746772841,1.0030138684411578
10062,-0.6261960025157648,0.9998210727989587
10063,-0.6374772787182237,0.9962464210264875
10064,-0.596966305244084,0.9969551046028106
10065,-0.6001082657675578,0.9957036214301089
10066,-0.5879349032889443,0.9995734367598229
10067,-0.605192407464611,1.007110924245533
10068,-0.6157474147223378,1.0025588854079255
10069,-0.6053677319941523,1.000772284422781
1007,-0.659965450298289,0.9666676065547232
10070,-0.6094198103263792,1.000590175907002
10071,-0.5684088413906025,1.012717882428743
10072,-0.6195706215310219,1.000196375358732
10073,-0.6264245021470016,0.9976834578119005
10074,-0.12216199732026155,1.0422083146364383
10075,-0.12094067122409465,1.0419394773028292
10076,-0.19515654685437533,0.996525636494258
10077,-0.11549302675404018,1.0187382555119684
10078,-0.1209926165102838,1.0164345977741778
10079,-0.1341483033945956,0.9967424629677506
1008,-0.4409067371191402,1.041802552786006
10080,-0.1373040462419648,1.0087146754953529
10081,-0.15163499084449816,1.0265947046577193
10082,-0.10406530594461387,1.0120836735464824
10083,-0.11319087553017648,1.015260646014247
10084,-0.6152043156567243,0.9916057747924963
10085,1.3476220922825202,1.0332862784457235
10086,1.3476220924371876,1.033286280632121
10087,1.2326164721001875,1.0123176485191199
10088,1.2326164722815618,1.0123176508196199
1009,-0.46955955446990044,1.0338702506578121
10093,1.6319921349266737,1.0484979927526157
10094,1.505806551919248,1.0240254304908833
10095,1.5057261633474575,1.024351407214206
10096,1.484687796885935,0.9935613206759251
10097,1.4839741789823504,0.9934066565507762
10098,1.289973460335189,0.9920022106334179
10099,1.292743983763589,0.9927814183200233
101,0.43646276174020054,1.0621023807924002
1010,-0.21354103635094904,1.002162081514605
10100,1.043147146062732,0.9966191631700044
10101,1.2020340352804424,1.0050244695074957
10102,1.2053736467789595,1.0051596481087839
10103,1.131142443097046,1.0045659412571823
10104,1.1834987165695754,0.9793144498754768
10105,1.1810503413011078,0.9808933140875417
10106,1.1808697223155886,0.9808051426309156
10107,1.1809344976466167,0.9808398889378529
10108,-0.31159671606847644,1.0025788627658725
10109,-0.31711361403266536,1.0042708795226358
1011,-0.41899587217977385,1.0182902469085402
10110,-0.3287793628490003,1.0067620220764901
10111,-0.32972106506530524,1.0065260691676379
10112,-0.36914872054169284,1.0119411303177073
10113,-0.36926962938135854,1.011926770594971
10114,-0.18269161591489058,1.0938113305089872
10115,0.04664502935187048,1.0000000017701574
10116,0.18429972607338446,1.1000000097480254
10117,1.5281960757657962,1.0421564664411165
10118,1.2706745311015255,1.0503630074770258
10119,1.6339827106161284,1.0611957025894252
1012,-0.4301540825563377,1.0154583355295428
10120,1.6463972451597177,1.0253585240018492
10121,1.6268630820531371,1.0819312678960464
10122,-0.6280688659236023,1.0258219058674545
10123,-0.25866102625148213,1.0165536218223996
10124,-0.3019366145141052,1.03150077207264
10125,0.9022453626371899,0.9958317750139246
10126,0.08061416468074967,0.9231506908790184
10127,0.0,1.0999999976197556
10128,0.0,1.0999999947370533
10129,0.0,1.0015207079096824
1013,-0.4463615473755157,1.0109789273521446
1015,-0.535290542536309,1.0100775040767818
1016,-0.5662858656291885,1.0148984365576015
1019,-0.30890680712146,0.980543382913423
102,-0.22887799281760465,0.9541651886924939
1020,-0.29274082175864935,0.9907734593285176
1021,-0.41001306183112807,1.027914035536323
1022,-0.4622315749528757,1.0139949754443571
1025,-0.36547700391589955,0.9999999935443061
1026,0.023293224182762463,1.057124851142827
103,0.12285785230968997,1.0048844970433324
1031,-0.08970017044594399,1.0180039110984658
1033,-0.1328650901763286,1.0009699329446367
1034,-0.5534227969035814,1.0215719391088196
1035,-0.5948683928104368,1.0244776006162506
1036,0.008132822951940597,1.0465909156814157
1037,0.015783632332302996,1.0541642165205984
1039,0.002608278476817764,0.9999578405397169
104,-0.11032902107403664,1.0031563704341155
1040,-0.045426368400908385,1.011199356382477
1041,-0.07997333696227454,1.0000753765462895
1042,-0.29446413663928644,1.0156612266846397
1043,-0.32810361444987546,1.0006912798413319
1044,-0.5449529045359058,1.0134719765179554
1045,-0.5869373815751868,1.007020479084719
1046,-0.04354836342287525,1.0212438829947281
1048,-0.17901680533239964,0.9994729036767714
105,-0.23984976855163145,1.0361279456587793
1050,-0.21189698355914108,0.9999989815161194
1052,-0.2274633842056959,0.9997886416486313
1053,-0.2121224624926587,0.9773223518002894
1054,-0.21167251445771193,0.9765673136260483
1055,-0.18469076943961804,1.0154998320431934
1056,-0.22391774981431228,1.0043462880384684
1057,-0.1903610911138847,0.9679689557206252
1058,-0.535057154904461,1.0102452598372509
106,-0.2255209928450378,0.9589451655982817
1060,-0.25435549958470216,1.0248518745438537
1061,-0.3042654392072439,1.0028214821193429
1062,-0.2572006693227812,1.0034272493763599
1063,-0.22334471801181666,0.9783898469802392
1064,-0.22340100875954616,0.978463818206475
1065,-0.23070729873101423,1.00534926311383
1066,-0.2702089548487049,0.9919039074238665
1067,-0.12103807872433958,1.013219973319901
1068,-0.2412773437383872,0.9985697075750968
1069,-0.2770608796867968,0.9876555982290652
107,-0.2058553512423547,1.0325238020988832
1071,-0.2552868450856264,0.9876732964300116
1072,-0.19461393879930144,1.0096890068450088
1073,-0.19474484878332643,1.0093926809814973
1074,-0.25758663616645533,1.0122095278650427
1075,-0.2579805887583912,1.0117629437012559
1078,-0.253619057324347,0.9862138341376487
1079,-0.29027286847025713,1.0008370387764387
108,0.5284362427702101,1.0485349289755552
1080,-0.2225850867199053,0.9815382721718661
1083,-0.2825649815277311,1.0056970853243574
1084,-0.31518799157441413,0.9964579160297017
1085,-0.4659773531024454,1.0131129722780798
1086,-0.4457355494539918,1.0257174944699194
1087,-0.5002436781846721,1.0084797397714238
1088,-0.08817963281883835,1.0307713609070168
1089,-0.12051605651893116,0.9999742386388539
109,-0.011443620852241706,1.0258522881368586
1090,-0.1866640250151947,1.0403938460082345
1092,-0.20821450502196298,1.038607367497154
1093,-0.1644727209274597,1.0290986342293718
1094,-0.21126918630389252,1.0141631939058506
1095,-0.202458753783065,1.0061784234432356
1096,-0.20965880073496768,0.9919024694023164
1097,-0.230976374391162,1.0000279294984875
1098,-0.5300123406702016,1.0078936486257977
1099,-0.17897325169713507,1.0299527911493385
110,0.064968057970406,0.9192950697685442
1100,-0.19243647690590412,0.9998863333078504
1102,-0.1989973261012821,1.0720572418592618
1103,-0.1989973202181148,1.000000247123594
1104,-0.3074665344017033,0.9787195850843953
1105,-0.5367906968304402,1.029029691279212
1106,-0.6477176023340386,0.972949481312852
1107,-0.6464507249932623,0.9634877822307976
1108,-0.5189447667838547,1.006258886819629
111,-0.1344870378933554,0.9583149167496587
1110,-0.20810951663443675,0.9873744918598522
1111,-0.4208794422062445,0.9882946354788155
1112,-0.4751367434274704,0.9654627786488152
1113,-0.49804852461600485,1.0214612025365777
1114,-0.5531758443627427,1.002312359970103
1115,-0.538522138872889,1.0189324475039687
1116,-0.550311202394267,1.020814016331492
1117,-0.7626148280884432,0.9633302306748085
1118,-0.7751866298697982,0.9437741206863379
1119,-0.524857937078858,0.9774310289676074
112,-0.2269684959304939,0.9902969581079802
1122,-0.21598422061575176,0.9835691852870483
1123,-0.21583295756174375,0.9833758803039048
1124,-0.2614842503374974,1.0065032949863908
1125,-0.20073063122696025,1.0080964653172506
1126,-0.20082233336240582,1.008045476518036
1127,-0.2543188739378706,0.9889263612001555
1129,-0.2510750248360804,0.9993419055714504
113,0.45238118578506853,1.0519522886589718
1130,-0.25900276589880666,0.9486083817552741
1131,-0.13967383397531682,1.0047134313592763
1132,-0.1046773067639808,1.0116945071513541
1133,-0.10462935355421253,1.0115941050123984
1134,-0.05284026961526835,1.0339839232854893
1136,-0.22521497031699994,1.0000572222537063
1137,-0.18825867005762925,1.001190329185983
1138,-0.337484232958117,0.996788428678181
1139,-0.2858510763955182,0.9824185097303891
114,0.013778752058283541,1.0807621274848471
1140,-0.3172221733618508,1.0293725409602397
1141,-0.19266437458455887,1.0501601577002897
1142,-0.13306443389005687,1.0526574026694497
1143,-0.20082873067384693,1.030872161473623
1144,-0.21023784878580856,1.033997597783418
1145,-0.5714946247802689,1.014773305052115
1147,-0.21606762192099438,1.0237392512947063
1149,-0.17461318388939154,1.015057547681585
115,-0.16256563543073166,1.0036551962160019
1150,-0.17860859163091258,1.0211662233176348
1151,-0.21765732730791487,1.031752185460699
1152,-0.25574621028753713,1.024095242125694
1153,-0.2627119887201053,1.018152914266004
1154,-0.13479770704347024,1.002655322428559
1155,-0.44150566541151764,1.0454349886238916
1156,-0.5006357840893775,1.0184151472195857
1158,-0.12832499751561655,1.000000000420181
1159,-0.5453508548196059,1.0265259666670787
116,-0.022073046977609766,1.0414541351007551
1160,-0.6971981347351768,0.9857238238113811
1161,-0.6933315390646779,0.9863969495169101
1162,-0.20596221616090335,1.0071897523488003
1165,-0.2576723389992316,1.0034726306324029
1166,-0.22487907991179087,1.01078268380512
1168,-0.24628969969129733,1.0000339062378614
1169,-0.42737857113263367,1.0288201154379069
117,-0.08160442166309628,1.1000000108814645
1170,-0.45240524266516435,1.025694740086684
1171,-0.22869845746530781,1.0040978852579938
1173,-0.23673641883236202,1.0021680443678391
1174,-0.4847409031928767,1.0193678296460218
1175,-0.5338644854893713,1.0068453460704867
1176,-0.2114842585077082,0.9988817578940282
1177,-0.21115283654485953,1.0003322209039605
1178,-0.18092950035450137,1.0256855868123393
118,-0.0629718041508013,0.909043480810537
1180,-0.22671253483044176,0.9794491034602159
1181,-0.22673104742142047,0.9795434573694708
1182,-0.2716110815856989,0.9703532307411284
1183,-0.16978432607818206,1.0239760606018848
1184,-0.17019831504851562,0.9999047741434699
1185,-0.5357754214647429,1.0218443075544554
1186,-0.5352523582564443,1.021704660645042
1187,-0.5349713848608246,1.0222596133704998
1188,-0.5973844798457166,1.0049227316962122
119,0.0848051446529647,1.0864866433429967
1191,-0.22546770069813737,0.9828003147356796
1193,-0.21496401465062084,0.989651765230553
1195,-0.27863503040244003,1.0156250855380822
1196,-0.2758133575246855,1.017003578223778
1197,-0.2891986843126508,0.949610494583711
12,-0.0039247314908181195,0.9828409542048203
120,0.05221928244751418,0.9165528790119662
1202,-0.29824638468395254,0.9790634138344333
1203,-0.37586806222891833,0.9448183922192104
1204,-0.5221103499873323,1.0196117457684561
1205,-0.22289637381612118,1.0012538054493971
1206,-0.2231162137186501,0.9984385714970796
1207,-0.27352363618848724,0.9667441965799465
1208,-0.527746007774085,1.0202969071832209
1209,-0.636072604333917,0.9955213855892215
121,-0.3306446420304056,0.9917187779239133
1210,-0.638205219768277,0.9904541928108943
1211,-0.5510452556104527,1.0175516495077237
1212,-0.5896142006822304,1.002455288495231
1213,-0.4890004046012083,1.0176428839213905
1214,-0.1783935818888286,1.0021438212026688
1215,-0.3499167205275796,1.0463264035289574
1218,-0.2888035298417014,1.0183505898436507
1219,-0.6051174331547925,1.0032399146477022
122,-0.3294859343867385,0.9916466324380036
1220,-0.6050549165841244,1.0032721126141224
1221,-0.6279100296027718,0.9977875662648124
1222,-0.23603971537934407,1.0034697339380703
1223,-0.13538503070600438,1.056562900318523
1224,-0.16195127091061082,1.054061557561462
1225,-0.18944078754878735,1.0388755874449596
1227,-0.15999687757626666,0.9915441507878161
1229,-0.15806453549859378,1.002700773764501
123,-0.32520446503446304,0.9926722940020719
1230,-0.1266316974562202,1.0071815089962675
1233,-0.31548820888944307,0.9661451388748941
1239,-0.3031577252067357,1.0039051145012858
124,-0.3288142951737504,0.9928494315938927
1240,-0.1881664901606357,1.0425667770603013
1241,-0.199764322936225,0.9678504664342304
1242,-0.22334324553463503,0.9470707903660415
1243,-0.4248366778040162,1.0090054145269411
1244,-0.22274084878038508,1.0089731096696173
1245,-0.2179829976835825,1.0146540978222778
1246,-0.21851107523746194,1.014642633422713
1249,-0.2939388034838734,0.9874346584128948
1250,-0.26548181838059204,1.0019294369624678
1251,-0.6355379117385209,1.0094646839326917
1252,-0.15139914514313474,1.0066877265723564
1253,0.00039612546169229664,0.9936609305225772
1254,-0.040030572992225524,1.0076726545415249
1255,-0.04656210765754083,1.023809934496433
1256,-0.2633502317062768,0.9987150079560686
1257,-0.2099113668117275,1.0154807319624684
1258,-0.43382328928133124,1.006060687660471
1259,-0.450147965692521,0.9997507865539704
126,0.08195290123987164,0.9139264886518652
1260,-0.4587744690013204,0.9949924045031738
1262,-0.5167176474376153,1.0038832403887772
1263,-0.2603487150250668,1.003975678055337
1264,-0.28602611581035575,0.9827658778754816
1265,-0.20900669951599993,1.027008538636706
1266,-0.5245745718970003,0.9988826242021789
1267,-0.526270901232354,0.9998541202788355
1268,-0.5236183889466144,1.002072084094426
127,-0.20230536512284988,0.9563830128610765
1271,-0.20741928766255738,0.9731493858013776
1274,-0.37083607599606583,1.0000000012198114
1276,-0.19252404941137227,1.0050472273059017
1278,-0.5277232494246757,1.0005186824299397
128,-0.24302922481789957,0.9371280596262083
1280,-0.5723296368023115,1.0220106663287818
1281,-0.6999698855417721,0.9685151410742415
1282,-0.6618516485613013,0.9818259015038556
1283,-0.2662988921042687,0.9989596990955669
1284,-0.5619156717675293,1.0183967041243998
1285,-0.5619003235160686,1.018302674652691
1286,-0.7134508516210853,0.9518089784868488
1287,-0.7321316002826345,0.9383994951333753
1288,-0.2742584872816937,0.9966003499489012
1289,-0.5634369741106353,1.0138003757673584
129,0.8342868759631814,1.0623552211855267
1290,-0.5770072038383468,0.9960737005873865
1292,-0.5676249798452868,1.0007853887346105
1293,-0.5705221494131206,0.9991213697013626
1294,-0.6010460610335507,0.987008767803979
1297,-0.5589484956218451,1.0164975949071928
1298,-0.6288638496338081,1.0041890475593391
13,0.250993067185925,1.0452187361367702
130,0.13071965903614977,1.0155301986735792
1300,-0.5589752432480033,1.0141728914583363
1301,-0.6212803048391328,0.9875990696708786
1302,-0.5513482642889446,1.0232027190700999
1303,-0.5520151324649358,1.0234456674950103
1304,-0.6066244631332761,1.0075535213689963
1305,-0.6708318805495086,0.9737138609343564
1306,-0.6871018091164516,0.9985424489435373
1307,-0.19996593986332567,1.008646374407784
1309,-0.2867081586850515,0.9747025789278467
131,-0.22148004440591537,0.9362116367603802
1310,-0.17116489254699624,1.0070478394631246
1312,-0.548340938130379,1.01152060920974
1313,-0.831088425698864,0.9488167190278083
1314,-0.8394979512278726,0.9447642511231588
1316,-0.5692088218236012,1.0217497070542245
1317,-0.6539334251964382,1.0108425676456196
1318,-0.5669333770043009,1.0112911706207446
1319,-0.6301784292073437,1.0001863429008357
132,0.40223704081486533,1.0163930809016213
1320,-0.36268392910399133,0.9946847017357155
1321,-0.38465649195874535,0.9873673907092676
1322,-0.5567318533535344,1.0317463104709552
1325,-0.7079636962842332,1.0011238861234342
1329,-0.6519246980868802,1.0070262474079048
133,-0.22020369195236758,1.024627058076969
1331,-0.6055086778233824,1.00893082428935
1332,-0.568572975472777,1.0134912938585068
1333,-0.6457247746554908,1.0060185664847383
1334,-0.6236645869892284,1.0052370826136352
1335,-0.5645660873063331,1.0276902149165545
1337,-0.5485339872994932,1.011367832295946
1338,-0.6965164343551813,0.9749778026610354
1339,-0.7631587201692613,0.961432059968179
1341,-0.7543587181677954,0.954220803239305
1342,-0.7135309913627598,0.9674539176761736
1343,-0.5851183523003893,1.0276679887186235
1345,-0.8031624514967768,1.002871174489948
1347,-0.6053465696287355,1.003096688073476
1348,-0.6403046653071948,1.004089002716221
135,-0.07150262094993107,0.9981238803107161
1350,-0.6977776903111357,0.9792677493554203
1351,-0.7419265637423818,0.9972287367729343
1353,-0.2563886489637552,0.999052370705517
1354,-0.2646358385209421,1.0022008841211767
1355,-0.5536737482528261,1.018589829345189
1357,-0.6284218587523196,0.9847087527186648
1358,-0.6313278281233617,0.9827769884049063
1359,-0.6040233288293251,1.0034837679100403
1360,-0.6597881236020124,0.9861142765250808
1362,-0.5757179265412214,1.0132778314377306
1363,-0.536060753002691,1.0297752588758917
1364,-0.6443758383102289,0.9912647756767065
1365,-0.6341024096128467,1.0116196884866218
1366,-0.639207895441794,1.0237475192175014
1367,-0.4912780847947683,1.018291582761457
1369,-0.5592947617770008,0.989333957599486
1371,-0.6076867179779899,1.0015386309264316
1372,-0.5351164675556244,1.019984480114224
1373,-0.6207767038070181,1.0016612795001874
1374,-0.5624409227118148,1.0178527380304032
1375,-0.6567129832189613,0.987113596493986
1376,-0.6694749597808365,0.9815668303327676
1377,-0.6381166283532106,0.9865227986626882
1378,-0.2562365621782981,0.9996125147792282
1379,-0.573620801229285,1.0209737952809388
138,0.043542797792446165,0.9363913109720828
1380,-0.6059937014691784,0.9975982177716362
1381,-0.546096737594857,1.0269208817682498
1382,-0.5457181061999352,1.027086101444492
1384,-0.1502830314092141,0.9940463032333583
1386,-0.7150493918250359,0.952979609154099
1387,-0.6944532303650792,0.9625761948010143
1388,-0.5572503334183585,1.0286074897155995
1389,-0.5574520435541093,1.0286586520415764
139,0.04558042771180556,0.906291250961097
1390,-0.5672524846340589,1.0241107248295345
1391,-0.7623213948190243,0.9441440091643466
1392,-0.7554837762332114,0.9613645597197712
1394,-0.1949365237203589,1.0000750790980275
1395,-0.1941262211838108,1.0000694067646005
1396,-0.292215959318749,1.000104132320997
1397,-0.2927603284640471,0.9756002384696587
1398,-0.19266868140295887,1.0001953371273686
1399,-0.1956285709348725,1.0001800071148002
14,0.2514610471132007,1.047189242979434
140,-0.13738078517013186,0.9006022730957919
1400,-0.3631736160436454,1.0000841226421389
1401,-0.36330235824014895,1.0000000016425337
1402,-0.3641171664460088,1.0001034782615437
1403,-0.3642933512666349,1.0001072843560819
1404,-0.3788247859537354,0.9963134999240496
1407,0.09133754742648294,1.0000000033620375
1408,0.0902785873169517,1.0000000035482248
1409,-0.047421652948946055,1.0263148395105592
141,0.43963307660181705,1.056968377215274
1410,-0.0506890215256601,1.022502886128029
1411,-0.3316642134943817,1.0316588966551123
1412,-0.3321945835092492,1.0316443834704392
1413,-0.33200211674561747,1.0316507094206937
1414,-0.32663515670907606,1.000000006386185
1415,-0.3186690499059204,1.0286534503119187
1416,-0.31917363931780535,1.028495606208691
1418,-0.5595105274942136,1.0208160558781705
1419,0.09564098831380037,1.061235381954321
142,-0.03862244674942712,0.9101593969161744
1420,0.09577126717440057,1.0613451234497506
1421,-0.3585340868801197,1.0000462816914732
1423,-0.5757179217023557,1.0132776873369036
1425,-0.06936024443356319,1.0036447259573154
1426,-0.07420620802386842,1.0033076292338927
1428,-0.21285536262137802,0.9858215352160596
1429,-0.04353829707918724,0.9964509002751948
143,-0.2082232410503683,0.9510060172011111
1430,-0.043584826164163766,0.9965097373145311
1431,-0.04171333492525404,0.9963711807648311
1432,-0.04305986381647317,0.9961890016747711
1433,-0.0628774335211808,0.9978143460315076
1437,-0.22002799174211926,1.0000194537676186
1438,-0.301594628891508,0.9866760647304847
1439,-0.28278035759835357,1.0155174472508786
144,0.4419350409816996,1.0500323001454
1441,-0.29923757518202454,0.986274178867469
1442,-0.47535382663014547,1.0145865785842505
1444,-0.5189076122517352,1.0301995434867213
1445,-0.5445150192730285,1.0310793756250185
1446,-0.5925856604915138,1.0146884232875115
1448,-0.564244697443392,1.0221472623863137
1449,-0.44049785796781354,1.0435148102174805
145,-0.09085715618061993,1.095294534997885
1450,-0.34853173640261637,1.0461429885278337
1451,-0.3253508795819989,0.9547885507641836
1452,-0.5593027436367133,0.9989514734599775
1453,-0.5322725364357666,1.0119742132066363
1456,-0.07589660780068432,1.0351925074425394
1457,-0.12596217239319493,1.042764263713072
146,0.05613384663219387,0.9080096311696711
1460,-0.19806285566908996,0.9947676887393122
1464,-0.18233007251832248,1.082497820808843
1467,-0.176341636138845,0.9992652354628478
147,0.20576823100932734,1.0628953026986774
1470,-0.5303521232467175,1.0243777922835333
1471,-0.36809666296508575,1.0418259542131398
1472,-0.36845197005521646,1.0415549896949674
1474,-0.370575752994617,1.0041541507936669
1478,-0.5494933909861847,1.0237514645662922
1479,-0.5945056017199759,1.0159174853900166
148,-0.1076392292703363,1.0713683158340048
1480,-0.5316584492671361,1.0188723578632604
149,-0.015377112634807944,1.0749372026805823
1490,-0.15152539192452924,1.0256117711704174
1491,-0.15062276961229532,0.978091958855597
1492,-0.11980870935448384,1.0060380284326476
1493,-0.504129020096538,1.0220467855190125
1494,-0.57152240072764,1.0239468177718698
1499,-0.31843921504908773,1.02869554030489
15,0.22904011432487795,1.0480337894464062
150,-0.037487343733760795,1.1000000107034538
1500,-0.3185994973963802,1.0000006787739582
1501,-0.3183452127554476,1.0288000739262708
1502,-0.2116244428063576,0.9921611756820371
1503,-0.2079786969161624,1.017887515159563
1505,-0.4129654025779268,1.0402176494939592
1507,-0.48698549705123234,1.0218770203866803
1508,-0.3667225055429255,1.0203333241217847
1509,-0.5073910614212709,1.0060744894003741
151,0.16030613099848476,1.0792530922541912
1512,-0.5104419774639881,1.0064406818302776
1513,-0.5199984577414473,1.003630139483865
1514,-0.37611712141614256,1.0366739269985301
1515,-0.5202350410903237,1.0118722422948607
1516,-0.461933935364705,1.0420291440578136
1518,-0.465837162430947,1.035419121366471
1519,-0.46965184131519133,1.0331822832182898
152,-0.03875238707686962,1.0095768639704967
1520,-0.41425881723646196,1.0471674816553702
1522,-0.3196450872777144,1.0475051885962627
1523,-0.18692770939366518,1.0244850811473913
1527,-0.21576415776792937,0.9971110903519006
1529,-0.48668840354409293,1.043828929533472
1530,-0.05334979555883585,1.0580253191718463
1531,-0.08179305846383053,1.0346686286031537
1533,-0.4172979971101048,1.0491920127577663
1534,-0.10817775499983624,1.021926711048972
1536,-0.0778644338253237,1.0093709343810324
1538,-0.10781093544471765,1.0537034686157745
154,0.0231873157574941,0.9719159166381584
1540,-0.48044995100381066,1.02957332820478
1541,-0.3507812001689544,1.0429719939782631
1542,-0.07196691816584729,1.055395250668992
1543,-0.47305907888530113,1.0315808886082265
1545,-0.45989066960697966,1.0341460012178338
1546,0.1010038351378757,1.0677928581018103
1555,-0.45359836203189635,1.0367054761565848
1556,-0.3897273407380412,1.03699991063236
1557,-0.15144877698417825,1.0405149071811732
1558,-0.0418026378810195,1.00002330424469
1559,-0.043418090562361594,1.0000342567395408
156,-0.31140457033023833,0.978415218331239
1560,-0.038189661867825735,1.0000184251102127
1561,-0.04258358286155812,1.000028126429697
1562,-0.4194378999548004,1.0438485797096224
1564,-0.046574668139342,1.003864419055925
1566,-0.41242098638210506,1.0461690101647
1568,-0.43694918293244955,1.0431709346387759
1569,-0.17546660851895085,1.0230661622850152
157,-0.12990712484423703,1.0204597301267884
1570,-0.17699326055227446,1.0224210765604935
1571,-0.20594519326224045,1.0024918465974209
1574,-0.4214698067039724,1.0437897770555435
1577,-0.1729505672503091,1.0268513800400019
1578,-0.4244686702703157,1.0434142428004867
1579,-0.3944030986300027,1.0450572245363643
1580,-0.35151647950189163,1.0323027233544215
1582,-0.3265734256269492,1.0317804272433313
1584,-0.1290720681548935,1.0389843731585744
1585,-0.32247705127956233,1.0284524693109627
1586,-0.32251541251691357,1.0283958946107021
1587,-0.46630137279230527,1.011581389312442
1588,-0.4106212637678943,1.020756111186565
1589,-0.37174326344972664,1.029173917931493
159,-0.1530352701732764,1.019397961528772
1590,-0.4829663032577021,1.0088085393677104
1591,-0.5168536878014789,1.0033989697386072
1596,-0.5456577039565345,1.0140650137158134
1597,-0.33742082859760086,1.0421632436098667
1598,-0.2992229685460253,0.9860289779951193
1599,-0.1707395166511501,0.9740075613463534
16,-0.09929840884392226,1.01796329776267
160,0.46660010223503673,1.0452688257282592
1601,-0.14368569956361293,1.025060255528095
1602,-0.14326557711122268,1.024964026641424
1606,-0.5296625921432506,1.0334904903770552
1607,-0.43162640571851835,1.0325307459466473
1608,-0.5742670547437003,1.0082114512730294
161,0.4083378365114071,1.0374745778832866
1613,-0.030919764563921974,1.0569215986019695
1615,-0.26156441787842205,1.0013722959376767
1616,-0.220451586189879,0.9813633747553313
1617,-0.6105783506358899,0.9737950273078189
1618,-0.6113235716605198,0.9663459153463085
162,-0.31144803439148555,0.9755593970109283
1620,-0.6060100134787566,0.9920489258571661
1621,-0.3017789331659194,1.021822147289644
1623,-0.20710189381191774,1.0139333548177802
1624,-0.22556589669456312,1.0190844857924315
1625,-0.18511158105427533,1.0086189519770274
1628,-0.19115995786379908,1.0000410318221622
1629,-0.19154548231013008,1.0000160751630023
1632,-0.20910934228501685,1.0339739898084022
1633,1.4941919393700824,1.0319078073025265
1634,1.248343355297264,1.0134607493508558
1635,1.6142613888468098,1.048165703361934
1636,1.5881715094179354,0.9698611194537098
1637,1.5078589473796793,1.0339753480945444
1640,1.5581113213312583,1.0105646088204523
1641,1.536750952533831,1.0091896392844357
1642,1.5347247638347066,1.0070511608934287
1643,1.6729898546872342,0.9754147334579839
1644,1.6446218510218642,1.029812035239867
1645,1.646154514292041,1.018000127799622
1646,1.6616151929682512,1.0105311799319245
1647,1.6461545092355943,1.0180001540520751
1648,1.6461545092355943,1.018000154313732
1649,1.644621846797646,1.0298120570609115
165,0.4929035885503159,1.0313045828638092
1650,1.644621846797646,1.029812056797698
1651,1.501941579313739,1.0396447093501047
1652,1.5911008231912374,1.027104651367968
1653,1.4827004106407737,1.0324542773770167
1654,1.6096832117711175,1.0408638574794193
1655,1.6681216201059288,1.0130474592468541
1656,1.6689021411923963,1.0288027775938486
1657,1.5920843701125988,1.040364573883752
1658,1.5157776360885624,1.0340693497146594
1659,1.3476220906214091,1.0332862780543806
166,-0.15499936165953646,1.0070757536470798
1660,1.347622090644115,1.0332862780618859
1661,1.3476220907136298,1.0332862802430218
1662,1.3476220907985037,1.0332862802703275
1663,1.347622092975035,1.033286288207097
1664,1.2824175370655222,0.9763731451502611
1665,1.232616470255446,1.0123176491771426
1666,1.2326164704049227,1.0123176491267813
1667,1.23261647044488,1.012317651480833
1668,1.2326164704921583,1.0123176514648131
1669,1.2450064656109778,1.0391784722792674
1670,1.232616472740463,1.012317656636313
1679,1.6543102970851735,1.0054910554069212
1680,1.631941241732384,1.0075613780630903
1681,1.66056772989372,1.0316335871411142
1682,1.6172617307957722,1.0012948896459781
1683,1.5249018667096197,1.0008789752315213
1684,1.2708114199921563,1.026620278865848
1685,1.2709622005328551,1.0266187216614993
1686,1.274280020053909,1.0267561861092886
1690,1.2694606888132263,1.0239088525715163
1691,1.2693407857240162,1.0238300734976304
1692,1.2696373219902708,1.024070116753652
1693,1.268566867168595,1.0244522594439425
1694,1.2682485354810975,1.0242137229515451
1695,1.2685504182037832,1.0243332711656628
1696,1.2009431344086103,1.0000071917542288
1697,1.1978087487470932,0.9914244303444628
1698,1.2938925673405057,1.0192002127881299
1699,1.074656864674656,1.014907265801715
17,-0.09858460256433095,1.0172766405399016
170,0.01575514163065395,1.056223430183974
1701,1.216458716640862,1.0050550108964593
1705,1.2601686782397334,0.99694900730573
1706,1.3859842807071676,1.0023909889407137
1707,1.2143125968336363,0.9997392390780058
1708,1.2540049239019855,1.0007967373671354
1709,1.2981246896196137,1.0009861573956877
171,-0.2648430776384259,1.0121053916121812
1710,1.3009070194152919,1.0007156320594328
1711,1.6751997706254649,1.0091304073389604
1712,1.6583332900275445,1.0072114908640006
1713,1.6280922925472743,1.0579064026336333
1715,1.2977535900348496,1.0310852861636044
1717,1.2608212181960845,0.9994673764041477
1718,1.5047864778045135,1.0254652788716367
172,-0.13112886188540815,1.088266764384248
1720,1.0468252916570226,1.0615413948135886
1722,1.2143125943647863,0.9997392635297009
1723,1.587453547277697,1.0390131892243766
1724,1.6096832085896633,1.0408639437820957
1725,1.6351306616064336,1.0520901925834143
1726,1.6307754729691986,1.0509380497746836
1727,1.4489919349765366,1.033513717721612
1728,1.6175722682102072,1.0425497430076884
1729,1.2719936710548774,1.0261920483121239
1730,1.3977703869251374,0.993127454682405
1731,1.457512724317185,1.0342895051879724
1732,1.5282283841071997,1.0361445718099247
1733,1.46662625756077,1.0338161206431322
1734,1.5281960757657962,1.0421564662056637
174,0.0848051456847881,1.086486594070868
1740,1.2087358528247267,0.993629705647228
1742,1.2842747701790433,1.0280068204946122
1743,1.481986249623531,1.011847538541808
1744,1.4728939468895192,1.0075417590308653
1745,1.2742800202994944,1.0267562026185113
1747,1.3033903670746128,1.0399058681920634
1748,1.239728412896349,0.997382007303733
1749,1.2664997101597646,1.0277910262208767
175,0.007822078664364117,0.9986218364443991
1751,1.2741072873389114,1.030935809862753
1752,1.2728193463433426,1.03122571379084
1753,1.27599186390646,1.032197744018069
1754,1.147606732549355,1.0628786847516838
1755,1.14371808854526,1.063321730779266
1758,1.2770217555776493,1.03196796931151
1759,1.309463063514825,1.0293343532555645
176,-0.014709420922646141,0.9856532635441851
1761,1.2882446117358592,1.0357097858250233
1763,1.2661180890184758,1.0170835504760196
1764,1.273276151452224,1.0264916313559527
1765,1.2324198404611408,1.0468606582776243
1766,1.3345452464009824,1.0283959618608736
1768,1.2620826536942054,0.9989569534965392
1769,1.2156744344973862,0.998408574526914
177,-0.24839219765556989,0.9874522718788382
1770,1.5976294464177758,1.045695465309852
1771,1.5747870924170282,1.020527367900904
1772,1.5669336808163525,1.0096888153962973
1773,1.5288548560065107,1.021262370961406
1775,1.5081738014732673,1.0318612432476046
1777,1.5241796338412918,1.0008005106369888
178,-0.30717271676029306,0.9059224500345012
1780,1.5786020161572583,1.0234037525894335
1781,1.5097920197596364,1.0016534170964366
1782,1.632895039612508,1.0531069637305577
1783,1.6329680399220798,1.0521342086213332
1784,1.3213657383919721,0.9852585538609967
1785,1.6302319331650168,1.057425644607073
1786,1.4913652249795515,1.0230484257541104
1787,1.4888385247315292,1.0238952440097486
1789,1.4752658533060266,1.0294023428126782
179,-0.28422043383681767,1.0161824699775948
1791,1.4746274994922741,1.0336334708337047
1792,1.4702350590647126,1.0344484265490383
1793,1.4433423270851047,1.0274051713263304
1794,1.4148454648076565,1.0189519674535519
1795,1.4093674254366853,1.0170805925299344
1797,1.6409918602961284,1.0418384059308796
1798,1.4863850847814064,1.0297049886621836
1799,1.478866245595218,1.037065094436566
18,0.04168987366023234,0.9106017283241786
1800,1.330780268651476,1.0029792723323523
1803,1.4937595281236988,1.0319043118472013
1804,1.3243658289780997,1.0021786553587428
1805,1.4636219970825786,1.0243082780049766
1807,1.3214127721132058,1.0034278278785833
1808,1.3359985984224167,1.0032830826651236
1809,1.2929925994567133,1.0121349013407919
1810,1.5180383915690627,1.0199281056488294
1811,1.487795449641869,1.0159937187846741
1812,1.4931200255550692,1.0129017116888266
1813,1.5068265430021348,1.0063203720336942
1815,1.4671683298245448,1.0255994410900913
1816,1.2576474556970214,1.0262753339606934
1817,1.2461359972385568,1.0201350090879213
1819,1.2722107162873129,1.0096146396117245
182,-0.2928830362654141,0.9731870867844461
1821,1.2552970569875064,1.0053646675457277
1822,1.238173234451098,1.0029359217222857
1824,1.2264998502985567,1.0023784614317515
1825,1.2157895474033091,1.0044594494990655
1826,1.2183367167973052,1.0054222099057433
1827,1.230761884190205,1.0114894950127482
1828,1.2047701641992392,1.0246928739120456
183,-0.3012035401303401,1.005564264805335
1830,1.1178323527908591,1.0086175253962326
1831,1.075793255114183,1.0183711461400005
1832,1.0798537445600533,1.0091572696714475
1833,1.0769696545505287,1.0065031098354131
1834,1.0887474318544266,0.9980541564041477
1835,1.149097717329073,1.0103814007125267
1836,1.1709374704312863,1.0086044783066306
1839,1.074656864761461,1.014907316308381
184,-0.29831326916466067,1.008376189835543
1840,1.1810146299840214,0.9800576989288579
1841,1.2096040373484638,0.9973368486795147
1842,1.4656161703694608,1.0352943321126862
1843,1.3937525970036124,1.0098572753278225
1844,1.2943808349332018,0.9933846904389589
1845,1.2872125034410513,0.9906806776493057
1846,1.2064976053534817,0.9999163587890398
1847,1.2041019197450114,0.9982468463856645
1848,1.254588704009075,1.0163377637755122
1849,1.2491542888453464,1.0113449844783557
185,-0.0029067387309270817,1.0211675177059802
1850,1.2430026802183474,1.0045569525595663
1851,1.2356043444863025,1.01085977702407
1853,1.2332710657056503,1.0104177100488174
1855,1.228836063576823,1.0093220968056098
1856,1.228142867112704,1.0060266208426087
1857,1.4494720056204806,1.012696526016014
1858,1.2030332951987694,0.9941939910337092
186,-0.005000566983614199,0.9945774240314978
1860,1.1797476663969717,0.9784901783289324
1861,1.1905585152179032,0.9864119587440203
1863,1.2269730034450876,1.0039110197872605
1864,1.194596162709385,0.9867625576016502
1866,1.1911457307852054,0.9842146426999433
1867,1.2017607877322163,0.9918991983000677
1868,1.2000154227063187,0.9875720267744873
1869,1.1893853465049156,0.9834185635038247
1870,1.1868813437591113,0.9834569009601364
1872,1.1826925357613933,0.9816046399960173
1873,1.1818271631463073,0.9813659696529043
1875,1.1766797833013165,0.9824292440779738
1876,1.2455357510449676,1.0002240235037885
188,-0.17139791714066102,0.9598090290297692
1880,1.1789241662915182,0.9813602975502508
1881,1.21822425452114,1.0054041278878123
1882,1.1939403786226777,0.98773877227008
1883,1.1887395485036352,0.9848715994503187
1885,1.2163625955464739,1.0033935819340294
1886,1.2154740768415564,1.0020588339571108
1887,1.2144432885730498,1.0034058620010378
1888,1.214227242526022,1.002981501207901
1889,1.2052044191360378,0.9988616342675466
189,-0.07105553999871665,0.9279779140578382
1890,1.2122005698462388,1.0032759563122835
1891,1.2200092026334428,1.0183027225853045
1892,1.2628508892270778,1.020182922487583
1893,1.1994553190730621,1.0175795524762887
1894,1.2044769729113383,1.0167693958788828
1895,1.2024574725106345,1.0170517348412407
19,0.04215506980925325,0.9108519380588919
1900,1.2608817559347452,1.0176812911889583
1901,1.2558865218776267,1.010790449597965
1902,1.2523380077548667,1.0040470767353373
1904,1.2127660200229187,1.0084261393245133
1905,1.2030131158677275,0.9927206792395675
1907,1.1985663011824115,1.0169285438170268
1908,1.2003988950083375,1.018356627596147
191,-0.28034715375980607,0.9992576362465301
1912,1.2709063705915826,1.0163345231479068
1913,1.2609375003266983,1.0068133561348016
1914,1.2530741441741289,1.0038309857805416
1915,1.2468129811036488,1.0002414221251252
1917,1.2441487878573665,0.9973685411226781
1919,1.3238653651575218,1.02565316429609
192,0.38791639997498395,1.100000010866763
1921,1.2574012127849836,1.0068094763881887
1923,1.2588986920560237,1.0084215891908561
1924,1.2539057270123941,1.0051669099740153
1925,1.2476051384788873,1.0010484523309762
1926,1.2454910195349704,0.9998496906639015
1929,1.2573303051418923,1.0065928366018835
193,-0.1352489517069281,1.084196191253266
1930,1.2629307382806305,1.0097496119548106
1931,1.29587990709425,1.0239228868588706
1932,1.3162676162411746,1.0261677908267821
1933,1.2999139644273536,1.01848714353284
1934,1.2949478017294882,1.024047483588625
1935,1.306196438664576,1.020773658870713
1936,1.2935091565624677,1.0200843048256467
1937,1.29461587646762,1.0175531856341598
1938,1.2095872783719512,0.9974623789740414
194,0.03458328633899632,0.8999999900293529
1941,1.257655887642992,1.0249629571373422
1943,1.1853249663133616,0.9830293925590686
1945,1.203449580946347,1.0230476512361302
1946,1.2078602640594627,0.9970343284980956
1947,1.219171856185591,0.997732821433028
1948,1.232656839676655,1.0039043687850189
1949,1.297827181710915,1.0181546352885573
1950,1.273206050780234,1.0126953884590761
1951,1.062501904958365,1.0108602083015628
1953,1.2544364768205707,1.0049703416980247
1954,1.241605708949002,0.9933580625532541
1955,1.2482582539822753,0.9969765410786343
1956,1.566114202565344,1.0205164815316774
1957,1.4905308849863623,1.0135630626418228
1958,1.507858945469451,1.0339753639842597
1959,1.5535510930063838,0.9847921117474425
196,-0.028290009580497724,0.9760311384587039
1960,1.6042790691061752,1.055691461215632
1961,1.5319742891931003,1.01013022726788
1967,1.4825997874774597,0.99256713859296
1968,1.646154509235594,1.0180001679064772
1969,1.6446218467976454,1.0298120710085807
197,0.17698210765117683,1.0114533476196537
1972,1.6299564818422339,1.057632195482068
1974,1.4827004091549332,1.0324542886835977
1975,1.4400136002816595,1.007067858489788
1976,1.4133527238432009,0.9883592873967669
1977,1.4118028857994804,0.988807963398741
1978,1.6096832097375389,1.0408638739441927
1979,1.6434486252718912,1.0219568974847486
198,-0.16386785552375427,1.0839347718656827
1980,1.6433413470972307,1.0317729935081879
1982,1.2950268760805248,0.9878851464666093
1983,1.6507059822684857,1.030548482963844
1984,1.5983620012446327,0.9990155499670085
1985,1.487642293143087,1.0133523706351655
1986,1.4990417354792063,0.9998964928067137
1987,1.5219778288034238,1.0008672549385043
1988,1.1820445669859077,0.9779276529413139
1989,1.14773799065238,0.9617805427169637
199,0.13774144656373588,0.9918255437910981
1990,1.1807391103630407,0.9806758976373419
1991,1.188292348749106,1.026202751906717
1992,1.1877103231359656,1.0143826706523837
1993,1.256849886631867,1.0043545309634043
1994,1.4589404006342876,1.0216362277271445
1996,1.1675907612968857,0.980150579748259
1997,1.1696421513189617,0.9825010052552926
1998,1.169667077408223,1.013227153634926
1999,1.1683407995221635,1.0139818599356856
20,0.00944429205553951,1.0003438678637329
200,-0.060527950196685235,0.9824067024033899
2000,1.0771078497580482,0.9881273552951125
2001,1.08015121514238,0.9913144436025186
2002,1.0472492642048952,0.9942604292571121
2003,1.040536419500823,0.9956683453695699
2004,1.036827209677031,0.9770732963846236
2005,1.127119956690968,1.0030273096498024
2009,1.5020353871889534,0.9581137844421171
201,0.10441758464882488,1.0037325011064018
2011,1.5071135425482631,0.9955723782578724
2012,1.506931974873886,0.9973304936210492
2013,1.2392638133683387,0.971851970570352
2014,1.2265156163268895,0.9690384268445625
2015,1.284209408795643,0.9849617171286761
2016,1.2738390841791312,0.9748209133407173
2017,1.2430883439662648,0.9564075620696431
2018,1.2670039730456235,0.9752809374942593
2019,1.2405528908912367,0.9540096029295385
202,0.07159519108915985,1.0061758077835015
2020,1.1512210505061862,0.9744431170759893
2021,1.3442175729408408,1.0357276333117251
2022,1.344649429170764,1.035153519252035
2023,1.3439811510649111,1.0357829073633582
2024,1.3442472373518013,1.0351515033373697
2025,1.3465331566315684,1.0342604548535892
2026,1.3475173009864854,1.0352954103815355
2027,1.209256573746564,0.9928876619043362
2028,1.1511926276062878,0.9690855169497785
2029,1.218347828773961,1.0045700589691005
2030,1.1776840129892399,0.9918575380413223
2031,1.1643064709385242,0.9887442529603098
2032,1.1993173714305272,1.0129700441206155
2033,1.12244889264583,0.978518395926109
2034,1.5170331050595505,1.004843811805649
2035,1.1067854191716755,0.9479505232873484
2036,1.1109293001537028,0.9470943701868326
2037,1.154687027474282,0.977730904125199
2038,1.1950057188132892,0.9824777930543378
2039,1.1713516804060509,1.0047511657068111
204,0.6873381927316278,1.015730048178826
2040,1.1113534311630247,0.9394624140520617
2041,1.1329522765063444,0.9454022045578511
2042,1.2001068017671679,0.9962513351832429
2043,1.1826382740998884,0.9791472003738158
2044,1.1355375746056477,0.9596156213171837
2045,1.1809531873052457,0.9808467620636289
2046,1.0721310124485752,0.9355335741136008
2047,1.1262655172028497,0.9541050106296368
2048,1.0651157224025263,0.917253949676954
2049,1.088480571206077,0.9284961532901302
205,-0.32148671601998063,0.9859175716501264
2050,1.1710545318591978,0.9758125209358631
2051,1.0713869325791974,0.9463524686332341
2052,1.1205877242700666,0.9445078957116834
2053,1.0963351682648588,0.9528032217868789
2054,1.0806988857253441,0.9427889621716102
2055,1.1785512354690537,0.9900930454137022
2056,1.1801701248708967,0.9868295719845966
2057,1.1490472995073033,0.9615491893131807
2058,1.1306241192765283,0.9614909310176902
2059,1.1702530585914737,0.9904297891202918
2060,1.18983164995949,0.9902302058644024
2061,1.1047870092719123,0.9475177994543655
2062,1.1202019130616125,0.9798713339756344
2063,1.1113412514603318,0.9784363434232376
2064,1.1879977022690273,1.0076529916689791
2065,1.174646406473316,0.9937545159704431
2066,1.1694491364027875,0.9610232949078317
2067,1.133986400557303,0.9779805620885071
2068,1.0825273289273636,0.919831245143225
2069,1.1182785122899508,0.9799716228967589
2070,1.0505689630864905,0.9631892241569247
2071,1.0741954171890506,0.9785603570777728
2072,1.0120556720007583,0.9699439637068236
2074,1.1584314327055683,0.965759932161188
2075,1.1722454940301106,0.966226469803705
2076,1.1853688519259094,0.9730834047426781
2077,1.307438120322455,1.0176372838396106
2078,1.2025281041954554,0.9784815272895674
2079,1.1767232652786488,0.968614647903079
208,-0.3029538570291883,0.9706893897523663
2080,1.2227487708524765,0.9812785497930947
2081,1.2283553747939158,0.9934995519399537
2082,1.1466086540321965,0.9562181986450733
2083,1.1869468264320489,0.9689890500762537
2084,1.0958785025259195,0.9302463654757842
2085,1.2353564081334805,1.000278487043884
2086,1.2255080246944248,0.9985260690525806
2088,1.231131223807145,0.9916456222735988
2089,1.2420819155689318,0.9837759417124788
2090,1.2786350491400769,1.021078532190485
2091,1.2650962493724867,1.0056885588212412
2092,1.286997526309628,1.017615616219059
2093,1.2012360931402832,1.0029534219915925
2094,1.1231097685828437,0.9548676281920206
2095,1.1583751482234823,0.9845026182686879
2096,1.1391434185904419,0.9616136633223618
2097,1.2098204902466123,0.9926850117616544
2098,1.12869950156864,0.9537806853069718
2099,1.2105525853802097,0.9869764121471337
21,0.009013772151049083,1.0003638335315486
210,0.7399030868102675,0.9810328475137164
2100,1.2183333939805583,0.9766830037068821
2101,1.1741802830536479,0.9592930057409197
2104,1.2509024479216375,0.9929472674909735
2109,1.202034035287353,1.005024469458823
211,-0.5738233999223494,1.0188311888483028
2110,1.205373646785886,1.005159648054358
2111,1.4542398156833152,1.0195691947475212
2112,-0.5057337378715079,1.0028662696178796
2114,-0.20202904808305286,1.0082045073118913
2115,-0.20395561929848316,1.0091306522346644
2116,-0.11203804898485166,1.0095253050375332
2117,-0.3106608801928775,1.0184647222754046
2118,-0.33253908643628516,1.0379719289609883
2119,-0.36917107580502173,1.0153712231885588
212,-0.30032181147245146,0.9745030063189508
2123,-0.6689605354025019,0.999999996182648
2124,-0.643450358403185,1.0018283374512937
2125,-0.6396385362820788,1.003265494175286
2126,-0.21766769084844226,1.00132977038242
2127,-0.1659329814850963,1.0115238777870073
2128,-0.16301524563004752,1.011100474679262
2129,-0.17819783004438755,1.0092277993469316
2130,-0.17671173843303792,1.0092418126087548
2131,-0.17847393339215384,1.0093153505057302
2132,-0.2850493612559876,1.017815394894547
2133,-0.16834072290315225,1.013857033625816
2134,0.001804280720278487,1.0415827097866863
2135,-0.004492311379487694,1.0407661477771257
2136,-4.468923660354477e-34,1.0438549045515344
2138,-0.4334265151787588,1.0163251550227819
2139,-0.4332138238422738,1.017692013134871
214,-0.31163566943251403,0.9796467595644103
2140,-0.30776293061990423,1.0215401851494876
2142,-0.35042588655550305,1.0274042711068534
2143,-0.35892398668580655,1.0282797413348022
2144,-0.351178671309635,1.0271779746810161
2146,-0.29298354989515546,1.0186859207159198
2147,-0.1573352591289016,1.007173485789089
2148,-0.061223583841999746,1.007341270613304
2149,-0.5057337329999396,1.0028661728787969
215,0.8292312166393732,0.9909025276872138
2150,-0.5057337332246629,1.0028661771836915
2153,-0.33655844617534975,1.0138172157940843
2155,-0.3387640462267583,1.0143617117466726
2156,-0.33468137978275253,1.0160572191350612
2157,-0.3471288940845471,1.008453065088743
2158,-0.33816391855521055,1.0122130680192938
216,-0.24628637443079904,1.0531923371491032
2161,-0.45288152229725254,1.0062318868685487
2162,-0.36549023124324476,1.0208511669383542
2163,-0.39421617428366357,1.0134831982155332
2164,-0.44919763402642343,1.0103776025819617
2165,-0.45022535210734077,1.009559048701434
2166,-0.4610333705231353,1.00242546017613
2167,-0.4553158147060115,1.0056261714445718
2168,-0.4715713011776331,0.9958210658432575
2169,-0.4687375610041277,0.9981284478915634
217,-0.27243259102909456,1.0125932560161366
2170,-0.46618692838083425,0.9986617885351543
2171,-0.37474419772170087,0.9898931485139756
2172,-0.36147591298763565,0.9993045684613443
2173,-0.6689605347474917,1.0010521367141678
2174,-0.671077037651561,1.0002433085485805
2175,-0.6747560082682181,0.9986144407480402
2176,-0.5051089937795687,1.0002370725528003
2177,-0.5056145243709179,0.9997479646557287
2178,-0.5054217650019469,1.0016389371207306
218,0.12423010309282864,0.9991588260664656
2180,-0.24374256666138577,1.0189921947258942
2183,-0.2736085073645044,1.0151925377357995
2186,-0.27411132175473946,1.0098402731893057
2189,-0.24394441762267668,1.0191858880395908
219,-0.11579628926238232,0.9986137875824921
2190,-0.30703670642130176,1.0046337134160714
2192,-0.32477694114334305,1.0085535621929864
2193,-0.32401300720863474,1.0078505854364503
2194,-0.3258075563304074,1.0073350907384298
2195,-0.32862055293183356,1.0078147376111244
2198,-0.3249467968199893,1.009249582086718
2199,-0.3378994682826292,1.0016420334615557
22,0.12435603365117083,0.9956940388868807
2200,-0.28241921356035043,1.0164075852617034
2201,-0.3270122842974224,1.0088038359472726
2202,-0.33363418460576366,1.0045801425023004
2203,-0.3285771698087699,1.0084190575109488
2204,-0.33080118496747835,1.0041123017136273
2205,-0.3300650154061023,1.004196698145022
2206,-0.3301427394763766,1.0047064150643712
2207,-0.3332759492607307,1.0011174408380992
2209,-0.3356604716123059,0.9989656566524306
221,-0.2425448436835697,1.0551179149399794
2210,-0.3376138913761455,0.997233961498894
2212,-0.32912322985579173,1.0074864668568493
2214,-0.49641385031159835,1.0020612167529601
2215,-0.4245253984284372,1.012507101560647
2217,-0.30472813627366985,1.0111475889943213
2219,-0.43675556924256914,1.0094389238441708
222,0.432394177087772,1.0566204416082843
2220,-0.4984503018005874,1.0008491975120117
2221,-0.5574703094434794,0.9882742928559337
2222,-0.4528391678410465,0.9996114245682732
2223,-0.4976251366538688,1.0019189410140157
2224,-0.5005226394877704,1.000635234797174
2226,-0.44975134569322506,1.00989698588684
2228,-0.6692063105333463,1.001074488983137
2229,-0.29298355681030885,1.018686122588874
223,-0.273379481009765,1.0108972513407333
2231,-0.46205991411846276,0.9955826908013352
2232,-0.2820229953997924,1.016459457591299
2233,-0.32654302984044287,1.0088826776430657
2234,-0.34853796009824106,1.0069187583373844
2235,-0.3035533565818202,1.0146492799847118
2237,-0.3371908116439812,0.9974950654741311
2238,-0.505733741988008,1.0028663895675054
2239,-0.2877683704095231,1.0251325855338838
2240,-0.28778082334516114,1.0252434379730309
2241,-0.2966765440431194,1.0263204660055747
2243,-0.30979138428540504,1.02736954457735
2244,-0.42921960437330936,1.0151304360002182
2247,-0.44485152426833974,1.012486324377987
2249,-0.4516620988839932,1.0114054243190425
225,-0.29679373050590874,0.9738947172591984
2250,-0.6396385358653537,1.0032655311702305
2255,-0.43206444229450386,1.011300021411999
2259,-0.3915546581928072,1.0116913818242965
2261,-0.11980566205598912,1.0319340294485537
2262,-0.3076467305381003,1.012532205051787
2263,-0.3807445799017947,1.017459610161307
2268,-0.4374452165546528,1.014718667538102
2269,-0.47015473521984064,1.015654559755601
227,-0.299723423249365,1.004105591430522
2270,-0.5302891953412641,1.008177226172884
2272,-0.4690341326017619,0.9984855585652255
2273,-0.4118352108125584,0.9777599474769716
2274,-0.3480875387595562,0.9750397684105239
2275,-0.32942115165848346,0.9949965812593231
2276,-0.31476978339390194,1.001036912171613
2277,-0.3749973058217104,0.9910817552729165
2278,-0.3520905244141089,1.00748012707814
2279,-0.40616001537182417,0.9644033770294075
2280,-0.3438501737399982,1.0146756361356637
2281,-0.33876403211592554,1.0143614727826158
2282,-0.350156390339186,1.0074055969917841
2283,-0.37171532333789015,0.9975851801911702
2284,-0.3392622495120338,1.01292656119246
2285,-0.39689105284131765,1.0074161943099866
2286,-0.4163566774112518,1.0041239990304933
2287,-0.49595690679990184,1.000179976912284
2288,-0.46327244183178523,1.0028078062373809
2289,-0.48162644354305345,0.9994967860581012
229,-0.27506912295603675,1.0131300079296455
2290,-0.5271127920881304,0.9743104496353092
2291,-0.5558000762133277,0.959261115260493
2292,-0.6924092384117676,0.9969876545538464
2293,-0.5135728669314292,0.9973843641592295
2295,-0.2570925844331886,1.0192509954776194
2296,-0.29204646964692627,1.003634838973035
2297,-0.24543248546089774,1.0212432035231365
2298,-0.3641733311745657,1.0023636971275744
2299,-0.3531519155982853,1.0094222771829497
23,0.10363227434579458,0.9882256269525229
230,0.17163116696693453,1.0328040310454327
2300,-0.34670674376764343,1.0019814222005177
2301,-0.34533665800237173,1.0031467440800301
2302,-0.38808341099293764,1.0049887022452604
2303,-0.38452227370166014,1.008143363444249
2304,-0.30025789662454283,1.0169368713498834
2305,-0.34612901911595195,1.008151843584913
2306,-0.3396876798749858,1.0036054232273024
2307,-0.33925549610066946,1.0036844294828102
2308,-0.3476829012183434,1.006684584313853
2309,-0.3521183638478344,1.0015835612827946
231,0.8269715373839184,1.0703704370331413
2310,-0.34277331336385175,0.9979142796579895
2311,-0.4279826908777079,0.9622311567818674
2312,-0.35316096322115065,0.9906889645026741
2313,-0.366387997032058,1.003032599463186
2314,-0.33732383824087436,0.9955594456811783
2315,-0.5384674253007871,0.9925185303892979
2316,-0.45082175605443714,1.003211362475226
2317,-0.5188595931043042,0.9960391961999493
2318,-0.5244626244007676,0.9997981804313629
2319,-0.2929835522782776,1.0186859455920156
232,-0.05265038532315771,0.9579758827951631
2320,-0.537928525127125,0.9929089274821631
2321,-0.48519328877577883,0.9951245133590242
2322,-0.3385691466950753,0.9971044769911447
2323,-0.24610560259667924,1.0189643654541365
2324,-0.34363405939446284,1.002078586137886
2325,-0.34319597930515444,1.0020684371018453
2326,-0.34375819333285695,1.0019253106810253
2329,-0.32489129650953685,1.0250293298476583
233,-0.2910750858768918,0.9836442617470914
2330,-0.3275958868022766,1.0147747820862878
2331,-0.3065343446912306,1.0135517992333472
2332,-0.29775350262475136,1.0131718348448582
2333,-0.39943951163182223,1.0197669796008928
2334,-0.3160761727791206,1.0141414570301548
2335,-0.31368269090151946,1.0135868265802923
2336,-0.35535459875041464,0.9964269789338768
2337,-0.38799392510985786,0.9846745514549557
2338,-0.45969360208535387,0.987850320208156
2339,-0.3615355529017263,1.0129965024707221
234,-0.07996238713563532,0.9405024411841382
236,-0.32516037434893114,0.9926164883892531
237,-0.32962546283457805,0.9918613154656406
239,-0.3284743964058826,0.9918560074363676
24,0.1471778831315903,1.0449185862950798
240,0.46535387506670295,1.0268551632636058
242,0.468748289545507,1.0307944941819678
245,-0.2767958158214797,1.013048197300616
247,-0.3066006401362482,0.967385975866879
248,0.18041785878650352,1.0391127751991749
249,-0.12065014329238082,0.999891431728345
25,0.14717788348275943,1.0449185838457846
250,-0.032948710097128235,0.9721537745116228
251,-0.28868996990839935,0.9868447139449331
252,-0.2879541472901828,0.9885248713943139
253,-0.32553135658411886,0.9979189065911251
254,-0.3206917928612071,0.9953764293692545
255,-0.016764886338322165,0.9858294690010106
256,-0.21217801584423232,1.0738171646479502
257,-0.31228535650943645,0.9959870411415709
258,-0.3365165086208903,0.995076460596626
26,0.14587111397294888,1.0789625236491827
260,0.3357207265403998,1.0582140524878783
262,-0.31496034053792926,0.9773426157694355
266,-0.13973063272566033,1.018375550511324
267,0.21256547445115778,1.0170020474830188
27,-0.10594700334496565,1.0195858291696853
274,-0.32198242828379237,0.9838448398490837
275,-0.3292285899178402,0.9826997287647914
276,-0.023163444069457143,0.9824100840119515
277,-0.336383026143466,0.9952216284784684
278,-0.156408695437558,1.0050847297768377
28,-0.17751921349828173,1.001764502208398
280,-0.12350451242161872,0.9228458932820832
281,0.16697826955886877,1.0273692635133564
282,-0.3196124941290398,0.9855549715227668
285,0.39973250130855165,1.0368648156510192
286,0.14004884283935215,1.0138136675576312
287,0.16948723521205605,1.0306801992047634
289,0.00841948051522203,0.9965916145483243
290,0.3243492616878169,1.015121350129985
292,-0.16952044025326998,1.0035836447579234
294,-0.04251034002896479,1.046992962774626
298,-0.3063648504723614,0.9692130964502575
299,0.16896549739481126,1.0243637507288321
3,6.294774719315182e-32,0.9157863915721584
30,0.09828097602251697,0.9898895746234517
300,0.17641579891341097,1.0372805019275773
301,0.34392596992308955,1.0264376792794545
302,-0.3222530771486065,0.9858849708134773
303,-0.1600075261085036,1.001676177525351
304,0.31478958659790784,1.047422064906512
305,-0.09326247858779477,1.0162056474205854
306,-0.21286898506776744,0.9330857617487199
307,-0.009427402897772018,1.0422328863282881
31,0.45410800775311494,1.079329727861054
310,0.3493100993197482,1.033112876010619
311,0.3018143908707674,1.032709539979476
313,-0.3073313204478003,0.9712580330502772
314,-0.3014928900983597,1.003823338223337
315,-0.07624936046220171,0.9942373873621734
317,0.13924106369518893,0.9886684624282601
319,-0.3187903812546265,0.9865005289213109
32,-0.3980050826318588,0.9742552522670144
323,-0.31452447526773825,0.9774498762444915
324,-0.10239111451820981,1.013565234319013
325,-0.14954523741514822,1.0750561679630444
326,-0.18796653149014536,1.0401385639664074
327,-0.17421125801162246,0.997884069895253
328,-0.15551141644650743,1.0073489444194637
329,-0.02707745140209347,0.9808391801838384
33,0.2110359745175072,1.0035816018350807
331,-0.3053453078083142,0.9681605390720954
334,-0.3209651350177915,0.9937061348136375
336,-0.3133954376278197,0.9786709509308541
337,-0.3124952965352141,0.977477206200653
338,-0.15468560697631042,1.0727115907292786
34,0.1630941544051454,0.9735798128645998
340,-0.16142751239878894,1.0054641012738725
342,-0.31233963421055483,0.9763912597841319
343,-0.3125013674527195,0.974864399780322
344,-0.18567059505287756,0.9700508022180852
346,-0.3019491606502977,1.003658362994659
348,-0.014910431117386073,0.9924097398824305
349,-0.6223295260230004,1.000643764764971
35,0.1716389095066372,0.9802621625713496
350,-0.19201496502052348,0.9970961934500172
352,-0.2089380385230518,0.9886329014194176
353,0.15938869251712462,1.0050765295584927
356,-0.05461649629997128,0.9790610947987313
36,0.1704168141625575,0.9783245818279285
361,-0.4066658700934714,0.9791126638705324
363,-0.3030445570531246,0.9682942181907528
364,-0.3125623159860763,0.9791702871132648
365,-0.3121123294478905,0.9788183719439743
366,-0.3236273490455013,0.992548928875505
367,-0.20446126862964475,1.041584023868883
369,-0.26146551244753113,1.0464598335005266
37,0.5573244601799756,1.0486028491441066
370,-0.2627092839699564,1.0459697660891163
372,-0.024489719605362666,0.9790763196811244
374,-0.31508935654604714,0.9772071400846094
375,0.20613423474441317,1.04769568416575
377,-0.09844179727393268,1.0169213191229847
379,-0.31341157687630733,0.9801850956664966
38,0.5430507918104582,1.0508088176777413
380,-0.3135170507047486,0.9799504052038179
384,-0.16220699905090144,1.011042486094445
385,-0.32258051563851653,0.9895774564402682
387,0.3730639232132091,1.0173984634752862
388,-0.013632792251921055,0.9854415930544
389,-0.05415934561158605,0.9791867434863706
39,0.5614827182661314,1.047775356340018
392,-0.2026306167915355,1.0519789900215317
393,-0.2754314580978422,1.0108882471968605
394,-0.1591272983573796,0.9991820239057971
395,-0.2696353827645236,1.0118641378523592
398,-0.310634234183945,1.0019211826949366
4,-0.0015207730941634132,0.9152887308255554
40,0.5564253941569481,1.0476028394375059
401,-0.28750420353974604,0.9888814151720889
406,0.20453248063568674,1.0113362940918125
408,-0.00815894642801726,0.9890262171012035
41,0.556449488300264,1.0471342851214906
410,-0.32102200167279593,1.0098359108679196
411,-0.15734324497637997,1.0150929194301417
415,-0.14149711049567693,1.0047763378713035
42,0.5599493064252502,1.0474355160147155
420,-0.21659106838990402,1.0489864036635461
422,-0.18199745314796212,0.9425170079582137
424,-0.208232303436444,1.0497776699394399
425,-0.19363179425217097,1.0176745459508487
427,-0.3659095543474461,0.9807577068232695
428,-0.3771572875890444,0.9584937841401732
429,-0.3782993401900926,0.9713645433017206
43,-0.08665279860921586,1.0952650549257092
430,-0.3153925850355766,0.9951544950958401
436,-0.19327442324552163,0.9768975777058928
437,-0.34055903550985356,0.9950099199684302
439,-0.14372088364997504,1.016497544168735
440,0.14499757613722447,1.0269455942217682
442,-0.30462199114566524,1.0049594321547148
444,-0.030504979803890813,0.9797757219935235
446,-0.30808505488018373,0.9955148960156692
447,-0.05872543314501803,0.9549023377503928
449,-0.2276714078970719,0.9276897510295978
450,-0.1825330324525747,1.0096847369266349
451,-0.31291484089670885,0.9802832148544366
452,-0.3128611599305601,0.9802854403995608
454,-0.10466104121643037,0.9220580713160628
455,-0.058288622101126245,0.9814498976251477
458,-0.26779055432290827,1.012285720692159
459,-0.2877225795697983,0.9098385090396833
46,0.13924106369456482,0.9888780122067966
463,-0.16975020138931662,1.0146482497781382
464,-0.161370152440684,0.9577504593558133
465,-0.12314743392469327,1.014596461636777
466,0.17079308627714462,1.0198437815384025
468,-0.01077221575445748,0.9913527757077476
469,-0.3229466548729401,0.990446285824529
47,-0.06370208160871066,0.9085407350004595
470,0.3664706573257639,1.0890116772723235
471,0.3847847728011322,1.094552034644104
472,0.37301429399057023,1.0926104880708492
473,0.35824544297315913,1.0858505083107721
474,-0.24176176159111648,0.9943910465175217
477,-0.31245110754382904,0.9755923382912559
479,-0.320300543558343,0.9930681494557679
48,-0.06380216662667307,0.908523931222187
487,-0.13767527074456828,0.926623788609544
488,0.37189023893335826,1.0489990179239184
489,-0.6233839939923256,0.9988555461231513
49,-0.06370016613332115,0.9086163399904753
490,-0.44596787133353033,0.9762142436605193
491,-0.23771354409837228,1.0457995666179098
492,-0.20481335023923047,0.9366953080563006
494,-0.004800375477829929,1.000965403964175
497,0.2871489197851671,1.0103731406039076
498,-0.18478972409443484,1.0018189900102739
499,-0.2508790162534538,0.9241410063302565
5,-0.0921812233956879,1.00022629235959
50,-0.06366756601750563,0.908627873727863
500,-0.0993030406094263,0.9877403204698829
502,-0.10699565446629467,1.013357961627391
503,-0.18511872552886557,1.0563995071313073
504,-0.13639060740083642,1.0842381361816422
506,0.13727649849277157,0.9944080193920914
507,-0.47678701872368345,0.9878851675394594
508,-0.22592502534143358,1.0316515186502697
51,0.08480516265329421,1.0864864625210047
511,-0.1257539309611637,0.9075148492262713
513,-0.12578033154341453,0.9075536998991691
514,-0.1695809290519451,1.0770846359647341
516,-0.06134218518186828,1.0068876495379222
517,-0.31268172737229055,0.9752988399780017
518,-0.3133395821394475,0.9750172512005898
519,-0.3231833075215913,0.9857644347509996
52,0.7130432586253778,0.9842939139512997
520,0.037687874916128114,0.9965787814100295
523,-0.45285240145551003,0.9493542051072178
524,-0.15220482555492026,1.023108903656656
527,-0.25282809934605693,1.0038818100554845
53,0.7129873971679208,0.9849388607897115
533,0.04274322489485568,1.0026729314301628
535,0.05944249715411615,1.0000186007157599
536,-0.2339410258154614,0.9818784953623426
537,-0.27195291197262983,1.0123781631060085
538,-0.14548746878294952,1.0815481640209388
539,-0.14542629324319628,1.0815905684465568
54,0.2696404777456633,1.0328362423098165
542,-0.42098685215854503,0.9406829433337687
543,-0.1853478446184065,0.9951316088631603
544,-0.37804418671195755,0.9483968668652772
545,-0.45712540157804094,0.9564576381469415
546,-0.1408938534131415,0.9505622284663563
547,-0.3699632215931099,0.9732762015542085
548,-0.20308664719686098,0.9665428803425163
549,-0.15888646453147048,1.0728850246809774
550,0.6756988885830053,1.0155428002433193
552,-0.07842266279506317,0.9800227124288895
553,0.1471778810720468,1.044918602648061
554,0.14668861773805886,1.0706965952288885
555,-0.09273272164849075,0.9489983180402849
556,-0.24621922474780675,1.0789391267376756
557,-0.23177432521038163,1.0288532071259604
56,-0.1721438087338498,1.0137898032260442
560,-0.14385528560860175,1.018261318575181
561,-0.15807835908454185,1.0144758274889483
562,-0.3255836823496128,0.9971561286783732
563,-0.3635995276410432,0.9680732390349192
564,-0.372509429166203,0.982080792887266
565,-0.44998569451624065,0.980591327058533
566,-0.176608801323535,0.9977053112851819
569,-0.1255030520914841,0.9084731873242317
57,0.8649663353520719,1.0107783632835587
570,-0.18534784301119753,0.9951315586796186
571,0.3306309894942681,1.0256121021786568
572,-0.09473100126249401,1.0158112894357145
573,-0.2682273134293658,0.9106300740810647
575,0.5590474567813548,1.0165696415789118
577,-0.19619178864315834,0.9959146672319573
578,-0.2748307706409074,0.9835443531558064
579,-0.18107321059467643,1.0071740100580775
58,0.8645579094847777,1.0106921660877954
580,-0.12746648435030924,0.9626029313685174
581,-0.19944886963725172,0.9939419518095987
582,-0.19286089344208443,0.9999278973109144
583,-0.21528938684071902,0.9883476409540874
584,-0.22291241938030132,0.9857728138033506
585,-0.6199037670151338,1.001639862253499
586,-0.20910759023215894,0.9892049070647545
587,-0.621414164604753,1.0002487584233206
588,-0.6250820720314754,0.9974198814223704
589,-0.19627532400388775,0.9977684215029985
59,0.3124099141017124,1.0461731925726399
590,0.03841064151533347,0.9974922954708044
592,-0.3125333676644031,0.9756044865381519
595,-0.09885561972571967,1.018416289706903
598,-0.36206094386406945,0.9792420417822045
599,-0.2030466528728165,1.0014175503728573
6,-0.0921266399487704,1.000210568366354
60,0.14125286122250236,0.9795312398489305
601,-0.18430552952459422,0.9967904630784102
602,0.12670193518452952,1.0163694686096936
603,0.12611415780774532,1.0158303391662915
606,-0.18963793801082612,0.9921095978942999
608,0.17461098696347443,1.0054545810214173
609,-0.030067496113717094,0.9819875262729034
61,-0.21605589865236505,0.9628343563353148
610,-0.16203829965460032,1.0221048536125628
611,-0.17705538416344702,1.013425865709566
612,-0.4216828282851995,0.9770818394897562
613,-0.23503730751233212,1.0468464205096812
614,-0.21730030767620584,1.0229347399907553
615,-0.30165827232218656,1.003807249457489
617,-0.2293976210936393,0.9703509568556216
618,-0.04524642180411796,0.9803009904907094
619,-0.18578537259552033,1.0119190621793483
62,0.6179694391076281,0.9984100600692984
621,0.11926174318318865,1.0247766351797007
624,-0.28207708336273607,0.8999999908309632
626,-0.20572898445119026,0.9537470926081829
627,-0.20754683442824667,0.9469297541920277
628,-0.4525056434489726,0.9942717289400994
63,0.5424765764493777,0.9940494580329325
630,0.3428992619763496,1.075619400595598
632,-0.3925833405065706,0.9776602742977413
633,-0.1926609333949122,0.9949840348202535
634,-0.2609230647015473,0.8999999904777931
635,0.33062374276895157,1.0426128085350195
636,-0.6130242597291865,1.0065399942802222
637,-0.3024259624678966,1.0048007277017679
638,-0.31302681781156866,1.0040843783265962
639,-0.40696066892185906,0.979518983390415
64,0.38478477206152173,1.094552009912362
640,-0.4069667398165389,0.9795151699059592
643,-0.1938798009424444,0.9994071980648943
644,1.07941960368323,1.009654051925456
645,0.8799681593581935,1.0056988891461665
646,0.8799681606023455,1.005698876807314
647,0.9673600532857373,1.0297496561446902
648,0.9849978552282133,1.0286294933443267
649,1.0520465251229731,1.0053934900158772
65,0.38478477202339395,1.0945520086358673
650,1.0514756150521323,1.0038024010360003
651,1.0614542976806567,1.0096183759637876
652,1.0628254794484542,1.0084895736467125
654,1.3813979476399032,0.9922387431162861
655,1.433942912216601,0.9925091931616785
656,0.9332674123431076,1.0282814414810921
658,0.9380980472094884,1.0645760738383134
659,0.8963292478311687,1.007653356843957
66,0.3847847720662189,1.094552010069961
660,0.8929756480838397,1.0092634000013883
661,1.117493961792532,0.9590845325944863
665,0.643911238098493,1.0859756630644697
668,0.6343305772456626,1.096724555099356
67,0.38478477202181466,1.0945520085822327
672,0.6423786157340575,1.0991170112246254
674,0.6333964102067914,1.0965758563158492
677,0.9858408243631834,0.9997925577528328
679,0.892678093317951,1.018006390059266
680,0.8926558575748736,1.0179851795626962
681,0.8926586875745014,1.0179861471396805
682,0.8926590975707935,1.017979156467395
683,1.1022431406024646,0.9308238721333173
684,0.7713895633109586,1.0000000055696854
685,0.7713895632809634,1.0000000055696854
687,0.897041579138286,0.9879713895986689
688,0.8925311942605488,0.9855550700571036
689,0.8936600164368865,0.9860446819967603
69,0.5241796865992606,1.0812788826173472
690,0.893294267552637,0.9846674220777356
691,0.8931503791587382,0.9851692572168539
693,1.3786959293677545,1.0065071689603466
694,1.3782323308728424,0.9892334731219738
695,1.4102761188528705,0.9945690313158184
696,1.432636568783001,0.9937164497089271
697,1.4496897000581983,0.9964280823108862
698,1.5329824258901397,1.0046934289281608
699,1.0016652200550904,1.0145134567989045
7,-0.0007555114351951832,0.9155387980935581
70,0.5311721728963575,1.0824774620437696
700,0.9902184956919086,1.0147648606884863
701,0.9676089844816985,1.0274011027119447
702,0.9806004941175372,1.0554662857953305
703,0.980666617327011,1.0555073686407601
704,0.7958723685428349,0.9814268917277655
705,0.8051071851096323,0.9820744544039532
707,1.1437398627857573,1.0390230345302447
708,1.1437398629123738,1.0390229644721372
711,1.000405087567733,0.9950905048153316
712,0.7170726772999851,1.0245179731831853
713,0.9287293702117427,0.9432718590849672
714,0.9270897982430085,0.9671611427339866
715,1.0944783862081542,1.0089157747466067
716,0.9544456214197022,1.0301919129748849
717,0.9545250043074797,1.0291863149646427
718,0.9545116393967811,1.0284127941225343
719,0.95451497478102,1.0283241725277872
720,0.9545190905443209,1.0282630740455088
721,0.9377326814918039,0.9682387546198395
724,0.8490855671950414,0.988524316622984
725,0.8856169680651232,0.9804165064069681
728,1.1675126273844814,0.9958840658906999
729,0.7951779615333948,1.0000000039182815
73,0.5477052162704951,1.1000000102811853
730,0.8837194504098637,1.0102376736687229
731,0.7010509446047041,1.005092919889508
732,0.6974880731499586,1.004731519826686
733,0.696430456925017,1.0044510150558719
734,0.8481181980723563,1.015297971224887
735,0.6485117619795723,1.0038474894566867
737,1.0008220840329607,0.9740193136026639
738,1.0273810342239411,0.9926571528362982
739,1.1930189390438968,1.0024685801819397
74,0.5602186190230031,1.1000000101959024
740,0.7519728317555296,1.0408905848608814
741,0.6791180707536785,1.0004190743260708
742,0.7713895639485224,1.017275268786014
743,0.9958920122067405,1.0358208219790965
744,1.0027806573200764,1.0498063800359536
745,0.7952672075745302,1.0434876867903615
746,0.9690965151110428,1.0276733015879174
747,0.9734664475088172,1.0287708331490637
749,0.7273067895250591,1.0321004242742189
75,0.5613374460488115,1.1000000101670055
754,0.756348766171083,1.0182424872521085
756,0.7052072276186995,1.0367659774283424
757,0.7459495208714721,1.023762981226898
758,0.7952917963754945,1.0392178838364994
76,-0.025724169443874338,0.9639363946930999
761,1.0077778985773707,1.0267541630027044
762,0.713121891115772,1.0134817032509384
764,0.9113107663585526,1.0046054255571464
765,0.9665134949527014,1.0300509543884175
77,-0.008074004736763993,0.9378891723432785
772,0.7159328447755348,1.0151437784708779
776,0.7446691805353047,1.016675668948236
779,0.8927389787153719,1.0180731774775307
78,0.29741556694354787,1.0324644554733053
781,0.9264576394642542,1.021290805094259
782,0.8030436580835777,1.0140401573238886
783,0.7392079037742842,1.0396061695913001
787,1.193003674607351,1.0457464786952306
79,-0.4069667406056735,0.9795150929788404
794,0.6985157316535121,1.0081871301211296
798,0.8604148097452611,0.992847373754286
8,0.7120016282776552,0.9916667848165683
80,-0.4069606699698403,0.9795189023081543
800,0.7067334563245626,1.0129757580269938
803,0.7092025811045886,1.007914101886629
804,0.6900571150071544,1.0250199169760033
805,0.7357089227420516,1.0015628370682557
806,0.693280006117849,1.021526855459828
807,0.7187423793172368,1.0384751091922169
811,1.1326323193668293,1.0632857651859882
812,0.9197018960122507,1.0168406404847214
813,1.0153464116998798,1.0419013747888957
814,0.6869345661122875,1.0157510903441758
815,0.8738467911743818,1.0072361093122315
817,0.7423159621641531,1.035355210025172
822,0.7080410818793137,1.011122710026897
823,0.8906954023068528,1.01600041803033
825,0.8201516810340552,1.0052402699935827
826,0.6436520429636157,1.0556014792048642
827,0.5474596159514813,1.0551927465214725
828,0.7805906564304157,1.0955059931088735
831,0.584442437137351,1.0492701960652515
832,1.019622294287824,1.054594761823743
833,0.6380735473904451,0.9920371776511336
834,0.8752728454207005,0.9959741589722553
835,0.9022453626371899,0.9958317750245597
836,1.0101811393663909,1.0525411123062702
837,0.9037152899052112,1.0190418657236047
838,0.9049168695699321,0.9936710875815131
839,0.9358884466676186,1.0404973432000137
840,0.981465249339567,1.0558866758251853
841,1.0030531167765724,1.0463522607376545
842,0.8860255416527519,0.9981025081401318
843,0.8973875225877649,1.0141945712984852
844,0.9226941716026871,1.0281269435421019
845,1.0160950223301215,1.044757151158716
846,0.7059754495230132,0.9958854190327082
847,0.7037949585553156,0.9944861632131073
849,0.8799681408673347,1.0056991845588432
85,-0.0846054470608622,1.0746471052521158
850,0.9224909911185829,1.022294160583322
851,0.902839182522934,1.0117128263163477
852,0.8710844305115798,1.0076727999629131
854,0.7022701667533328,0.9930751979952634
855,0.8455954536010416,0.9645244587583228
856,0.8975732398062025,0.9828832257527791
857,0.6986668423163304,0.9898940020310979
858,0.7689598863336037,1.0073590777459798
859,0.6453816950458556,0.9737388129757016
86,0.005953746361144464,0.9205189021719756
860,0.7553762982499388,0.9402389465202469
861,0.8152100023841222,0.9676945450935094
862,1.2884024293245089,0.9880343336238283
863,1.3593014450446608,0.9837251921652708
864,0.7991423154672829,1.027030959067215
866,0.6546266103737998,1.0177543686639923
867,0.6380339138897004,1.0103137667634103
868,0.650006529461913,1.0052119201420733
869,0.6282681598800494,1.0292863114494781
87,-0.13426175537944293,1.1000000108673709
870,0.5999663780889054,0.9921659771959576
871,0.8515672979437419,0.9917918584551607
872,0.8058006917219073,0.9722928701535195
873,0.8122511917810318,0.9679600765986448
874,0.9288829468319775,1.0687034045610306
875,0.8840968476939652,1.0410505464829347
876,0.6103831891875803,1.0074963007120639
877,0.9603943040461451,1.0069768057140736
878,0.8565431187285606,1.0429776691183767
879,1.0806553620876242,1.0235886779982137
88,-0.1736358105747245,0.9957028162521699
880,1.1135407855572308,1.0253703225215935
881,1.1869641123060803,1.0241027634801638
882,1.14050455211085,1.02198374152962
883,0.6715191041532859,0.9999426123058301
884,0.7000738802389437,1.0061174342820352
886,0.7823717463867452,1.018008253095067
887,0.6926413347559085,0.9874520487833384
889,1.023743894057116,1.0122052753051427
890,0.824921823322512,0.9874479468618945
891,0.7323850355085922,0.9880505515416091
892,0.6596687759236213,0.9585607165389719
895,0.8310410834792816,0.9888667014642908
897,0.8333025780408788,0.9894804560576649
899,0.6371033401016271,0.9857884030270154
900,0.9995698945185807,1.0132542451347686
901,0.9252521166991279,0.9921859207833292
902,0.9258913716706625,0.9795449244755545
903,0.9263490197364431,0.9710006766275701
904,1.0390338602797997,1.017795056317652
905,0.9544744185532288,1.0292452409525867
906,0.8223072359785562,0.9836555667829968
907,0.6037682728492689,0.9780720179253878
908,0.6155465051334738,1.0250930030854875
909,0.5780241540209542,0.9927032748761121
91,-0.09210554355430196,1.0305697120018533
910,0.6543633978823246,1.0094733617592877
911,0.5950885026801253,0.9997643903235842
912,0.6054452393979273,0.9834885931051379
913,0.6268551476008967,1.0033373483569288
914,0.695092550011576,1.0168598234700355
915,0.8616024010249707,0.9791446274670979
916,1.0846012080112841,1.0071253960987578
919,0.59945458853828,1.0148046984986474
92,0.04588425823481504,1.0204162419713512
920,0.5944504599528575,0.9838905942138477
921,0.8529816270000996,1.0000750544815047
922,0.5694481479076716,0.9880137405480909
924,0.6064761581859233,1.0241700879495852
925,0.6373799138171531,1.000667040583126
926,0.6234585622106668,1.0033339810880855
928,0.5344105655135277,1.0122342340958965
929,0.7021629945282162,0.9931208314454688
93,0.018204642798558563,1.0931226926625346
930,0.7497604595562025,0.9850536305998387
931,0.8799681515550596,1.0056989348141447
932,0.8799681515263443,1.005698941036481
933,0.9124891825575641,0.9998724068748027
934,0.9204585335647391,0.9999034183631712
935,0.6784518389424443,1.0009539706968658
937,1.0181322598222966,1.0541462059580302
938,1.0183077251980794,1.0542119515445683
94,0.015848766231957766,1.1000000107665144
940,0.8436149950948626,1.027992070836743
941,0.7795219439193269,0.9818195303126593
945,0.7773727918626782,0.9811499114635808
946,0.602194619591346,0.982933381633816
947,0.9998829799188672,1.0005646294984567
948,0.9064162138273654,1.0221584397177446
949,0.8216032228456801,0.9815249865860064
95,0.0491149531217415,0.9158803848427927
951,0.4070092498120862,1.0028614167125012
953,0.5685760740990462,1.0000000854607414
954,0.5686133571121701,1.0000000758761496
955,0.5685670923800143,1.0000000758230463
956,0.5687146649015257,1.000000068359279
957,0.6919530280396082,1.0199000666884595
959,0.6831381219147642,1.0069529590982031
963,0.5097422700022155,1.003827434805729
964,0.5086457367299244,1.0047691791669513
965,0.50875846501747,1.0047165265956863
966,0.660656078373454,0.9823645187334473
967,0.6598237674941596,0.9832187406055543
968,0.9883649224414905,1.0207384704385405
97,0.14717787998229717,1.044918652677934
973,1.3013312767307779,1.0097986014820608
974,1.3552348775447296,1.0015177045739267
975,0.800620355677028,0.9669206856293014
979,0.8758854913543244,1.0106047850926567
98,0.2236445599664407,1.0497244354173938
982,0.9983058515544124,1.0181558274862055
983,0.7075001220523864,1.0109874251328688
986,1.3307120329454614,1.0065477375590974
987,-0.14965529198643046,1.0019003863616391
988,-0.20731990156877073,1.0085982514099383
989,-0.21085840143700457,1.0185372910731523
99,-0.08517449900904185,0.9847578268454871
991,-0.33026663311698856,1.0120522151540436
992,-0.3335088454122825,1.0060435866616948
993,-0.40773080715065546,0.9937207621183717
994,-0.3360935418202986,0.9760276184217358
995,-0.29526238097824004,0.9852505182936326
996,-0.4894567902217728,1.020962103673939
997,-0.4845887095592028,1.0229665202708162
998,-0.5217294498195091,1.0148424229127009
999,-0.5224961568525428,1.0045243033570195
