elm_loc_name,elm_Ka,elm_Ke,elm_Kf,elm_Ta,elm_Te,elm_Tf,elm_Tr,elm_Vrmax,elm_Vrmin,elm_E1,elm_E2,elm_Se1,elm_Se2,con_gen
IEEET1_gen_1002_1,410.236425418407,0.978313231701031,0.0384163624867797,0.04925586465979,0.956802078469191,0.416739941947162,0.0,3.34788202880882,-3.6484926072415,2.50440447583748,4.28437220281921,0.0336525934559759,0.488432303469162,gen_1002_1.ElmSym
IEEET1_gen_1003_2,415.568558759987,1.0149357827846,0.0414965674839914,0.0498421972198412,0.909869783460162,0.392397149484605,0.0,3.38732133307494,-3.56103539899923,2.49504568982311,4.35499007483013,0.0349891163758002,0.485413360920735,gen_1003_2.ElmSym
IEEET1_gen_1004_3,417.973811905831,0.950587566336617,0.0399816460199654,0.0512366668391041,0.936019780386705,0.405017067287117,0.0,3.61499707186595,-3.37174507002346,2.55689968721895,4.60442286052275,0.0342482060964685,0.464590114140883,gen_1004_3.ElmSym
IEEET1_gen_1005_4,407.278893664479,1.03157553658821,0.0406440143473446,0.0481253423937596,0.975480470934417,0.387989695612341,0.0,3.40845511397347,-3.62262035433669,2.43955940413428,4.57721359308343,0.0346259206100367,0.454765305375215,gen_1005_4.ElmSym
IEEET1_gen_1012_1,416.707451306283,0.987422394379973,0.0418166978545487,0.0483598643541336,0.921280816250946,0.407674134895206,0.0,3.41578906085342,-3.54613876696676,2.48040869422164,4.38865297415759,0.0357019829601049,0.457072504531592,gen_1012_1.ElmSym
IEEET1_gen_1013_1,383.232027180493,1.00854734145105,0.0398462995346636,0.0518418593890965,0.990039492242504,0.415318514592946,0.0,3.64521443077829,-3.35783400116488,2.42974822431244,4.72350719142705,0.0336777892326936,0.463397090323269,gen_1013_1.ElmSym
IEEET1_gen_1014_1,405.730183832347,0.984005276486278,0.0401932295355946,0.0513058608421125,0.937627278978471,0.385050551369786,0.0,3.4688323801849,-3.66424312093295,2.44532156349998,4.47940269629471,0.034161239492707,0.448357616647612,gen_1014_1.ElmSym
IEEET1_gen_1017_1,415.032962523401,0.975046257814392,0.0417981324400753,0.0497812783927657,0.940812324811704,0.39625544546172,0.0,3.45192121560685,-3.52378245373257,2.51622961882083,4.63684695563279,0.0360738295335323,0.458796450366732,gen_1017_1.ElmSym
IEEET1_gen_1018_2,413.461538366973,0.974581190431491,0.0413608197551221,0.0478006789670326,0.990110709297005,0.397948993016034,0.0,3.42016747472808,-3.38640509471297,2.59269110110309,4.50543993688188,0.0363344120818656,0.454332621984649,gen_1018_2.ElmSym
IEEET1_gen_1019_3,383.118968810886,1.04488886906765,0.0404564874768257,0.0511837596748956,0.990416964024771,0.406177894007415,0.0,3.63007317108568,-3.36039008114021,2.55218730689492,4.54660906833596,0.0358856917852536,0.466341515648179,gen_1019_3.ElmSym
IEEET1_gen_1020_4,389.181474857032,1.00203651473857,0.0394835720919073,0.0497322159120813,0.939045969084836,0.40350674899295,0.0,3.64282136599068,-3.56450443798676,2.41782301503001,4.39307110004593,0.0337305971768219,0.473933613853995,gen_1020_4.ElmSym
IEEET1_gen_1022_1,384.474068749696,1.02795347147621,0.0411480246409774,0.0476130030257627,0.965212989477441,0.385769432876259,0.0,3.57968972027302,-3.63235208676197,2.54981608688412,4.47913170182146,0.0356404071419965,0.465861881318502,gen_1022_1.ElmSym
IEEET1_gen_1030_4,414.253115411848,0.983755311463028,0.0412965282108635,0.0491985892667435,0.940417166703846,0.38206526376307,0.0,3.42597460453398,-3.50277531789616,2.51335849909345,4.71526648099534,0.0352554803276435,0.470443852492142,gen_1030_4.ElmSym
IEEET1_gen_1031_1,395.550652258098,0.989472338976338,0.04022249160707,0.0502559816977009,0.955067152476404,0.408421193677932,0.0,3.58740083018784,-3.42073714118451,2.34677410905762,4.58372950272169,0.034844960863702,0.447190306785982,gen_1031_1.ElmSym
IEEET1_gen_1038_1,390.746445152909,0.969055704586208,0.0396502285767347,0.05230639816029,0.949227838499937,0.39714734070003,0.0,3.53322380878963,-3.44817601335235,2.4419820796689,4.43252035675105,0.0351509031690657,0.483596841057762,gen_1038_1.ElmSym
IEEET1_gen_1039_2,400.999052841216,1.0021743663121,0.0389954667557031,0.0485007050633431,0.912510573135223,0.384423977266997,0.0,3.41746801165864,-3.39949799163733,2.4111443732148,4.38134491494857,0.0343919426142238,0.474641667887568,gen_1039_2.ElmSym
IEEET1_gen_1040_3,414.390428289771,0.998627611109987,0.038038201181218,0.0504759342153557,0.99712172322208,0.407039668578655,0.0,3.52899225570727,-3.52721257959492,2.34708311766945,4.41467374451458,0.0335258450456895,0.490169015192427,gen_1040_3.ElmSym
IEEET1_gen_1041_4,401.701674796641,0.993159535294399,0.0408178177941591,0.0489275195030495,0.981740130442194,0.405709043275565,0.0,3.46984875532798,-3.45529165326152,2.42641383947432,4.29426976845134,0.0345624169283546,0.488328620088752,gen_1041_4.ElmSym
IEEET1_gen_1042_5,413.012829925865,0.973986737569794,0.0396587108392268,0.0490582601469941,0.952354067449924,0.408851089607924,0.0,3.53317392603494,-3.36666471655481,2.4332790341326,4.36621951754205,0.0358353754363488,0.467911274396349,gen_1042_5.ElmSym
IEEET1_gen_1043_6,381.28191081807,1.0481494017411,0.0410170058850199,0.0487037040875293,0.976937489088159,0.416275307368487,0.0,3.39897794227581,-3.40507824197412,2.42629864849383,4.33843032026198,0.0345257612054702,0.491585875221528,gen_1043_6.ElmSym
IEEET1_gen_1044_1,396.151439938694,1.04964520377107,0.0398495390545577,0.0517150367284194,0.912186772536952,0.381000627409667,0.0,3.39005059909541,-3.51386920120567,2.58541697634198,4.64687346552964,0.0334308026083745,0.462919511337299,gen_1044_1.ElmSym
IEEET1_gen_1058_1,418.225024342537,0.961006546160206,0.0404550746306777,0.0479604046954773,0.952932410044596,0.405829527229071,0.0,3.50472002853639,-3.49847722568084,2.39868050821172,4.69098277499434,0.0338654009664897,0.479933592543937,gen_1058_1.ElmSym
IEEET1_gen_1059_1,406.769601479173,0.961522586131468,0.0391951362993568,0.0491562340012752,0.978219355193432,0.403199501112103,0.0,3.4498745020479,-3.65238332829904,2.40748008139292,4.49059784864075,0.035886014609132,0.448953803154174,gen_1059_1.ElmSym
IEEET1_gen_1060_2,398.232506867498,0.951083363033831,0.0384786473866552,0.049878229550086,0.912014371240511,0.391791959535331,0.0,3.61476859941613,-3.60777360033244,2.43268151731743,4.38372392538004,0.0354713149040472,0.45545482369326,gen_1060_2.ElmSym
IEEET1_gen_1067_1,394.467072430998,1.03514526151121,0.0403299549017102,0.0517574365064502,0.910001875474118,0.395261374376714,0.0,3.44517930503935,-3.43294206920546,2.39502260922408,4.57257949991617,0.0359954729024321,0.47339301604405,gen_1067_1.ElmSym
IEEET1_gen_1068_2,418.346056956798,1.03857487766072,0.0413648514244705,0.0490814965637401,0.925845357878134,0.412302347812802,0.0,3.4703518233262,-3.66505763637833,2.44488870946784,4.56601249482483,0.0365602388326079,0.455045950191561,gen_1068_2.ElmSym
IEEET1_gen_1069_1,394.090736266226,0.967429659236222,0.0408590964581817,0.0487173572811298,0.931480619148351,0.418170357365161,0.0,3.49666650469881,-3.62800740255043,2.40766023381054,4.4556958171539,0.0357171999954153,0.455858230993152,gen_1069_1.ElmSym
IEEET1_gen_1070_1,396.78636867553,0.990846760291606,0.0416503968350589,0.0479447938944213,0.963581644752994,0.389773221295327,0.0,3.65697253684048,-3.45048993956298,2.36826925697457,4.59537671729922,0.036635429126909,0.44981160930125,gen_1070_1.ElmSym
IEEET1_gen_1071_1,413.731670957059,0.95417673708871,0.0403126814812422,0.0511579549242742,0.91841089155525,0.401753627583385,0.0,3.37607591254637,-3.59325120418798,2.41118818105431,4.35749089505989,0.0361997350151651,0.49198990104394,gen_1071_1.ElmSym
IEEET1_gen_1072_1,383.868850283325,1.01738135833293,0.0419805500730872,0.0492152959224768,0.937531890643295,0.382105978485197,0.0,3.5804300509626,-3.60509473534767,2.36124585033674,4.70537228593603,0.0338458943311125,0.457855326384306,gen_1072_1.ElmSym
IEEET1_gen_1074_2,380.019381642342,1.00325662894174,0.0414107892196625,0.0524809143505991,0.90587523046881,0.401969304475933,0.0,3.48741521420889,-3.52736645233817,2.39459343899926,4.61299950128887,0.0356567104340065,0.482415456017014,gen_1074_2.ElmSym
IEEET1_gen_1075_3,417.89172410965,1.01997199701145,0.0417763391137123,0.0482215750985779,0.98098065382801,0.41339516626671,0.0,3.42932935880963,-3.59486704270821,2.39565367769357,4.6014001383679,0.0342962757868227,0.473720851714723,gen_1075_3.ElmSym
IEEET1_gen_1078_6,396.774083767086,1.01249708710238,0.0397060603760183,0.0489343562512659,0.933028864362277,0.399958421234041,0.0,3.54613453808706,-3.57300760825165,2.55821036948776,4.35150781965349,0.0339494363700505,0.472096795680001,gen_1078_6.ElmSym
IEEET1_gen_1079_7,399.182720780373,0.980671037035063,0.0393644118066877,0.0505089840292931,0.928578820482362,0.396315220613033,0.0,3.4207396163838,-3.6641907118028,2.37354702592641,4.45826357672922,0.0353648492924403,0.476964574246202,gen_1079_7.ElmSym
IEEET1_gen_1080_8,393.831762708723,0.984711208567023,0.0410170531179756,0.0509846810740419,0.903893282865174,0.415436654184014,0.0,3.36212092963979,-3.48459891462699,2.37398233398981,4.43038324113004,0.0362725722745527,0.4736809896552,gen_1080_8.ElmSym
IEEET1_gen_1081_5,390.944454129785,1.01092430041172,0.0383606252316386,0.0512681769067422,0.908307881986257,0.389524978064001,0.0,3.51358118837234,-3.34980427392293,2.55004738496616,4.2847601644462,0.0367252688067965,0.459915986744687,gen_1081_5.ElmSym
IEEET1_gen_1082_6,410.456416215748,0.968599583208561,0.0380594852734357,0.0506061736750416,0.932231320305727,0.400569928325713,0.0,3.51541788859759,-3.47833700904157,2.5161818305417,4.61834354815073,0.0335728539403062,0.469034290770534,gen_1082_6.ElmSym
IEEET1_gen_1084_1,400.367367565632,0.963736695377156,0.0390792089123279,0.0493219599453732,0.917814227424096,0.395564296431839,0.0,3.64032374110538,-3.39468453610316,2.40581105224602,4.53226147068199,0.0333124130505603,0.469245028622448,gen_1084_1.ElmSym
IEEET1_gen_1085_2,385.603979080915,1.01281394134276,0.041992243828252,0.052431665903423,0.945462855165824,0.415999632831663,0.0,3.53629974711221,-3.48022176858503,2.56672143688099,4.50978180337697,0.0346208642376587,0.448625547292642,gen_1085_2.ElmSym
IEEET1_gen_2003_7,407.255866676569,1.0065824684687,0.0399302981439978,0.0484615972475149,0.933520189921837,0.400256351772696,0.0,3.46978770394344,-3.42683958588168,2.37674938742537,4.3811088336166,0.0340601687398739,0.477136495427228,gen_2003_7.ElmSym
IEEET1_gen_2004_8,402.846404928714,1.03211702811532,0.0386859567854553,0.0521860816050321,0.929347861579154,0.38254467792809,0.0,3.66269314468373,-3.57928839034867,2.40949171922868,4.30808589267544,0.0347706970309373,0.489219577388372,gen_2004_8.ElmSym
IEEET1_gen_2010_1,400.93468401581,1.02858971389942,0.039964614322409,0.0495846865558997,0.994421380811836,0.382515085730702,0.0,3.36007095514797,-3.55767064320389,2.58460384223983,4.46168820841704,0.0346202335630078,0.476402627418283,gen_2010_1.ElmSym
IEEET1_gen_2011_2,388.29036610201,1.00765446987934,0.0391515144072473,0.0478545941715129,0.980226618112065,0.416131104324013,0.0,3.46664593529422,-3.45636691246182,2.37651006945968,4.70980622365605,0.0348420588697773,0.46618200179562,gen_2011_2.ElmSym
IEEET1_gen_2012_1,408.978093713522,1.04541624779813,0.0419785850886256,0.0487134220823646,0.913459348080214,0.392983030080795,0.0,3.49178632325493,-3.54579765754752,2.41670173989935,4.55669732771348,0.0353001459580846,0.477174352699891,gen_2012_1.ElmSym
IEEET1_gen_2014_1,411.853576581925,0.985071292938664,0.0380081268846989,0.0490652573527768,0.992499923342839,0.397637070622295,0.0,3.65216878897045,-3.38821563250385,2.57379688046034,4.49960231578443,0.0337455505912658,0.477564996344037,gen_2014_1.ElmSym
IEEET1_gen_2015_1,414.759807288647,1.04474686919712,0.0402059583589435,0.0487456399924122,0.991779505186714,0.403241055663675,0.0,3.55327052688226,-3.45146475068759,2.51226414734032,4.58426171082538,0.0338020706335083,0.491160253921989,gen_2015_1.ElmSym
IEEET1_gen_2016_2,416.584347113967,0.969013053644448,0.0396346785705537,0.0504937102855183,0.979305556393228,0.390366711206734,0.0,3.66553060170263,-3.3333576984005,2.59014370347839,4.29026383983437,0.0360484196725301,0.460710917968769,gen_2016_2.ElmSym
IEEET1_gen_2021_14,399.14591383189,1.04094908679835,0.0407853317130357,0.0477101626526564,0.924956508460455,0.397692879643291,0.0,3.52941352673806,-3.66592115366366,2.37173156164261,4.55617379425093,0.0354953111470677,0.477762379528489,gen_2021_14.ElmSym
IEEET1_gen_2024_2,405.818629320711,0.97932539312169,0.0398371109534055,0.0495439106971025,0.973064662879333,0.387642060462385,0.0,3.54169696455356,-3.65279552191496,2.38125141979754,4.33116224692203,0.0339296291887295,0.465258688661735,gen_2024_2.ElmSym
IEEET1_gen_2028_6,401.380256898701,0.999133378034458,0.038371962942183,0.0506875473656692,0.937638304149732,0.400537105146795,0.0,3.44123609140515,-3.54630001478363,2.47088945429027,4.68009929344989,0.0361114692487754,0.465958213317674,gen_2028_6.ElmSym
IEEET1_gen_2030_8,392.175726201385,0.956059548212215,0.0399882229734212,0.04862048514653,0.973899427577853,0.413967009987682,0.0,3.35463670832105,-3.36318378758151,2.54953973002313,4.51401770627126,0.0360503863485064,0.486909806333017,gen_2030_8.ElmSym
IEEET1_gen_2036_1,402.303785607219,1.00553580983542,0.0395886911191046,0.051822968502529,0.917546292161569,0.404207590762526,0.0,3.56576870514546,-3.50628547498491,2.53124335629819,4.40468531842343,0.0364982367055491,0.484507284541614,gen_2036_1.ElmSym
IEEET1_gen_2037_2,401.827485263348,1.03271629759111,0.0402810732647777,0.0524027273943648,0.969091407479718,0.389862583968788,0.0,3.44836531011388,-3.63084588146303,2.57101524868049,4.48846461132634,0.0357971432867926,0.468644449732732,gen_2037_2.ElmSym
IEEET1_gen_2038_3,407.886025942862,0.956417531706393,0.039753644157201,0.0491644713771529,0.985416243707295,0.389213973190635,0.0,3.37574941099156,-3.46837447173893,2.57801142967259,4.7056665772805,0.0357284170552157,0.487643507635686,gen_2038_3.ElmSym
IEEET1_gen_2040_1,390.932028330863,1.00787441036664,0.0411939529664814,0.0482208736333996,0.965874326915946,0.395998815968633,0.0,3.37782447370701,-3.44235417169984,2.34969694597553,4.57271174623165,0.0336223193272017,0.465144142234698,gen_2040_1.ElmSym
IEEET1_gen_2041_2,414.081244729459,0.965262567345053,0.0419813838880509,0.0503218590607867,0.919735771643463,0.40369540784508,0.0,3.51958445347846,-3.33041143822484,2.45871303081047,4.35466799852438,0.0358019594831858,0.456516603733413,gen_2041_2.ElmSym
IEEET1_gen_2043_2,392.437531482428,1.02333491132595,0.0409048818945885,0.0508669690787792,0.979093183658551,0.395161772221327,0.0,3.4251384870382,-3.56763241563458,2.56849635915598,4.69812244030181,0.0338523768140003,0.455451550608035,gen_2043_2.ElmSym
IEEET1_gen_2044_3,406.41052108258,1.00664495681413,0.0389830169677734,0.04902621001238,0.96900821913965,0.404707534536719,0.0,3.36435753875412,-3.39253476578742,2.55436371241044,4.72172777687665,0.0341209556153044,0.487519563456997,gen_2044_3.ElmSym
IEEET1_gen_2045_4,385.973834898323,0.999782253755257,0.0394936690349132,0.0514701442979276,0.93895145081915,0.397975812107325,0.0,3.57955375039019,-3.62320830551907,2.39731443058094,4.63485260163434,0.0356144506689161,0.44932153756544,gen_2045_4.ElmSym
IEEET1_gen_2046_1,397.372506316751,1.04219222227111,0.0409664373677224,0.0485644403519109,0.911640298161656,0.392681347839534,0.0,3.4669303874718,-3.32822576570325,2.45518244780647,4.5817223103717,0.0351087555661798,0.470564821104985,gen_2046_1.ElmSym
IEEET1_gen_2047_2,398.872158434242,0.953359805326909,0.0405202813390642,0.0504395191650838,0.977779107242822,0.409571473263204,0.0,3.38800543288235,-3.33718699093442,2.4590305350218,4.61915339904372,0.0339394078899641,0.48809045142727,gen_2047_2.ElmSym
IEEET1_gen_2054_1,392.523700371385,0.96473806174472,0.0415799558032304,0.0480623328848742,0.929608299150132,0.391015576384962,0.0,3.58648755042814,-3.38006854329724,2.58092501348024,4.63277420250233,0.0346593823218718,0.448043765941635,gen_2054_1.ElmSym
IEEET1_gen_2055_2,405.91973926872,1.04119977173395,0.0387583396229893,0.0499163561197929,0.928827422047034,0.402289213705808,0.0,3.41879864356015,-3.44112309392076,2.37890283999639,4.61523379439022,0.0338641519288067,0.463268201969564,gen_2055_2.ElmSym
IEEET1_gen_2056_3,390.028304569423,1.04668859657831,0.041413691258058,0.0495180702954531,0.953792761324439,0.404884623531252,0.0,3.67389386869036,-3.48773371027783,2.35997742281482,4.61965187669266,0.0340266115469858,0.464851554709487,gen_2056_3.ElmSym
IEEET1_gen_2057_4,382.54095852375,1.04210666958243,0.039883849510923,0.0477625261200592,0.932117448302451,0.41095436591655,0.0,3.36530999061652,-3.35881117503159,2.56265257035568,4.49665873514023,0.0364090548546519,0.462718474337365,gen_2057_4.ElmSym
IEEET1_gen_2058_5,400.486489981413,1.03901291112415,0.0418282067235559,0.0503511190414429,0.926608040318824,0.387933052368462,0.0,3.34434466245584,-3.55525169190951,2.46172227675002,4.43361602823716,0.0353190009349491,0.488011312148068,gen_2058_5.ElmSym
IEEET1_gen_2059_6,388.680169507861,1.0346466453746,0.0396329485904425,0.0499859686475247,0.92217349374434,0.393717283979058,0.0,3.56411896354984,-3.65079473620281,2.36994137608912,4.2766207250068,0.0365194570696913,0.47578440852277,gen_2059_6.ElmSym
IEEET1_gen_2060_1,383.728675413877,0.983014913601801,0.0384425197970122,0.0506882891710848,0.970136399290059,0.389367510974407,0.0,3.50676144079771,-3.46662038876675,2.36798961380962,4.50819438281469,0.036017934407806,0.45545492861513,gen_2060_1.ElmSym
IEEET1_gen_2061_5,410.868762861937,1.04539213543758,0.0417693331930786,0.051816660054028,0.952006633458659,0.391644840929657,0.0,3.59569485548418,-3.3837300764164,2.48284554438619,4.46627956184093,0.0354390674235765,0.489229906414635,gen_2061_5.ElmSym
IEEET1_gen_2062_2,403.27639689669,0.95072250305675,0.0384007940255105,0.0500787630141713,0.991671137607191,0.419039359949529,0.0,3.64708474527579,-3.44784384395462,2.36995295084454,4.58079479956068,0.0358500506870914,0.475261743401177,gen_2062_2.ElmSym
IEEET1_gen_2069_1,416.996806114912,0.964099050825462,0.0416838119421154,0.0496336107933894,0.926219134917483,0.390359438750893,0.0,3.6342435461469,-3.64050662894733,2.59169680874795,4.56680225890595,0.0339308212790638,0.486398533835541,gen_2069_1.ElmSym
IEEET1_gen_2073_1,405.599011760205,1.02427051360719,0.0388550725150853,0.0506949485093355,0.995281305550598,0.412759588435292,0.0,3.43764743723441,-3.49191533904523,2.36560153901158,4.43433661961462,0.0364127316656522,0.488792650824878,gen_2073_1.ElmSym
IEEET1_gen_2091_1,407.141590863466,1.00551147661172,0.0389350327905268,0.0501442465232685,0.990828274511732,0.382341805528849,0.0,3.44865421706345,-3.49759932952002,2.55985817027511,4.72111640358344,0.0347391449173447,0.477925727121998,gen_2091_1.ElmSym
IEEET1_gen_2092_1,380.792346000671,1.01705838353373,0.0390289572570473,0.0520829830970615,0.982464102841914,0.399349432494491,0.0,3.52248990978114,-3.50571351798717,2.38323120318959,4.48492378487717,0.0355928004998714,0.489097518870607,gen_2092_1.ElmSym
IEEET1_gen_2093_2,413.173825014383,0.963216493325308,0.0395176306888461,0.0521235997113399,0.920602462601382,0.405476683806628,0.0,3.59920523471665,-3.45488348593935,2.37768487665523,4.64651797644328,0.0332633237580303,0.48108666439401,gen_2093_2.ElmSym
IEEET1_gen_2094_3,394.121326636523,1.0355247342959,0.0381987864617258,0.0490327524696477,0.978161793071777,0.408890851084143,0.0,3.39413177245297,-3.33344262787141,2.40652330778958,4.38146696656477,0.0336065755700693,0.486107609630562,gen_2094_3.ElmSym
IEEET1_gen_2095_4,380.564325843006,1.01242885724641,0.038646693052724,0.0478184585552663,0.996881764135323,0.388844459671527,0.0,3.48371529537253,-3.41241421275772,2.57030529223848,4.36507546675857,0.0363945472449996,0.460974497836083,gen_2095_4.ElmSym
IEEET1_gen_2322_3,413.901931364089,1.0267283950001,0.0417431047353894,0.0512133631901815,0.912471531443298,0.405731619950384,0.0,3.53386630904861,-3.63430012760218,2.56752971410379,4.61395094851032,0.035121242673602,0.461556398006622,gen_2322_3.ElmSym
IEEET1_gen_2323_4,382.978399433196,1.00934088048525,0.0407529048826545,0.0518333337828517,0.95534295455087,0.399978686124086,0.0,3.44062650753185,-3.58067264999263,2.35121091004461,4.41557089230046,0.0341554465680383,0.484605221206322,gen_2323_4.ElmSym
IEEET1_gen_2324_1,413.427283968776,0.979561888612807,0.0417153010293841,0.0523447543848306,0.976325781487394,0.419740358628333,0.0,3.66626033077482,-3.453413519077,2.46558406345453,4.36851650308818,0.0358744976080488,0.471914944258984,gen_2324_1.ElmSym
IEEET1_gen_2325_2,388.445240128785,1.03420188534074,0.0399645542725921,0.052339232689701,0.97054568284424,0.397757174707949,0.0,3.36176597233862,-3.65411814621184,2.52139213157678,4.58312605556566,0.0346297511891462,0.447817743857857,gen_2325_2.ElmSym
IEEET1_gen_3154_3,416.66912060231,0.984836864098906,0.03969843695499,0.0513346223230474,0.987407247368246,0.412477303370833,0.0,3.38501217276789,-3.45752447794657,2.36890120717464,4.54796903799288,0.0349009993087966,0.468489357481245,gen_3154_3.ElmSym
IEEET1_gen_3155_1,415.204844474792,1.04630442527123,0.0403911639004946,0.0495192532753572,0.943613087034319,0.409266445338726,0.0,3.65500785266049,-3.39008523738012,2.42855271048052,4.50258572681341,0.0362156356028281,0.492602715500165,gen_3155_1.ElmSym
IEEET1_gen_3156_2,416.132073495537,1.03616188280284,0.0399264240730554,0.0488671808037907,0.972555924826302,0.416447107624263,0.0,3.44375062349718,-3.41823915513232,2.40429033591039,4.53998813324142,0.0357899834057316,0.448544141666032,gen_3156_2.ElmSym
IEEET1_gen_3264_1,397.456749062985,1.00946802846156,0.0390338045153767,0.0495491648092866,0.954583010033239,0.381504593603313,0.0,3.57680437294766,-3.50618213089183,2.35170470401272,4.69123430249747,0.0360283695152029,0.492552586023696,gen_3264_1.ElmSym
IEEET1_gen_3295_1,385.317059196532,0.994451707135886,0.0386334586888552,0.0499262016103603,0.904723527210299,0.404953286089003,0.0,3.65341134096962,-3.43661131134722,2.54768567087594,4.3999190221075,0.0334335257105995,0.475567466142122,gen_3295_1.ElmSym
IEEET1_gen_3301_1,415.018026288599,1.00449429722503,0.0409994136355817,0.0516153795924038,0.948580555771477,0.418488314822316,0.0,3.61087056391407,-3.40791692053899,2.48317731938278,4.38581134113483,0.0351665078818332,0.452981414506678,gen_3301_1.ElmSym
IEEET1_gen_3417_1,417.550130002201,0.961130510177463,0.04184075666219,0.0520345110609196,0.919735066713765,0.401182161271572,0.0,3.35448441682383,-3.60191392905545,2.43725260577956,4.393900675443,0.0356764991055243,0.476852305043954,gen_3417_1.ElmSym
IEEET1_gen_3418_2,416.635194104165,0.969688100460917,0.0412656072694808,0.0503772973781452,0.907320404343773,0.380027518309653,0.0,3.39290829254314,-3.59608230835292,2.44125672848243,4.54065428855829,0.0346839474369772,0.464812360503711,gen_3418_2.ElmSym
IEEET1_gen_3419_3,409.589882846922,1.03260424272157,0.0389706224352121,0.0497284842445515,0.941290249584708,0.418095626942813,0.0,3.37112174681388,-3.52567279718351,2.54221658203099,4.32964720912278,0.0343941944066901,0.454507101539057,gen_3419_3.ElmSym
IEEET1_gen_3420_4,399.343161545694,0.985759424511343,0.0412256882190704,0.0498754629213363,0.965080578774214,0.407226818799973,0.0,3.41189934376162,-3.43187447534874,2.46327989223367,4.55797837399878,0.033687863719184,0.469894408219028,gen_3420_4.ElmSym
IEEET1_gen_3421_5,411.221519261599,0.980091212363914,0.0387552037164569,0.0519296832405962,0.916710094113368,0.380881016273051,0.0,3.43959714325611,-3.36881430645008,2.38951660788897,4.49888088726439,0.0356387074133381,0.47377758433111,gen_3421_5.ElmSym
IEEET1_gen_3422_6,406.797656919807,0.961328175896779,0.038252673054114,0.0516094211558811,0.947851178792771,0.409133461080492,0.0,3.60671571805142,-3.48578274750616,2.59093318877509,4.30851647418458,0.0345898296455853,0.489792543923482,gen_3422_6.ElmSym
IEEET1_gen_3423_1,419.143776409328,0.980646881600842,0.0405323290992528,0.0476311060949229,0.983120773765258,0.381539311539382,0.0,3.60063872437458,-3.4544584865449,2.48810312819481,4.5229719436029,0.0345755491489545,0.452353690333199,gen_3423_1.ElmSym
IEEET1_gen_3424_2,391.794611848891,1.03161928146146,0.0387241289075464,0.0476138424850069,0.970123164793476,0.381075744163245,0.0,3.5474474116927,-3.47536909889895,2.42706206695456,4.53774702523369,0.0360222094079945,0.478343700002413,gen_3424_2.ElmSym
IEEET1_gen_3425_3,419.854282774031,0.994672233890742,0.0390066421013325,0.0480018927552737,0.973302662495989,0.419260658603162,0.0,3.37908504542429,-3.66064138375223,2.35762042804202,4.43696237944532,0.0347935001372825,0.448392451146152,gen_3425_3.ElmSym
IEEET1_gen_3426_4,383.942072428763,1.00096094850451,0.0394973997101188,0.0501413964666426,0.910424947559368,0.396056678555906,0.0,3.5007135014981,-3.61362368650734,2.57497963622818,4.44502057938371,0.0340971856541,0.477528632074129,gen_3426_4.ElmSym
IEEET1_gen_3430_1,402.815460562706,0.99229740682058,0.0381096202973276,0.0496770881791599,0.919908275660127,0.418781121335924,0.0,3.48964005883317,-3.5037928567268,2.45384443373,4.64370381091721,0.033279226501938,0.48401170598343,gen_3430_1.ElmSym
IEEET1_gen_3431_2,416.72230321914,1.04555212091655,0.0410774725880474,0.0482325696013868,0.920505830431357,0.415566433556378,0.0,3.56825260845944,-3.36333933039568,2.38841932431841,4.27745511832181,0.0336948273982853,0.46098660475621,gen_3431_2.ElmSym
IEEET1_gen_3434_1,409.161935783923,1.04222614048049,0.0391409460380673,0.0502416309481487,0.980209449192043,0.395036694463342,0.0,3.35550947594456,-3.33688339414075,2.42421191426506,4.70244950330816,0.0354903236147948,0.451876899837051,gen_3434_1.ElmSym
IEEET1_gen_3435_2,414.293289873749,0.951598014542833,0.0416732288468629,0.0488307866756804,0.916704983140808,0.407547062858939,0.0,3.45039466843009,-3.54732396155596,2.39324439339899,4.32494655903429,0.035641641371185,0.448628508326132,gen_3435_2.ElmSym
IEEET1_gen_3436_3,381.571630481631,0.968873176537454,0.0414592525400221,0.0519172821682878,0.902519841017201,0.382488386277109,0.0,3.63827571473084,-3.50893513173796,2.43166124853073,4.71397474547848,0.0354611435919069,0.45922079597041,gen_3436_3.ElmSym
IEEET1_gen_3437_4,418.366372063756,1.00968958847225,0.0386316531337798,0.0499791446211748,0.929281947312411,0.416414758488536,0.0,3.47041658058297,-3.45444646356627,2.47341282435413,4.47241984885186,0.0357184571039397,0.453189248973038,gen_3437_4.ElmSym
IEEET1_gen_3438_1,417.244057096541,1.00331016657874,0.0406816329732537,0.0498314611939713,0.969690301285591,0.408726404886693,0.0,3.55644573329482,-3.63872360552195,2.51131252299296,4.4360235767439,0.0363560758875683,0.450819759273902,gen_3438_1.ElmSym
IEEET1_gen_3439_2,381.772334203124,0.960630370629951,0.040936325352639,0.0497500256332569,0.981145138235297,0.38430441999808,0.0,3.48595252153464,-3.64715741283726,2.35323942107055,4.43161447963212,0.0336446621511132,0.456240579987876,gen_3439_2.ElmSym
IEEET1_gen_3442_1,396.64756545797,0.963239652942866,0.0395857864972204,0.048012043600902,0.923348150991369,0.400126357786357,0.0,3.49696051117498,-3.47103442142252,2.42597379967151,4.36756199290976,0.0359496749208774,0.477368275585584,gen_3442_1.ElmSym
IEEET1_gen_3443_2,418.241852205247,1.04870066279545,0.0409986476544291,0.0499626905913465,0.918866877641994,0.40067321607843,0.0,3.49213486984372,-3.54896872993559,2.37702291943599,4.57478204194922,0.0353974071906414,0.46385899646813,gen_3443_2.ElmSym
IEEET1_gen_3444_1,387.565802410245,0.978184283711016,0.0399403679985553,0.0504720706888475,0.955067597287707,0.41070504674688,0.0,3.54086636104621,-3.42682760104071,2.44084451460605,4.59091362501495,0.0343856449751183,0.47539558871137,gen_3444_1.ElmSym
IEEET1_gen_3448_1,388.993924874812,1.04870030162856,0.0418262955322862,0.0487626174860634,0.925631916401908,0.415910196490586,0.0,3.43721478618681,-3.5757133068284,2.56411802302534,4.65227697696537,0.0340316998083144,0.481149443237111,gen_3448_1.ElmSym
IEEET1_gen_3449_2,408.213745448738,1.01867640609853,0.0407901241630316,0.0496990553103387,0.988944208885077,0.386820526439697,0.0,3.47425001545344,-3.37623489084654,2.57059316082485,4.66062107481994,0.033655218914384,0.465667256962042,gen_3449_2.ElmSym
IEEET1_gen_3453_1,401.669412534684,0.96671607545577,0.0398085215557367,0.0478024649643339,0.973546459877398,0.410301789361984,0.0,3.33952023778111,-3.5148685524473,2.53882943402557,4.6952344346093,0.0333499967784155,0.446662278699223,gen_3453_1.ElmSym
IEEET1_gen_3454_2,406.441723108292,0.977681463304907,0.0393602520767599,0.0517405771976337,0.920029792136047,0.410377474520355,0.0,3.38093833487947,-3.64295203979127,2.55359930893267,4.40235481385607,0.0365045502467547,0.448347679951228,gen_3454_2.ElmSym
IEEET1_gen_3455_3,395.320088677108,0.994269930338487,0.0400779040846974,0.0523608187073842,0.965606036158278,0.416143659241498,0.0,3.59551857539918,-3.49484788139816,2.49233724248642,4.51026630713604,0.0347920754414517,0.466913907848764,gen_3455_3.ElmSym
IEEET1_gen_3456_4,388.97370243445,1.03334659556858,0.0388689979333431,0.0510047032590956,0.942542052594945,0.41427019091323,0.0,3.61062009516172,-3.34423653942067,2.40075443641376,4.3809386434732,0.0346015970937442,0.469434348952956,gen_3456_4.ElmSym
IEEET1_gen_3457_5,398.946121186018,1.04916628310457,0.0409842013698071,0.0497250745492056,0.903896823527757,0.389210709556937,0.0,3.61553945865016,-3.63120751203969,2.44227997808438,4.45931315277703,0.0336504194936715,0.472491922009271,gen_3457_5.ElmSym
IEEET1_gen_3462_1,383.695677556098,1.01597420456819,0.0382011670656502,0.0482372298114933,0.996338789148722,0.407453914768994,0.0,3.41190471905284,-3.57295798577834,2.4382943054731,4.48655105489306,0.0343701353864744,0.454044147926383,gen_3462_1.ElmSym
IEEET1_gen_3463_1,415.36629833281,0.958668072987348,0.0419663947131485,0.0496934898407198,0.96446713917423,0.414866721760482,0.0,3.66807327466086,-3.5510017740773,2.35953315654816,4.48503706629854,0.0355645745231304,0.480923345690127,gen_3463_1.ElmSym
IEEET1_gen_3464_1,414.861284717917,0.967263840325177,0.0413566358275712,0.0486590197542682,0.948785239618737,0.392653476856649,0.0,3.3945708187297,-3.52830252700951,2.40953484765487,4.52436809185892,0.0361797782119829,0.454106950669084,gen_3464_1.ElmSym
IEEET1_gen_3466_1,385.7632480748,0.964687364222482,0.0385439397227019,0.0478536563692614,0.918859024234116,0.416337110549212,0.0,3.47196915654931,-3.49973152342718,2.37257069356972,4.31220528124832,0.0344171015277971,0.469238376282621,gen_3466_1.ElmSym
IEEET1_gen_3525_2,401.51461398229,1.01470675487071,0.0382697423957288,0.0515861855819821,0.941466612201184,0.382747556939721,0.0,3.34221284715459,-3.38066251436248,2.38959775367146,4.3674376521958,0.0361187861543149,0.4838105274681,gen_3525_2.ElmSym
IEEET1_gen_3526_3,390.029144883156,0.990748194651678,0.0391310596875846,0.0478877453040332,0.964116030037403,0.416108947731554,0.0,3.34077073789667,-3.60821332216728,2.50540881630965,4.64659388232976,0.0363418672445696,0.474805541819427,gen_3526_3.ElmSym
IEEET1_gen_3527_1,415.982129257172,1.00021693971939,0.0403447566442192,0.0522676983498968,0.94263319206424,0.404273806139827,0.0,3.43595944291446,-3.39048345712945,2.42392494086642,4.61622607887257,0.0366067828193773,0.453320354649331,gen_3527_1.ElmSym
IEEET1_gen_3585_1,382.675848565996,0.995162150915712,0.0406864824686199,0.0504309044126421,0.956785518969409,0.38995248388499,0.0,3.63472328823991,-3.43887605448253,2.51698697017925,4.54533367166296,0.0335223098916467,0.490864259740803,gen_3585_1.ElmSym
IEEET1_gen_3586_2,408.853226359934,1.03961113761179,0.0403819335456938,0.0479974796692841,0.990411782050505,0.412580052074045,0.0,3.60225039790384,-3.55266855815426,2.5447650490962,4.42002967440057,0.0360182206113823,0.448280191814527,gen_3586_2.ElmSym
IEEET1_gen_3587_3,416.097256373614,1.03969125612639,0.0395884362235665,0.0486602582433261,0.976639836847316,0.385097731146961,0.0,3.38211039740127,-3.39404051424935,2.53167626703437,4.30250640716404,0.0357077097664587,0.451198448762763,gen_3587_3.ElmSym
IEEET1_gen_3588_4,386.504135243595,0.953805564390495,0.0394343703314662,0.050643835014198,0.928762788686436,0.408016883376986,0.0,3.62219613969792,-3.64351311647333,2.53554122778494,4.4762916098116,0.0366369627758395,0.468257218697574,gen_3588_4.ElmSym
IEEET1_gen_3655_1,403.891514241695,0.960496640624478,0.0405169191900641,0.0488152497983538,0.904764245382976,0.414187584649771,0.0,3.56002967583481,-3.4237888853997,2.54069986764342,4.62692172762472,0.0356043207703624,0.454727469419595,gen_3655_1.ElmSym
IEEET1_gen_3656_2,408.003514427692,0.953199937101453,0.038828453624621,0.0521343172923662,0.937579174858983,0.413042177800089,0.0,3.35048531587236,-3.57462202964816,2.47446979825292,4.69949098024517,0.0355115812576842,0.481768140540458,gen_3656_2.ElmSym
IEEET1_gen_4027_1,400.298903826624,1.00591696482152,0.0398569030817598,0.047767341916915,0.967987156009767,0.401280804760754,0.0,3.32737641818821,-3.60525249911007,2.38828866762714,4.37612157252152,0.0338840163426939,0.460082629200071,gen_4027_1.ElmSym
IEEET1_gen_4028_1,402.29677496478,0.987878938764334,0.0393344023749232,0.050948984422721,0.903870831595268,0.401314172577113,0.0,3.4654244067613,-3.59247988241259,2.47023857552232,4.55419934098609,0.0338442181923892,0.479529780526645,gen_4028_1.ElmSym
IEEET1_gen_4029_1,382.592633776367,0.991241298336536,0.0412696846798062,0.0519250397779979,0.941939101561438,0.395896621812135,0.0,3.65544715726282,-3.36053152198438,2.53951173879392,4.70361253407318,0.0363602962889709,0.466840382436756,gen_4029_1.ElmSym
IEEET1_gen_4030_1,380.908147059381,0.952536755334586,0.0390927203502506,0.0520685742353089,0.962720348022412,0.388759037759155,0.0,3.51730515609961,-3.38402703057509,2.48392492592754,4.32913410547189,0.0363496517748572,0.464348488551099,gen_4030_1.ElmSym
IEEET1_gen_4033_1,397.855932042003,0.990239247772843,0.0382340817376971,0.0516124702151865,0.925237414562143,0.41192215712741,0.0,10.0,-3.59227940724231,2.38409659621865,4.30034571890719,0.0335418879406061,0.464146545970812,gen_4033_1.ElmSym
IEEET1_gen_4034_1,393.065617866814,0.956722567230463,0.0415968462564051,0.0504897955805063,0.902583275577053,0.401359142307192,0.0,10.0,-3.44016652514692,2.35343771970132,4.46405328854453,0.0346033945069648,0.454607686047442,gen_4034_1.ElmSym
IEEET1_gen_4035_1,419.126536194235,0.95557363294065,0.0403329546637833,0.0514829775528051,0.989686880302615,0.405690430384129,0.0,10.0,-3.38722542647738,2.54350858440157,4.51692128973082,0.0333230758691207,0.473872371019795,gen_4035_1.ElmSym
IEEET1_gen_4036_1,410.088882762939,0.991143473796546,0.0397528442721814,0.0512127308500931,0.925068124865647,0.404583965782076,0.0,10.0,-3.63834691171069,2.42318242802378,4.53807005204726,0.0339713887507096,0.477565044471528,gen_4036_1.ElmSym
IEEET1_gen_4052_11,383.112965524197,0.978495169896632,0.0391648825686425,0.0483954294980504,0.958498302383814,0.386505288407207,0.0,3.49505264705513,-3.36813234447036,2.53876857115189,4.60299089639448,0.0362756072483025,0.447145618101582,gen_4052_11.ElmSym
IEEET1_gen_4053_12,417.776131033897,1.03988023195416,0.0388812880087644,0.0480571707943454,0.92629821537761,0.38190263396129,0.0,3.61857235340867,-3.34913536822423,2.53250849763118,4.31041531849187,0.0335833110599779,0.467539456611499,gen_4053_12.ElmSym
IEEET1_gen_4054_18,409.912574943155,1.00352936331183,0.0391099625397474,0.0517127721151337,0.946396013407502,0.392110730707645,0.0,3.35930220293812,-3.49104396083858,2.40457978323847,4.6301557340892,0.0344077239010949,0.45991067521181,gen_4054_18.ElmSym
IEEET1_gen_4058_1,398.435292169452,0.989597543329,0.0396020279973745,0.0519040069659241,0.975685008531436,0.41760427730158,0.0,3.37171169777866,-3.58181883774232,2.56893009894434,4.66643057903275,0.0357393615513574,0.487941921738908,gen_4058_1.ElmSym
IEEET1_gen_4059_2,391.785297431052,0.988870683778077,0.0388412384930998,0.0519097751611844,0.940916281836107,0.397570459544659,0.0,3.60351715851575,-3.33942652898841,2.4085838078307,4.69190173354,0.0353297403384931,0.475760528335813,gen_4059_2.ElmSym
IEEET1_gen_4061_4,401.702587641776,0.971558170439675,0.0412770379781723,0.0519654638553038,0.931721753545571,0.382358025722206,0.0,3.44733404628932,-3.43386998600326,2.4388980337386,4.46555439729709,0.0364644178329036,0.459503839566838,gen_4061_4.ElmSym
IEEET1_gen_4062_1,410.73516657576,0.976877995859831,0.0413360836729407,0.0497171971201897,0.981537834375631,0.399241569526494,0.0,3.61066579793114,-3.40560697580222,2.49868977418821,4.50828344933689,0.0336501266274136,0.480396294926293,gen_4062_1.ElmSym
IEEET1_gen_4064_3,411.547688879073,1.0030078898184,0.0380767096858472,0.0524646091926843,0.988428925226908,0.386263044327497,0.0,3.45250446526334,-3.60074043816421,2.36263107806072,4.4669577925466,0.0357990761538968,0.452122642154805,gen_4064_3.ElmSym
IEEET1_gen_4065_4,387.305529322475,1.02009273874573,0.0397907345741987,0.0504867585655302,0.935696297991089,0.409105073921382,0.0,3.49893898309674,-3.37708161126357,2.47184186984878,4.41667860145681,0.0338043486822862,0.462974447172135,gen_4065_4.ElmSym
IEEET1_gen_4066_1,395.7985865511,1.01737448750064,0.0410268362015486,0.0494159598252736,0.928118115148973,0.397513552289456,0.0,3.60766332903877,-3.52359991972335,2.54745819772873,4.43692532451823,0.0363137930850498,0.454697865869384,gen_4066_1.ElmSym
IEEET1_gen_4067_2,418.686906248331,0.982005275692791,0.0400590243246406,0.0510199253633618,0.979954083708581,0.419022064879537,0.0,3.3315947774332,-3.60867282636464,2.37490199508611,4.72057649083435,0.0356925221541896,0.473847603089642,gen_4067_2.ElmSym
IEEET1_gen_4072_1,394.442555326968,1.0290072710719,0.0402412881460041,0.051955462214537,0.91549229061231,0.419428672213107,0.0,3.65951657835394,-3.60006840534043,2.50516286500637,4.48350438082125,0.0366079105597455,0.475735603219829,gen_4072_1.ElmSym
IEEET1_gen_5006_1,414.584124647081,0.983198834070936,0.0384832056388259,0.0490332943201065,0.971169798136689,0.387940346691757,0.0,3.39997343721334,-3.51542433826253,2.55067761713732,4.57128952962812,0.0354677613086533,0.467797908504493,gen_5006_1.ElmSym
IEEET1_gen_5008_1,412.587429471314,1.02346773343161,0.0398523924518377,0.0518359331251122,0.949903948849533,0.383471754901111,0.0,3.5442360121524,-3.59038598963525,2.41190671222843,4.30190412111115,0.0352815247373655,0.455442263534293,gen_5008_1.ElmSym
IEEET1_gen_5010_1,391.936131939292,0.990110568981618,0.0388037370722741,0.0524922734824941,0.99680082710227,0.408119460828602,0.0,3.45829360224307,-3.3871621103026,2.34885878618341,4.38759194193408,0.0349984520005528,0.447489681513049,gen_5010_1.ElmSym
IEEET1_gen_5012_1,387.809854373336,1.02938042599708,0.0401877034492791,0.0516643779864535,0.916538958549499,0.400842534732074,0.0,3.32732677191962,-3.40093312594108,2.35757409727527,4.64045162452385,0.0338329545003362,0.457434980636928,gen_5012_1.ElmSym
IEEET1_gen_5016_6,388.723154570907,0.977231765817851,0.041845157681033,0.049364965625573,0.965544364033267,0.386828077603132,0.0,3.35874041581992,-3.4678210784914,2.53805376254628,4.42990066437051,0.0332622518681455,0.466308167586569,gen_5016_6.ElmSym
IEEET1_gen_5017_1,400.016743540764,0.959067313745618,0.0398678510636091,0.0500188199081458,0.914404974752106,0.399453162811697,0.0,3.37989780001808,-3.50880993704777,2.49576292945631,4.53420922989026,0.0345269034577068,0.477817472439725,gen_5017_1.ElmSym
IEEET1_gen_5018_2,386.641125380993,1.01637534750625,0.0383537269625813,0.0496936011197977,0.90571698616026,0.408734497223049,0.0,3.58779501565732,-3.50860650164541,2.59053471982013,4.28131419473793,0.0344600970514584,0.482126784239896,gen_5018_2.ElmSym
IEEET1_gen_5019_1,395.766728427261,0.951344886375591,0.0384938003309071,0.0508313582395203,0.975705336739775,0.394440256264061,0.0,3.51246942800935,-3.59245722456835,2.4628180061928,4.30588846988976,0.0344840762498789,0.476298692829441,gen_5019_1.ElmSym
IEEET1_gen_5020_1,393.757661301643,1.04500299822539,0.0411956952102482,0.0518390835914761,0.919302435233258,0.414290482923388,0.0,3.62341574195307,-3.36743771638721,2.44093632488884,4.66568712748121,0.0345808400711976,0.475143193988129,gen_5020_1.ElmSym
IEEET1_gen_5021_4,412.58181117475,0.951281913230196,0.0416636091507971,0.0517398505262099,0.947719172467478,0.410184067022055,0.0,3.64545705311466,-3.41594202774577,2.48760829538107,4.47789974142797,0.0341114534283988,0.460664138922933,gen_5021_4.ElmSym
IEEET1_gen_5022_1,380.676702260971,1.01235136939213,0.0416566402353346,0.0487313059414737,0.977446622804273,0.380103969592601,0.0,3.33500259032007,-3.41018282182049,2.42242717413977,4.7172058664728,0.0355320508216973,0.487330893930979,gen_5022_1.ElmSym
IEEET1_gen_5023_2,402.227486297488,1.04259530189447,0.0401807328499854,0.0520929781231098,0.916796671911143,0.386568279545754,0.0,3.35255496581085,-3.45787718023639,2.5386723026433,4.32701122902799,0.034309235843597,0.485593986458611,gen_5023_2.ElmSym
IEEET1_gen_5026_5,395.17597252503,0.962145274365321,0.0384254591409117,0.0478195646870881,0.968375388775021,0.381189182661474,0.0,3.48916783507448,-3.61230198387057,2.54275397070963,4.64628509238828,0.0363999899209011,0.457828371969052,gen_5026_5.ElmSym
IEEET1_gen_5028_1,415.788329169154,0.981713202781975,0.0288466363227926,0.0490567999356426,0.0504247156344354,0.678256650124676,0.0,3.84783077184111,-3.40093312594108,2.35757409727527,4.64045162452385,0.0338329545003362,0.457434980636928,gen_5028_1.ElmSym
IEEET1_gen_5030_1,394.802286289632,0.964429821772501,0.0400614966433495,0.0486010567680933,0.975159334780182,0.381396531127393,0.0,3.4662474492332,-3.49689773772843,2.56753777033323,4.49363651778549,0.033818927641958,0.462857834348921,gen_5030_1.ElmSym
IEEET1_gen_5031_1,403.332130536437,0.996449573663995,0.0413038207646459,0.0490773462271318,0.924289477702696,0.387329587191343,0.0,3.48641599514522,-3.42189380407799,2.47383289375296,4.33263365628663,0.0348577933777124,0.459017281947657,gen_5031_1.ElmSym
IEEET1_gen_5032_2,407.917423844337,0.957515415223315,0.0389276931788772,0.0504369438695721,0.942298754171934,0.408526617009193,0.0,3.56051033698022,-3.58959688788746,2.39228353399923,4.30877315928228,0.03540075329924,0.473672230867669,gen_5032_2.ElmSym
IEEET1_gen_5033_3,409.582252223045,0.955127705726773,0.0398080642968416,0.0500501671829261,0.929019555933773,0.400661840997636,0.0,3.65473830709234,-3.38146538771689,2.49381391197443,4.33597737746313,0.0363790140680503,0.491436506136321,gen_5033_3.ElmSym
IEEET1_gen_5035_3,395.789644066244,0.956123435683548,0.0386713586952537,0.051681529104244,0.907252293182537,0.40115403117612,0.0,3.6272973446874,-3.39587837539148,2.51125353698852,4.66883043085691,0.0358616472817957,0.454612625954673,gen_5035_3.ElmSym
IEEET1_gen_5036_2,419.452871419489,0.970091140875593,0.0400406981352717,0.0496921487734653,0.990590379252098,1.01121878554113,0.0,3.37316192204598,-3.54865933149122,2.51361141820764,4.52403718773276,0.034259611033136,0.448587174755987,gen_5036_2.ElmSym
IEEET1_gen_5037_1,452.736688947771,0.974015295878053,0.0566784988049883,0.0290604287856258,2.07377714747563,1.88426878187852,0.0479704591748305,9.38790029527154,-2.05352641730569,2.15017348350398,3.71887482210528,0.260910710989032,0.571446136924624,gen_5037_1.ElmSym
IEEET1_gen_5039_3,454.499100784305,1.00122652617283,0.0595722527123988,0.0288295255014673,1.9397247239016,1.96548241266003,0.0518373703118414,9.34057984084357,-2.10115313613787,2.08344954885542,3.93413968405221,0.260336033879826,0.581270725652575,gen_5039_3.ElmSym
IEEET1_gen_5040_4,498.398678366793,1.04759820806794,0.0584400956976693,0.030350188201759,1.92283529536799,1.80082013933128,0.0489784048008733,9.32393800385762,-2.05681163147092,2.25031556787994,4.0682424283633,0.263588098416757,0.555855190256238,gen_5040_4.ElmSym
IEEET1_gen_5041_5,459.181434416678,1.03128226981498,0.0575914220615756,0.0307957573486492,1.92038045311347,1.86269742187858,0.0476830736803822,9.58248263488058,-2.1438724875357,2.11332301798556,3.72998160090297,0.262452844228642,0.604096940070391,gen_5041_5.ElmSym
IEEET1_gen_5045_1,410.144247133285,0.957833717530593,0.0390519426073879,0.0514680679491721,0.966159510992002,0.397853526771069,0.0,3.53495415709913,-3.51753086845856,2.35908368018083,4.28541826559231,0.0366730038810056,0.456751202074811,gen_5045_1.ElmSym
IEEET1_gen_5229_1,386.468627210706,0.965257102297619,0.0393556375969201,0.0487051193998195,0.919499494072515,0.40097133398056,0.0,3.39161601131782,-3.4046201643534,2.52226326172054,4.56765389232896,0.033349390254356,0.467993963335175,gen_5229_1.ElmSym
IEEET1_gen_5230_2,417.941645439714,1.00424289433286,0.0381861769314855,0.0486298300814815,0.921041403678246,0.40010360904038,0.0,3.49421811259817,-3.44699073825031,2.42055161979049,4.53361428366043,0.0366462293600198,0.46726712193992,gen_5230_2.ElmSym
IEEET1_gen_5231_1,416.97931021452,0.952417055191472,0.0392794794179499,0.0513839994301088,0.94609208333306,0.415758652128279,0.0,3.66488062238786,-3.5236395657761,2.55407274085935,4.67931823104154,0.0335209015705623,0.476451078691985,gen_5231_1.ElmSym
IEEET1_gen_5233_3,410.998134706169,1.02201350126415,0.0390575106013566,0.0489505824982189,0.966121449256316,0.386204229183495,0.0,3.63674562531523,-3.48654519070406,2.40688413020736,4.67391032916494,0.0363821980899666,0.452875458475668,gen_5233_3.ElmSym
IEEET1_gen_5234_1,392.251416668296,0.971365006640553,0.0389891554359347,0.0482128656189889,0.972280338632408,0.401187464147806,0.0,3.39285210452508,-3.45500457675662,2.42317703147838,4.44357170162257,0.034444447606802,0.450325111224316,gen_5234_1.ElmSym
IEEET1_gen_5235_1,419.459498245269,1.02519029937685,0.0384914791956544,0.0510848879511468,0.962879265542142,0.407868639305234,0.0,3.52031687435228,-3.60635873652063,2.51425926566729,4.50987263659481,0.0337369559877552,0.467757687009871,gen_5235_1.ElmSym
IEEET1_gen_5236_2,407.464736159891,1.00744403759018,0.0391555220093578,0.0484446405572817,0.913794091080781,0.415060095135123,0.0,3.37920069054235,-3.42098967393395,2.34683534206031,4.58668861021288,0.0355482348829974,0.465841659149155,gen_5236_2.ElmSym
