elm_loc_name,elm_Ks1,elm_Ks2,elm_Ks3,elm_M,elm_N,elm_Ts1,elm_Ts10,elm_Ts11,elm_Ts2,elm_Ts3,elm_Ts4,elm_T6,elm_T7,elm_T8,elm_T9,elm_Tw1,elm_Tw2,elm_Tw3,elm_Tw4,elm_VS1max,elm_VS1min,elm_VS2max,elm_VS2min,elm_Vstmax,elm_Vstmin,elm_elm_Ic1,elm_elm_Ic2,elm_elm_IPB,con_gen
PSS2B_gen_1002_1,10.4337981743738,0.434443097719923,0.96834445069544,5,1,0.104593691164628,0,0,0.0190704614212736,0.156537860892713,0.0190952399885282,0.0,5.18339069932699,0.522349490458146,0.103224895680323,5.071482577594,5.14742544689216,4.85358806676231,0.0,96.259390635509,-100.843783211941,102.952798857121,-98.7872100340202,0.0487277482380159,-0.0475659922300838,1,3,1,gen_1002_1.ElmSym
PSS2B_gen_1003_2,9.86215621652082,0.447502308237925,0.953631049953401,5,1,0.0997049295250326,0,0,0.020040499150753,0.148587151381653,0.0190052788192406,0.0,4.95553077594377,0.484058057237416,0.102012168671936,4.92432576464489,4.81663638725877,5.16680250945501,0.0,103.595425944217,-94.9508667017799,101.759413934173,-100.667890658649,0.0488451134599745,-0.0506982237542979,1,3,1,gen_1003_2.ElmSym
PSS2B_gen_1004_3,10.4159854305908,0.465511583111063,0.951700011827052,5,1,0.0970139443362132,0,0,0.0204163272362202,0.153288593811449,0.0194505471307784,0.0,4.94803444040008,0.513440499245189,0.0970223741559312,5.1964588095434,5.02898830338381,4.8708392647095,0.0,100.740053739538,-96.0075342344586,100.714333256101,-95.6700135621708,0.0475414353329688,-0.0486065615690313,1,3,1,gen_1004_3.ElmSym
PSS2B_gen_1005_4,9.59354156814516,0.453859160653129,1.02930419328623,5,1,0.0994915261026472,0,0,0.0199089139970019,0.145678360608872,0.0208413586374372,0.0,4.81657053576782,0.490036810096353,0.103545239381492,4.75668684160337,4.92299183504656,4.83079956215806,0.0,102.704846723098,-103.926044016564,97.6895833516493,-96.0669687181245,0.0478229659679346,-0.0491517520882189,1,3,1,gen_1005_4.ElmSym
PSS2B_gen_1012_1,10.1938109789044,0.455264725222439,0.979036140069365,5,1,0.104225924094208,0,0,0.0197442890489474,0.148567452239804,0.0205933559648693,0.0,4.86256224266253,0.491237070807256,0.103180855819955,4.90294593432918,5.10642872913741,5.08923104614951,0.0,100.033710117638,-98.0663641547318,95.8258568285499,-102.434130450245,0.0513346657622606,-0.0509171130205505,1,3,1,gen_1012_1.ElmSym
PSS2B_gen_1013_1,10.4188218088821,0.450583076741919,0.977327929018065,5,1,0.102260952601209,0,0,0.020925753085874,0.150816512263846,0.0203524233475327,0.0,5.08905236795545,0.521349614509381,0.0950039723515511,5.02240552497096,5.24317150539718,4.91286900476553,0.0,101.260119511513,-101.274990729382,94.0937464392744,-101.448502714466,0.052431792600546,-0.0479515596898273,1,3,1,gen_1013_1.ElmSym
PSS2B_gen_1014_1,10.2263019094244,0.446510768066347,1.04419297203422,5,1,0.0966591927409172,0,0,0.0196139689814299,0.152097533808555,0.0203742076139897,0.0,5.16141834342852,0.48947682522703,0.102296771947294,5.09868702432141,5.1956097886432,4.85955132823437,0.0,98.7758856524248,-103.167226523766,103.810750555387,-103.81057529985,0.0476707818289287,-0.0507844606647268,1,3,1,gen_1014_1.ElmSym
PSS2B_gen_1017_1,10.3338462067768,0.470348783156276,0.986960728792474,5,1,0.104285520268604,0,0,0.0196725700339302,0.151302189140115,0.0205673435898498,0.0,4.93336711497977,0.52339818412438,0.10334990516305,4.91003471356817,4.91991457971744,4.96080093667842,0.0,102.231913783215,-102.73251351295,102.503013215493,-95.5911527149379,0.0515103040100075,-0.0516651516407728,1,3,1,gen_1017_1.ElmSym
PSS2B_gen_1018_2,10.352999992203,0.44834948229678,0.97076443717815,5,1,0.102503051869571,0,0,0.0206537069212645,0.150438015754335,0.0200659716269001,0.0,4.99141372158192,0.522551410971209,0.0968981322133914,4.89958578627557,4.80130036384799,4.95059878542088,0.0,103.524766706675,-100.800028566783,95.3651279409416,-102.195275625726,0.0516099981521256,-0.0504872197471559,1,3,1,gen_1018_2.ElmSym
PSS2B_gen_1019_3,9.83361389767379,0.460028535760939,1.02813734742813,5,1,0.0976005327003077,0,0,0.0190683316485956,0.154564192481339,0.0206009059771895,0.0,5.22585303196684,0.491951364628039,0.0965653036534786,5.04597358498722,4.81254544714466,4.78880816185847,0.0,102.572013790486,-103.297989351768,102.456031145761,-97.7610425383318,0.0491227637580596,-0.0505168282845989,1,3,1,gen_1019_3.ElmSym
PSS2B_gen_1020_4,10.1739751836285,0.440499774250388,1.01915948959067,5,1,0.103747523422353,0,0,0.0205559514733031,0.155976402168162,0.0202258348586038,0.0,4.85902185062878,0.483956124633551,0.099994816086255,5.21694561000913,4.87199505092576,4.87712125154212,0.0,96.2448092236183,-97.0651143212803,97.0177416238468,-100.967144393222,0.0492695715138689,-0.048935860551428,1,3,1,gen_1020_4.ElmSym
PSS2B_gen_1022_1,9.74039251403883,0.444031055987254,0.974300656188279,5,1,0.0956810838589445,0,0,0.0193829281060025,0.154149642675184,0.0197730487221852,0.0,5.09099571080878,0.520112066692673,0.096598045793362,4.79859652440064,4.76278975349851,4.92991651804186,0.0,101.298874593247,-97.207596759405,97.7302444572095,-97.6806365463417,0.0523421539319679,-0.0484631940093823,1,3,1,gen_1022_1.ElmSym
PSS2B_gen_1030_4,9.94333905214444,0.464796356688067,1.01529922191985,5,1,0.0980106043675914,0,0,0.0199627554053441,0.14855029726401,0.0190214604903013,0.0,5.11786174401641,0.48295719132293,0.103974725692533,5.22632127255201,5.12807890423574,4.99432451021858,0.0,94.2080185538158,-97.7539134836756,103.192314554891,-94.9839499922935,0.048251585084945,-0.0511672315117903,1,3,1,gen_1030_4.ElmSym
PSS2B_gen_1031_1,10.4466949803755,0.472286083978415,0.962764524295926,5,1,0.103239820045419,0,0,0.0204068703288212,0.148650108855218,0.020892563755624,0.0,5.07957412069663,0.488956753606908,0.101522705485113,4.96131028211676,5.1705497156363,5.24771967320703,0.0,99.145840857178,-98.4863748136908,103.944442178356,-99.7700900390278,0.0519586395379156,-0.0485615460039116,1,3,1,gen_1031_1.ElmSym
PSS2B_gen_1038_1,9.76477779773995,0.462550840008259,1.03989951200783,5,1,0.0989662034390494,0,0,0.0203287688540295,0.152066028336994,0.0197134132450447,0.0,4.8956666928716,0.49565317959059,0.0994464022247121,4.98274431540631,5.2458427187521,4.93189691402949,0.0,98.6218380545732,-97.2319019492716,95.4110016540158,-101.170843194891,0.0477743405778892,-0.0511613477068022,1,3,1,gen_1038_1.ElmSym
PSS2B_gen_1039_2,10.4249594323337,0.472272476643696,1.04659852017649,5,1,0.10310436243657,0,0,0.0192849255856127,0.153014120282605,0.0191938310125843,0.0,4.9514758514706,0.508427999168634,0.103202157737687,4.8452093701344,5.09708372876048,4.86485504545271,0.0,103.771437722538,-94.9892253517639,98.8058663814794,-99.5026100881398,0.048561440713238,-0.0514723624405451,1,3,1,gen_1039_2.ElmSym
PSS2B_gen_1040_3,10.4664538265206,0.450278338083252,1.01840198757127,5,1,0.0983049490815028,0,0,0.0191063553271815,0.148360462859273,0.0206481328168884,0.0,4.78906177449971,0.51763670083601,0.102293612207286,4.93520119716413,5.18646796350367,4.87716852943413,0.0,94.9826092062984,-95.767709677387,94.3509785282426,-98.42643688065,0.0475857714866288,-0.0480364807113074,1,3,1,gen_1040_3.ElmSym
PSS2B_gen_1041_4,9.87031521042809,0.477379210244492,1.01274963011965,5,1,0.10231906354893,0,0,0.019161917434074,0.144767151991837,0.020502097979188,0.0,5.19631453440525,0.520998156652786,0.100148416329175,4.89147663651966,4.79617457441054,5.21324351755902,0.0,103.86731780665,-98.4069770804141,99.6936126873828,-98.2391821802594,0.0480143382702954,-0.0490288165770471,1,3,1,gen_1041_4.ElmSym
PSS2B_gen_1042_5,9.80012275883928,0.45031410943754,1.00550141525455,5,1,0.101634450447746,0,0,0.0209827976254746,0.146055059961509,0.02006467530597,0.0,5.16966764070094,0.48649521144107,0.100530133065768,5.21015827497467,4.86566188302822,5.2239118644502,0.0,103.30738433199,-94.7925862465985,97.9365126223303,-97.2316577873658,0.0518099037255161,-0.0521933463728055,1,3,1,gen_1042_5.ElmSym
PSS2B_gen_1043_6,9.50278255296871,0.435336359449849,1.01353485621512,5,1,0.099874300933443,0,0,0.020658694007434,0.147493655704893,0.0206318080415949,0.0,4.92728397389874,0.524459640472196,0.0956788671854883,4.98761686286889,4.89746745675802,5.0405813138932,0.0,97.0859973720275,-94.6902421900537,94.6953036617953,-101.451367259212,0.0494158218661323,-0.0504407538147643,1,3,1,gen_1043_6.ElmSym
PSS2B_gen_1044_1,9.66111249942333,0.473740613298118,1.04583242735825,5,1,0.0981483108457178,0,0,0.0199307348774746,0.144892856958322,0.0191974082970992,0.0,5.14011784270406,0.517724941438064,0.10440324395895,4.78182427352294,4.98759443149902,4.86877715750597,0.0,97.5587038203143,-95.0819220234174,96.6943601170555,-103.220584182115,0.0506928787264042,-0.0480745097110048,1,3,1,gen_1044_1.ElmSym
PSS2B_gen_1058_1,10.3107956787571,0.457485478694737,0.952233040193096,5,1,0.102995039927773,0,0,0.019525543011725,0.150127856489271,0.0203168735364452,0.0,4.85239392681979,0.47724958427716,0.0991930519323796,4.86076762829907,5.16706788097508,5.21953403367661,0.0,103.923747291276,-102.463405828318,97.8972189903259,-96.2774754662532,0.0498768173577264,-0.050815480586607,1,3,1,gen_1058_1.ElmSym
PSS2B_gen_1059_1,9.66368052223697,0.471324852080271,1.00126549019478,5,1,0.0965995607338846,0,0,0.0202333963569254,0.147537964798976,0.0199369234405458,0.0,4.88334657647647,0.518031824333593,0.100285648349673,5.12890265649185,4.97136477893218,5.2297177661676,0.0,100.916763981432,-97.9478173605166,95.4076056169812,-98.9228146281559,0.0491121395584196,-0.0496395705966279,1,3,1,gen_1059_1.ElmSym
PSS2B_gen_1060_2,9.92029561521485,0.473649482272938,0.996296150330454,5,1,0.0973612011689693,0,0,0.0208782542925328,0.152514158673584,0.0198695475198328,0.0,4.91851245844737,0.509280681051314,0.0992521334718913,4.96014569234103,5.22681502485648,5.17979782517068,0.0,100.393265393469,-94.175405276008,101.862699804828,-97.1216405292973,0.0490042195259593,-0.0493116734991781,1,3,1,gen_1060_2.ElmSym
PSS2B_gen_1067_1,10.2719843843952,0.475566141373292,0.99972583707422,5,1,0.0961561651853844,0,0,0.0192991142831743,0.155008205662016,0.0206024440266192,0.0,5.01028506900184,0.501082091103308,0.0984127285005525,5.11442854534835,5.16229717782699,4.96883573289961,0.0,96.8479737850372,-94.4579552069306,94.7480211967137,-97.2141663341783,0.0511838654032908,-0.0518786001391709,1,3,1,gen_1067_1.ElmSym
PSS2B_gen_1068_2,9.87229224573821,0.435855550925061,0.972921000188216,5,1,0.102233447865583,0,0,0.0191385954869911,0.15713669153396,0.0196522665116936,0.0,4.76797133125365,0.491873559891246,0.0983920153370127,5.06369840959087,4.97659182013012,4.76234174962156,0.0,99.7411358705722,-98.2996408365201,97.7621610278729,-97.4884975890163,0.048386897763703,-0.0485206750035286,1,3,1,gen_1068_2.ElmSym
PSS2B_gen_1069_1,24.7588730824646,0.185113812708501,0.0,0,0,0.476081641670316,0,0,0.155073342968244,0.0984693528246134,0.0776839700490236,0.0,1.92814185516909,0.0,0.00976242714328691,0.00992356444336474,0.0,3.04483452429995,3.02292854706757,100.29582341169,-102.934118283866,102.245548028732,-96.4601943508722,0.104129288918339,-0.10482699432876,1,3,1,gen_1069_1.ElmSym
PSS2B_gen_1070_1,24.9916136707179,0.186400536843836,0.0,0,0,0.520439077960327,0,0,0.143609361047857,0.0957276930008084,0.0832969901636243,0.0,2.02602922553197,0.0,0.00988194719608873,0.0102530776672065,0.0,3.02027708860114,3.02343022436835,95.5679330942687,-97.6821622044314,103.902865462191,-98.0900867729913,0.0968449787143618,-0.102866758666933,1,3,1,gen_1070_1.ElmSym
PSS2B_gen_1071_1,26.0613112768624,0.190879321349729,0.0,0,0,0.501153872394934,0,0,0.1458779433975,0.0973572651902214,0.081217999920249,0.0,2.02201537387446,0.0,0.00997247039945796,0.00987927923258394,0.0,2.88760681939311,3.0275029651355,95.4027262697462,-94.1102177997585,98.051496034814,-98.3829578102566,0.0957744801742956,-0.0977839449001476,1,3,1,gen_1071_1.ElmSym
PSS2B_gen_1072_1,25.2873736270703,0.189428174440321,0.0,0,0,0.496909722243436,0,0,0.143278975635767,0.0988812751928344,0.0822286791503429,0.0,1.93601122060791,0.0,0.00957376316888258,0.00951892541022971,0.0,2.990668749623,3.03330980082974,102.669594852766,-97.6109737611841,94.725421276968,-95.9420524804853,0.0975740963499993,-0.103533661277033,1,3,1,gen_1072_1.ElmSym
PSS2B_gen_1074_2,9.9734414643608,0.461243983574957,1.01224175328389,5,1,0.100414903648198,0,0,0.02052988314908,0.14884449820267,0.0201244184887037,0.0,4.78036913950928,0.481623203586787,0.0968013394065201,4.80187111790292,5.0135194985196,4.97283227439038,0.0,98.4430098742247,-103.440541254077,101.539920075098,-99.5746849834453,0.0511495782947168,-0.047980084407609,1,3,1,gen_1074_2.ElmSym
PSS2B_gen_1075_3,10.1405490413308,0.474486576584727,1.00860243355855,5,1,0.104277381799184,0,0,0.0201407602233812,0.152265336639248,0.0195696233790368,0.0,5.21390289044939,0.488295633671805,0.0972416183864698,4.82399281463586,4.82257352839224,5.21763144480064,0.0,101.191047826549,-103.033259708667,94.8840124492999,-95.5122995941434,0.0504903158638626,-0.0521410948736593,1,3,1,gen_1075_3.ElmSym
PSS2B_gen_1078_6,9.95078903483227,0.434100331599265,1.04834120511077,5,1,0.104013470890932,0,0,0.0205863431124017,0.150068393542897,0.0208102751951665,0.0,5.17172420024872,0.515105352574028,0.0966435751970857,4.90318412240595,4.88825263478793,4.79809972783551,0.0,103.282673743833,-103.69628458838,100.4911828693,-96.9698136047926,0.0493244916805997,-0.0490148688806221,1,3,1,gen_1078_6.ElmSym
PSS2B_gen_1079_7,10.0894334381446,0.437519137059152,0.997476242668927,5,1,0.0992963874293491,0,0,0.0199996706750244,0.157207820168696,0.0208445709226653,0.0,5.22724483534694,0.492707810364664,0.0978919542161748,5.20765000465326,5.10433857818134,5.0250436719507,0.0,96.147532539675,-95.6550048957579,95.9373297595885,-100.607115909923,0.050442817658186,-0.049077154903207,1,3,1,gen_1079_7.ElmSym
PSS2B_gen_1080_8,10.1750144646503,0.47691849540174,1.01610606843606,5,1,0.103981247832999,0,0,0.0196083455039188,0.153150158801582,0.0200212055612355,0.0,4.83607890689746,0.509416575706564,0.0953347668517381,5.01171549595892,4.82765253121033,4.83873185329139,0.0,103.721711978875,-97.7611545762978,95.1536689646076,-99.971846743254,0.0515268330741674,-0.0503219085768797,1,3,1,gen_1080_8.ElmSym
PSS2B_gen_1081_5,9.74016027478501,0.460618584994599,1.02522299671546,5,1,0.0967754571093246,0,0,0.0200781682105735,0.153137818013784,0.020330286744982,0.0,5.0537529385183,0.491738882893696,0.0982836308749393,5.20454531768337,5.12220007227734,4.88264117925428,0.0,99.542109623272,-100.624253578903,99.9041473262943,-101.390957321925,0.0523398762894794,-0.0515591813391075,1,3,1,gen_1081_5.ElmSym
PSS2B_gen_1082_6,9.7063129064627,0.466560582565516,1.02845197874121,5,1,0.100392947988585,0,0,0.0205987195596099,0.156309471738059,0.0209802395841107,0.0,5.20731212105602,0.501029470702633,0.0979982121940702,4.78277353523299,5.07697822176851,5.07210284890607,0.0,95.2584346141666,-99.8222450652625,96.0064758645371,-95.4296775342431,0.0511597507377155,-0.0503207712573931,1,3,1,gen_1082_6.ElmSym
PSS2B_gen_1084_1,9.50157926185057,0.470383443454653,0.984581846185029,5,1,0.0972714329790324,0,0,0.0206914978111163,0.153130014804192,0.0195644294749945,0.0,4.79839103459381,0.483429578621872,0.098482853085734,5.14565823483281,4.86721486807801,5.19849472003989,0.0,102.413435429474,-100.372670378443,102.312936968263,-100.422143892618,0.0521121210791171,-0.0489870122051798,1,3,1,gen_1084_1.ElmSym
PSS2B_gen_1085_2,10.1808824203908,0.46475180653967,1.01403261437081,5,1,0.102707785107195,0,0,0.020006633377634,0.155277019164059,0.019035233781673,0.0,4.8518204386346,0.516046966426075,0.103575916346163,4.83709964691661,4.81954121333547,4.78338660509326,0.0,96.4691417508758,-98.8672494673636,103.946868044883,-95.5361193875782,0.0492103100335225,-0.0489657910820097,1,3,1,gen_1085_2.ElmSym
PSS2B_gen_2003_7,4.07804446797818,0.240593536386732,0.979696764424443,5,1,0.123751824131235,0,0,0.0412903270665556,0.282873534834012,0.0417570458613336,9.64784757280722e-5,2.5287865094142,0.203065832881257,0.100541025372222,2.48695232102182,2.38859067042358,2.5320945282001,0.0,97.9163038831204,-94.1618382818531,98.8313513745088,-98.8781238530762,0.0479871082748286,-0.048984165424481,1,3,1,gen_2003_7.ElmSym
PSS2B_gen_2004_8,4.13477877434343,0.238359290977474,1.04805105556734,5,1,0.121130950899795,0,0,0.0384232634603977,0.28748515044339,0.0411434023007751,9.9984386251308e-5,2.52393070270773,0.200474875625223,0.0969838745705783,2.48161453776993,2.50447241379879,2.48446118587162,0.0,94.9988307252992,-101.997500669584,101.033195976634,-98.7792066425085,0.0475104574090801,-0.049088857260067,1,3,1,gen_2004_8.ElmSym
PSS2B_gen_2010_1,9.91948892641813,0.458361580403522,0.965542001929134,5,1,0.100601481068879,0,0,0.0195305062262341,0.15234520472819,0.0199829453034326,0.0,5.12431041942909,0.500206813937984,0.100513871051371,4.86536792642437,5.10004737018607,4.87607109127566,0.0,100.279897097033,-102.270994882844,98.4290205813479,-97.401736043673,0.0503305742959492,-0.0496582920220681,1,3,1,gen_2010_1.ElmSym
PSS2B_gen_2011_2,9.70658679585904,0.451812099699676,0.964247249439359,5,1,0.0951700768433511,0,0,0.0199716902999207,0.155147445418406,0.0197430468630046,0.0,4.99661599192768,0.497194432024844,0.0951751097012311,4.94790883455426,4.99303365708329,4.79721209662966,0.0,97.0176365654916,-96.8323522636201,102.109844041988,-101.793680139631,0.052039231758099,-0.051706014983356,1,3,1,gen_2011_2.ElmSym
PSS2B_gen_2012_1,9.89890317851678,0.460341224678233,1.03074090457521,5,1,0.104096295232885,0,0,0.0206827353648841,0.149375748478342,0.0208928791340441,0.0,4.91479291091673,0.477492234646343,0.100705924076028,4.89707031100988,5.01434355718084,4.88200881774537,0.0,97.3603071578778,-99.4822731112596,94.882130545238,-102.329302998399,0.0522065659542568,-0.0505540664750151,1,3,1,gen_2012_1.ElmSym
PSS2B_gen_2014_1,9.90784678701311,0.47700586604923,1.02724664444104,5,1,0.0967260858323425,0,0,0.0205610060896724,0.156917190633249,0.0193568924479187,0.0,4.97257483983412,0.516143001476303,0.0969191042240709,4.97834815643728,5.20944829680957,4.95982172037475,0.0,96.4425183575135,-97.7107822874095,98.9141318817157,-101.785563460831,0.0488952557113953,-0.0482623891974799,1,3,1,gen_2014_1.ElmSym
PSS2B_gen_2015_1,9.84213128127158,0.435698434615508,0.957129358500242,5,1,0.10079923002515,0,0,0.0209127585729584,0.14328028593678,0.0199910910241306,0.0,4.86244172393344,0.49465508738067,0.10261517974548,4.82274855254218,4.83162835496478,5.20987130189314,0.0,94.6194325635675,-99.6575002734549,96.0115270005539,-96.358183107432,0.0503720625117421,-0.0502013403573073,1,3,1,gen_2015_1.ElmSym
PSS2B_gen_2016_2,10.1918899500743,0.470230278375372,1.03754790597595,5,1,0.0959377341764048,0,0,0.0204956210982054,0.151621942436323,0.0194268631311134,0.0,4.87445683847182,0.496571815153584,0.101653790767305,5.03632879769429,5.1817642103415,4.92696484201588,0.0,101.779748237226,-97.3492173861712,103.399256837927,-103.170906193927,0.0523601541947573,-0.0495945398905314,1,3,1,gen_2016_2.ElmSym
PSS2B_gen_2021_14,10.1138851027936,0.437521560194716,0.967116667469963,5,1,0.101667650789022,0,0,0.0200461338115856,0.145686232144944,0.0205562456399202,0.0,5.18211415410042,0.508619371522218,0.0973276480520144,5.12622389383614,5.09484952362254,5.13496764539741,0.0,99.530102627445,-96.8688125101849,102.250507931923,-97.1293296308722,0.0502383131464012,-0.0508153074723668,1,3,1,gen_2021_14.ElmSym
PSS2B_gen_2024_2,9.72547658160329,0.466044294287637,0.95766353844665,5,1,0.102904576123692,0,0,0.0203398416545242,0.153055817303248,0.020227830838412,0.0,5.15922070085071,0.5236362246098,0.103872515787371,5.12681326060556,5.03450930607505,4.76340671442449,0.0,101.433160930686,-99.357193424413,94.7656291550025,-100.628599239467,0.0492679160204716,-0.0523233492858708,1,3,1,gen_2024_2.ElmSym
PSS2B_gen_2028_6,9.70040190732107,0.47616224274449,1.01198629904538,5,1,0.0982855825778097,0,0,0.0194258794169873,0.149221782130189,0.0201191696096212,0.0,5.08085084264167,0.479777807719074,0.0995303317531943,4.85894515458494,5.12076138658449,5.03149795904756,0.0,94.7408830003347,-103.2713121315,97.8673714501318,-102.041000531288,0.0480366318696178,-0.0504902343545109,1,3,1,gen_2028_6.ElmSym
PSS2B_gen_2030_8,10.0415239110589,0.461952712367848,0.981069740559906,5,1,0.101139372014441,0,0,0.0199036764241755,0.153484149584547,0.019290204918012,0.0,4.98316192324273,0.509465388581157,0.0998885767767206,5.08948149508797,4.83626566152088,5.12987901479937,0.0,103.260921468772,-95.9313571213279,100.276376109291,-96.6686281038914,0.0496592206368223,-0.0508274550107308,1,3,1,gen_2030_8.ElmSym
PSS2B_gen_2036_1,10.2154630268924,0.434149761632457,1.00143637186848,5,1,0.0954945345735177,0,0,0.0201208766540512,0.143055138308555,0.0202451559659094,0.0,4.75352574232966,0.50146961377468,0.099938805247657,5.12493858463131,4.99251446453854,4.97014711843804,0.0,103.748072959157,-103.223077336885,96.6334749300498,-103.546821253281,0.0517733218357898,-0.0477318972954527,1,3,1,gen_2036_1.ElmSym
PSS2B_gen_2037_2,10.3917512660846,0.471223145129532,1.04745368678123,5,1,0.10180772062391,0,0,0.0190002588974312,0.14743312146049,0.0202655745316297,0.0,5.24456547247246,0.500230374536477,0.09637563099619,5.16267826547846,4.8026149366051,5.23409090843052,0.0,99.1642213993706,-100.482939294353,102.892873606319,-100.750235991273,0.0485635024309158,-0.0519205361139029,1,3,1,gen_2037_2.ElmSym
PSS2B_gen_2038_3,9.91825059708208,0.448491035627201,0.984476475557312,5,1,0.103889967058785,0,0,0.0202279548253864,0.154745997434948,0.0198170765163377,0.0,4.93554608826526,0.517683638050221,0.104478405192494,5.10692490357906,5.02780778636224,4.99792370968498,0.0,94.8194220893551,-99.376059233956,98.2950192877091,-99.3725008356851,0.0508967065066099,-0.0510801993031055,1,3,1,gen_2038_3.ElmSym
PSS2B_gen_2040_1,10.2095683165826,0.474338196282461,1.04431100538932,5,1,0.0961430272134021,0,0,0.0195786454547197,0.146275955128949,0.019938598420471,0.0,4.76299063488841,0.491273059160449,0.100104828034528,4.89278240990825,4.87322744517587,4.98662301292643,0.0,103.046825365908,-97.9340686982497,102.919860317465,-100.141253767535,0.051082024439238,-0.0515085651981644,1,3,1,gen_2040_1.ElmSym
PSS2B_gen_2041_2,9.59254657849669,0.440344119339064,1.00902750780806,5,1,0.104341866821051,0,0,0.020122503564693,0.151991945800837,0.0203804186778143,0.0,4.97467159829102,0.522618921869434,0.102442011111416,4.82693776348606,4.97111738217063,4.93927105516195,0.0,94.4901963479351,-96.9398740849458,99.6323498176876,-98.6037015267648,0.050964076067321,-0.0478869008948095,1,3,1,gen_2041_2.ElmSym
PSS2B_gen_2043_2,10.3014221540652,0.43446302786395,0.98376238537021,5,1,0.104566314173862,0,0,0.0204586959406734,0.151088507871609,0.019320484617725,0.0,5.21703731664456,0.501362328068353,0.100232535307296,5.03294337820262,5.07247070129961,4.96505120093934,0.0,102.087543627759,-98.2640564619563,98.1934713355266,-95.7460852158721,0.0524914241652004,-0.0523107405845076,1,3,1,gen_2043_2.ElmSym
PSS2B_gen_2044_3,9.93335772305727,0.472114722630009,1.01401146803983,5,1,0.104743889695965,0,0,0.0207804481238127,0.154218655773438,0.0195532854925841,0.0,4.80198902962729,0.499704562174156,0.104213600377552,5.21602409076877,4.91242722142488,4.96413835859858,0.0,101.024398052786,-101.203295342345,98.8639787083492,-99.824040332716,0.0517212893627584,-0.0501661151484586,1,3,1,gen_2044_3.ElmSym
PSS2B_gen_2045_4,10.4249399108812,0.44225750795491,0.986595614766702,5,1,0.103780761794187,0,0,0.019768504393287,0.153563683612738,0.0208186016371474,0.0,5.24801481771283,0.477777580358088,0.104184522680007,5.24361792067066,5.0280292420648,4.90382262552157,0.0,96.3203777091578,-101.453159645386,98.4264964977745,-97.2475636795163,0.0502727956348099,-0.0497118361410685,1,3,1,gen_2045_4.ElmSym
PSS2B_gen_2046_1,9.55945861712098,0.458625767687336,0.989081077789888,5,1,0.0962072995956987,0,0,0.0201519719464704,0.143223940716125,0.0194863426536322,0.0,4.95328061189502,0.494737495132722,0.103314783219248,5.08723622839898,5.13774588680826,5.22217346681282,0.0,100.14166941857,-101.00008012075,95.6994559299666,-98.2826495273039,0.0498069744836539,-0.0492597109195776,1,3,1,gen_2046_1.ElmSym
PSS2B_gen_2047_2,10.234877851326,0.464819557252899,0.986962336488068,5,1,0.101381992092356,0,0,0.0202243290860206,0.142610074763652,0.020058956081979,0.0,5.16417445754632,0.494478036952205,0.104395090369508,4.95324279903434,5.2138214870356,4.80622415523976,0.0,99.8503125742078,-97.7309817604255,100.946068794653,-101.389466469688,0.0487806422053836,-0.049927173058968,1,3,1,gen_2047_2.ElmSym
PSS2B_gen_2054_1,9.65881689172238,0.454132230990753,1.00362006551586,5,1,0.0980877235438675,0,0,0.0204055506587029,0.155557871719357,0.0207279954375699,0.0,5.03718840074725,0.491186514426954,0.0965485074976459,5.24333347100765,4.82474425202236,4.95918286405504,0.0,97.8214023367502,-97.9164640223142,96.9657858392224,-94.9795853475574,0.0487250939989462,-0.0500323031796142,1,3,1,gen_2054_1.ElmSym
PSS2B_gen_2055_2,9.66036554425955,0.461241591568664,0.983244543801993,5,1,0.0991949809249491,0,0,0.0193858397621661,0.153393340751063,0.0203155419137329,0.0,4.98095792904496,0.498924624104984,0.0997591911628842,4.94179752771743,4.88160333968699,4.76012995047495,0.0,101.148635461042,-101.317611888517,94.462361697061,-103.668077132246,0.0488842558232136,-0.0487662371736951,1,3,1,gen_2055_2.ElmSym
PSS2B_gen_2056_3,9.5822860840708,0.451980041032657,1.03078481238335,5,1,0.0977413789415732,0,0,0.0202764869472012,0.146318316527177,0.0204422307536006,0.0,5.1067101075314,0.485691282874905,0.104828239767812,4.95037460676394,4.799099677708,5.24448050162755,0.0,98.6839060597122,-101.244876032369,100.987475266401,-101.746011182154,0.052226806092076,-0.0502188767748885,1,3,1,gen_2056_3.ElmSym
PSS2B_gen_2057_4,9.96558194328099,0.439673165130615,0.950623734667897,5,1,0.103834877680056,0,0,0.0191044020680711,0.15720914432779,0.0194051316045225,0.0,5.11923380591907,0.524532634578645,0.100626175878569,5.062674600631,4.8434455068782,5.20411322894506,0.0,94.1271824398544,-101.751517214533,95.4284696835559,-95.1221070817206,0.0485426840255968,-0.0524882642412558,1,3,1,gen_2057_4.ElmSym
PSS2B_gen_2058_5,9.55824730172753,0.43392984569259,0.980695197032765,5,1,0.102519465023652,0,0,0.0209569491222501,0.150368746113963,0.0197759632430971,0.0,5.06817931565456,0.517137235659175,0.104287038617767,5.06498322612606,4.95024220575579,5.06006198236719,0.0,98.4475931365974,-94.1177364402451,95.5349008554127,-95.6296263072174,0.0514795026741922,-0.0503593052527867,1,3,1,gen_2058_5.ElmSym
PSS2B_gen_2059_6,9.87452382454649,0.446256359408051,0.958812133502215,5,1,0.098526251912117,0,0,0.0206736787306145,0.149139843424782,0.0203457762273029,0.0,5.23154250206426,0.487865291163325,0.104882737826556,5.15540084359236,5.16036357963458,5.11555931065232,0.0,97.0454183068592,-100.832978520915,94.7163835200481,-100.169303702982,0.0522871456621215,-0.052109109305311,1,3,1,gen_2059_6.ElmSym
PSS2B_gen_2060_1,0.414155985675752,0.953771146619692,0.00982179629895836,4,2,0.352332332960796,0,0,0.0795285987630486,0.342639678777195,0.08004947302863,0.0,1.95222205193713,0.0,2.54487612424418,2.00090640895069,2.0215866740793,1.98073224341497,2.05324881151319,103.317012460716,-96.2401682296302,99.0651220274158,-102.517369486531,0.0198026300612837,-0.0193762131324038,1,3,1,gen_2060_1.ElmSym
PSS2B_gen_2061_5,0.406470208913088,0.967148252064362,0.0100223794062622,4,2,0.342003506289329,0,0,0.0761991605833173,0.36032835042337,0.0809887016266584,0.0,2.00244581848383,0.0,2.42608000419568,2.09016030943021,2.04532041000202,2.0803834117949,1.95523212961853,100.095582587644,-94.442786207702,96.6191642938647,-101.750903160917,0.0192125911479816,-0.0209614867419004,1,3,1,gen_2061_5.ElmSym
PSS2B_gen_2062_2,0.385584300626069,1.00538927740417,0.00959466024208814,4,2,0.36140543741174,0,0,0.080701072473079,0.347375909625553,0.0773572773076594,0.0,1.96703920885921,0.0,2.59015859127976,2.03210558015853,1.92035037884489,1.93886269666255,1.91732463790104,103.238806475233,-96.7872619496193,101.578433447471,-96.8724322543479,0.0197216458162293,-0.0192711769444868,1,3,1,gen_2062_2.ElmSym
PSS2B_gen_2069_1,10.4963209535927,0.453252152252197,0.950543017173186,5,1,0.104610880315304,0,0,0.0200633107516915,0.155195691254921,0.0201004787562415,0.0,5.03878232371062,0.501045634341426,0.0956976115796715,5.02833343856037,5.09176254668273,4.96896344353445,0.0,97.0270310432184,-102.718906014925,94.9491359242704,-95.1462466326076,0.0514046409167349,-0.0486571689532138,1,3,1,gen_2069_1.ElmSym
PSS2B_gen_2073_1,10.2269658558071,0.468080051663518,0.997801568452269,5,1,0.104091603332199,0,0,0.0206117131598294,0.145526500975247,0.019330818160437,0.0,4.96165510662831,0.506761095300317,0.102297295322642,5.12822905415669,4.85626722453162,5.06983582023531,0.0,95.8494485721923,-103.637908216473,103.488404501975,-102.681841515703,0.0501477866899222,-0.0492627290729433,1,3,1,gen_2073_1.ElmSym
PSS2B_gen_2091_1,5.96976737603545,0.29556621867232,1.01072265389375,5,1,0.117060541793704,0,0,0.038856425261125,0.207179928021505,0.041124812066555,0.0205150409312919,2.61493456060998,0.206710856873542,0.097840108377859,2.41006376361474,2.55554388684686,2.5175695756916,0.0,99.9640982550569,-98.6427577920724,98.4784346996806,-98.6791536132339,0.0495700470893644,-0.0495183879951946,1,3,1,gen_2091_1.ElmSym
PSS2B_gen_2092_1,9.69763259822503,0.466884875183925,1.02369183660485,5,1,0.102504457607865,0,0,0.019145796068944,0.150872134119272,0.02079837845359,0.0,5.212346264394,0.490189267834648,0.101345248492435,4.86627245508134,4.79097224422731,4.77677344507538,0.0,99.4419590269681,-101.993648367003,99.9722115270328,-95.6933164956048,0.0494808964524418,-0.0490654055750929,1,3,1,gen_2092_1.ElmSym
PSS2B_gen_2093_2,9.84833744773641,0.458732941519842,0.989514885051176,5,1,0.0989205393614248,0,0,0.0202948811622337,0.145995877326932,0.020107539136894,0.0,4.92238302156329,0.49390774872154,0.102872952376492,4.93405061378144,4.97471659816802,4.77375317714177,0.0,94.8311575257685,-95.9852309896611,103.405516161164,-96.4967140762601,0.0497055418952368,-0.049992305834312,1,3,1,gen_2093_2.ElmSym
PSS2B_gen_2094_3,10.0617560767569,0.472709645930305,0.99430804522708,5,1,0.0981912112701684,0,0,0.0209399224733934,0.148068243206944,0.0209059475678951,0.0,4.97060141130351,0.497670340444893,0.0986516886623576,4.99563686992042,5.04637361061759,5.05490846023895,0.0,94.1341282313224,-98.5071877825074,98.5617702380754,-100.306462265505,0.0484712557843886,-0.0494610123662278,1,3,1,gen_2094_3.ElmSym
PSS2B_gen_2095_4,10.3804356041364,0.462432247381657,1.03071744991466,5,1,0.103215407612734,0,0,0.0197448573894799,0.145646710640285,0.0204785518022254,0.0,4.84102821070701,0.507313736714423,0.0998473864514381,4.77364033064805,5.16030666674487,5.12374912342057,0.0,103.519092836324,-101.29787190347,96.8251392507926,-96.3538182829041,0.0477449681703001,-0.0490867062518373,1,3,1,gen_2095_4.ElmSym
PSS2B_gen_2322_3,0.333512494945899,1.0168667123653,0.00953107943339273,4,2,0.346254777095746,0,0,0.0958854643438943,0.346593184135854,0.0898181773778982,0.0,1.99985759221017,0.0,2.37573869491462,1.91413634745404,1.9947821191512,1.96391302123666,2.07582926414907,94.7191684354562,-95.6450762657449,102.937012166949,-102.20599134746,0.0203248781906441,-0.0207128002177924,1,3,1,gen_2322_3.ElmSym
PSS2B_gen_2323_4,0.35362906876253,0.969730036566034,0.00963672922831029,4,2,0.335101099233143,0,0,0.0928301068260334,0.351203609374352,0.0888884171391372,0.0,1.93419450214133,0.0,2.60768868075684,2.01797702908516,2.09510013591498,1.94646426122636,2.02593467626721,100.997812374216,-94.7609695963561,102.405332018388,-100.107372713042,0.0194646375430748,-0.02078336736653,1,3,1,gen_2323_4.ElmSym
PSS2B_gen_2324_1,0.384320657849312,0.972876169905066,0.0100507411253639,4,2,0.294646521988325,0,0,0.0945832086178008,0.30173819613643,0.093838167784363,0.0,2.00980665488169,0.0,2.60140021145344,2.01868824008852,2.04384209159762,2.03893880257383,1.98946192637086,100.893239023536,-98.4615519985556,95.4008794942405,-98.9445052023511,0.0195287597924471,-0.0197751374868676,1,3,1,gen_2324_1.ElmSym
PSS2B_gen_2325_2,0.788942733965814,1.03617604947649,0.00992757748439908,4,2,0.341452037184499,0,0,0.0910809155029245,0.340800035742577,0.0915996346113738,0.0,1.99200208950788,0.0,2.47062501427718,2.09335809620097,2.05984128555283,2.09818581268191,2.02097818572074,95.2857905531768,-96.3608017845545,103.735031086206,-95.4246408000123,0.0207475973628461,-0.0208925268528983,1,3,1,gen_2325_2.ElmSym
PSS2B_gen_3154_3,9.68969093775377,0.462563881261647,0.980189357465133,5,1,0.0970672654919326,0,0,0.0198291051052511,0.152277879423928,0.0201861558500677,0.0,4.97964977519587,0.501181521476246,0.0979677891451865,5.15668383915909,5.21762431156822,4.97658649785444,0.0,100.653506524488,-103.77056118669,102.207396263815,-99.7512656830251,0.0493555267923512,-0.0507975600543432,1,3,1,gen_3154_3.ElmSym
PSS2B_gen_3155_1,10.1715359068476,0.441899044251814,1.03511475748383,5,1,0.0972310203313828,0,0,0.0195606895759702,0.144273850000463,0.0205533142266795,0.0,5.0191484678071,0.498325365060009,0.104692849051207,5.2431466425769,4.79496209928766,5.01592562883161,0.0,103.678788515925,-102.722798033059,101.187120288005,-98.6811488091946,0.0521083255205303,-0.0516197907808237,1,3,1,gen_3155_1.ElmSym
PSS2B_gen_3156_2,9.54192219628021,0.441782891472057,0.981319514568895,5,1,0.0959537235228345,0,0,0.0194464245112613,0.157317900743801,0.0193553944909945,0.0,5.14342947024852,0.513977422146127,0.101423169183545,4.9637012258172,5.21601376053877,4.9675836043898,0.0,98.3002270270139,-97.7104880004655,98.015513296891,-102.919438940752,0.0508636583271436,-0.0485895970487036,1,3,1,gen_3156_2.ElmSym
PSS2B_gen_3264_1,-0.381715564400889,0.0,0.0,0,0,0.0221462647739332,0,0,0.0101263693789952,0.204032785836607,1.93316355571151,0.0206423166738823,0.0,98.524175878521,102.570422619022,1.50667443412822,1.44647200251929,101.485180670489,0.0,96.6143826796207,-101.146355248941,99.7350178821478,-100.124082606565,0.0499144892534241,-0.0513800210831687,1,3,1,gen_3264_1.ElmSym
PSS2B_gen_3295_1,9.59937559254467,0.456717388739437,1.04122021924704,5,1,0.0982157127326354,0,0,0.0195702221188694,0.147067429544404,0.0204890372566879,0.0,5.08062735851854,0.508554604719393,0.0967588651180267,5.24427301390097,5.08778175595216,4.8270807415247,0.0,99.1387744115666,-96.4917812801432,96.9004849051125,-97.7482680711429,0.0504031013278291,-0.0495907849515788,1,3,1,gen_3295_1.ElmSym
PSS2B_gen_3301_1,9.73627180000767,0.45939341680035,0.965432999096811,5,1,0.0958602619590238,0,0,0.0208541476493701,0.148722686497495,0.0196455907132477,0.0,4.92121670790948,0.512735866033472,0.0980593815306202,4.84497440885752,4.9988767162431,5.18573296908289,0.0,98.7493168005254,-95.9221312053502,103.706833882816,-96.5869302154519,0.0502862924267538,-0.0482496252283454,1,3,1,gen_3301_1.ElmSym
PSS2B_gen_3417_1,9.81635782076046,0.472499246544018,0.966426245542243,5,1,0.104242996992543,0,0,0.0204160843808204,0.15154639090877,0.0192213635453954,0.0,4.94367371080443,0.491905717854388,0.0965990193048492,4.90223365672864,5.09655408770777,5.16189463157207,0.0,102.013787568267,-97.3536053439137,96.0721870605368,-97.9507407156285,0.0504048673575744,-0.0518791696312837,1,3,1,gen_3417_1.ElmSym
PSS2B_gen_3418_2,10.2283452739939,0.4606177258607,0.992006504535675,5,1,0.100506325257011,0,0,0.0192005827324465,0.150273506746162,0.0192329963874072,0.0,4.9754232717678,0.513835348444991,0.10359016076196,5.05996247543953,5.11508370214142,4.90160090429708,0.0,96.1752263905015,-102.864094513608,103.241143782763,-97.9154362170026,0.0524943339801393,-0.052066103676334,1,3,1,gen_3418_2.ElmSym
PSS2B_gen_3419_3,10.0760866790079,0.461928443831205,0.996305504441261,5,1,0.0986016802117228,0,0,0.0190341756334528,0.14298903418472,0.0201998094245791,0.0,5.2140093871858,0.49489160515368,0.0961660064291209,5.17328842659481,4.86265668552369,4.85601754812524,0.0,98.6246613901108,-95.189390972117,94.5342472900171,-96.1062226852868,0.0484211807488464,-0.0481943857017905,1,3,1,gen_3419_3.ElmSym
PSS2B_gen_3420_4,10.3162274057977,0.468455893335119,1.03704728689045,5,1,0.0994808164983988,0,0,0.019982030775398,0.153639578686561,0.0199177394369617,0.0,4.79266551253386,0.511349562788382,0.100822484716773,5.15969124063849,4.8742098743096,4.99783054832369,0.0,94.3669565676246,-94.5843692210969,102.855770442635,-102.888914433634,0.0490913588623516,-0.0493646424729377,1,3,1,gen_3420_4.ElmSym
PSS2B_gen_3421_5,10.0381028028205,0.449539522616565,0.986197239207104,5,1,0.09794231321197,0,0,0.019237785291858,0.157048689003568,0.0198998754387721,0.0,5.23221062892117,0.47809738626238,0.102465686234646,4.95941216195934,5.16468207724392,5.13822531583719,0.0,95.5625940654427,-97.0942946217488,101.881474095723,-103.352663201513,0.0487966967723332,-0.0484590029111132,1,3,1,gen_3421_5.ElmSym
PSS2B_gen_3422_6,10.3144996007904,0.470388530988246,0.996627508383244,5,1,0.0973100706376135,0,0,0.0208178518535569,0.154402713007294,0.0198988776626065,0.0,5.02228582464158,0.484573684050702,0.0970443196082488,4.81660302611999,4.89139800029807,5.03431705990806,0.0,100.076569450228,-100.538868980762,94.6386389633641,-95.4821846896782,0.0503583031287417,-0.0496732600964606,1,3,1,gen_3422_6.ElmSym
PSS2B_gen_3423_1,10.4614894110709,0.447400119420514,0.963156101247296,5,1,0.0959128107177094,0,0,0.0196941383313388,0.152235946417786,0.0208150723604485,0.0,4.90527320606634,0.488676455849782,0.102323529254645,4.9918925948441,5.10431978059933,5.08488234085962,0.0,96.7894146708772,-103.713578971289,103.164607699122,-101.818239951599,0.0475936663104221,-0.0493614714709111,1,3,1,gen_3423_1.ElmSym
PSS2B_gen_3424_2,9.70456628128886,0.444138969851285,1.028346991539,5,1,0.099607663708739,0,0,0.0200635292194784,0.144833955850918,0.0206837484706193,0.0,5.08264742908068,0.489471079106443,0.102909394828603,5.12402819260024,4.94389188103378,4.99809863092378,0.0,97.0272202902473,-95.7456263272092,99.6892106321175,-94.3873787658289,0.0500161899835803,-0.0501768146082759,1,3,1,gen_3424_2.ElmSym
PSS2B_gen_3425_3,10.2931500244886,0.435627676848695,0.993830750091001,5,1,0.097578051770106,0,0,0.0208067107442766,0.154977539875545,0.0202918515522033,0.0,5.13824081374332,0.516269825119525,0.0995115801226348,4.75937225762755,4.85677584982477,4.89003282575868,0.0,95.6550900525413,-103.053368368372,100.351069382066,-99.2425287090708,0.0501531957858242,-0.0521201882022433,1,3,1,gen_3425_3.ElmSym
PSS2B_gen_3426_4,9.6568347546272,0.458300790734589,0.953536554891616,5,1,0.103834233745001,0,0,0.0193645992465317,0.15730998492334,0.0190471334271133,0.0,4.81223610392772,0.524520010594279,0.102675146330148,4.93453100230545,4.90197490598075,4.79537128820084,0.0,95.5534721705597,-102.985200681305,100.549547338067,-95.5296165294014,0.0496712742373347,-0.0487343131029047,1,3,1,gen_3426_4.ElmSym
PSS2B_gen_3430_1,9.81368835363537,0.46920620287098,0.991284851217642,5,1,0.101747276824899,0,0,0.0203649597251788,0.147616095137782,0.0209324740143493,0.0,4.7847521470394,0.507427229452878,0.104542009793222,4.91911741765216,4.91032977332361,4.9918564632535,0.0,101.304231965449,-101.304206573311,101.985987414373,-98.0692186587956,0.0501391072873957,-0.0522215076279826,1,3,1,gen_3430_1.ElmSym
PSS2B_gen_3431_2,10.2306239833124,0.44133041180782,1.03896850910969,5,1,0.0958436461677775,0,0,0.0192584230834618,0.146083801235072,0.0193592341458425,0.0,4.83710757736117,0.504023557296023,0.0979905391763896,4.781866324367,4.81633306993172,4.97269295691513,0.0,94.7504378569778,-94.4730457477737,97.8908335684799,-103.628596207872,0.0510131821618415,-0.0482595533877611,1,3,1,gen_3431_2.ElmSym
PSS2B_gen_3434_1,2.69340750131435,0.369127405461026,0.991555726900697,5,1,0.0415155468779616,0,0,0.0135717819846701,0.233619853124348,0.0701666867001914,0.0,5.09746584761888,0.503593330318108,0.0972832939354703,5.16985253687017,4.82912636385299,5.06827817158774,0.0,96.3962102074642,-97.0146598997991,98.860186954122,-102.411185353249,0.0479467908269726,-0.0485015734750777,1,3,1,gen_3434_1.ElmSym
PSS2B_gen_3435_2,2.57101656678654,0.346076381810168,0.953732023807242,5,1,0.0408180909597315,0,0,0.0134714539927198,0.234613241856778,0.067488352174405,0.0,5.14325053850189,0.521453429758549,0.100104436646216,4.99249332980253,4.90769885620102,4.93662331230007,0.0,96.8144609119277,-94.1105856169481,94.9859715946019,-95.365665675234,0.0503662749496289,-0.0482296889927238,1,3,1,gen_3435_2.ElmSym
PSS2B_gen_3436_3,2.75463124682652,0.3599016699791,0.982582944445312,5,1,0.0409284390443936,0,0,0.0129004507990088,0.242320614507934,0.0702164414557628,0.0,5.17450364143588,0.516897081234492,0.100326998718083,5.13671350572258,5.10743086179718,4.75482524326071,0.0,98.3179678099696,-99.6416351064574,103.527602871973,-101.787601050781,0.0489329059328884,-0.0511236004089005,1,3,1,gen_3436_3.ElmSym
PSS2B_gen_3437_4,2.25382382493466,0.822370996846817,1.02449830425903,5,1,0.0379863207204267,0,0,0.0101347710927948,0.31141076861741,0.0729000348648988,0.0,4.75389933865517,0.477575842733495,0.0960985630424693,4.83917082683183,4.90735924756154,5.1589772591833,0.0,95.5415815369226,-96.5798631244339,96.3601600752678,-95.1153844672255,0.0507493519084528,-0.0500073969340883,1,3,1,gen_3437_4.ElmSym
PSS2B_gen_3438_1,-0.539083180874446,0.0,0.0,0,0,0.0467515864244197,0,0,0.0190732246469706,0.301797390338033,3.11993585689925,0.0191325181787834,0.0,95.1928810172249,96.2893964339979,1.34998832150828,1.2891825362714,103.78951452258,0.0,101.23035002402,-100.295703389123,95.8021899503656,-101.341373438621,0.0504094116366468,-0.0476057945261709,1,3,1,gen_3438_1.ElmSym
PSS2B_gen_3439_2,-0.552677562142955,0.0,0.0,0,0,0.0440157070043497,0,0,0.0195676640672609,0.314634686205536,2.86881040628068,0.0206000264408067,0.0,98.3513966004364,98.5620513218455,1.23933226885274,1.31553867998533,94.2117612433154,0.0,102.536797445174,-103.08221133328,102.791970392223,-102.477168168593,0.0520284870802425,-0.0488193472777493,1,3,1,gen_3439_2.ElmSym
PSS2B_gen_3442_1,10.3945283456706,0.473730747761205,0.987008556444198,5,1,0.0951671853289008,0,0,0.0203403103323653,0.149941631485708,0.020244519229047,0.0,5.13679850823246,0.48250830702018,0.104747715098783,5.17218210012652,4.82713138964027,5.03862322634086,0.0,96.5191731959581,-103.904172949819,101.316089784773,-94.565352248121,0.048225271741394,-0.0493574029812589,1,3,1,gen_3442_1.ElmSym
PSS2B_gen_3443_2,10.4650000496767,0.476150583707169,1.02764487131499,5,1,0.104969126484357,0,0,0.0194941130289808,0.143530682371929,0.0205965251643211,0.0,5.11897363932803,0.48184404913336,0.0951111084409058,5.19676391850226,4.80473717744462,5.17073144484311,0.0,98.1697098038625,-97.6831704954151,102.624313055864,-95.3513598242775,0.0501298977597617,-0.0488342431257479,1,3,1,gen_3443_2.ElmSym
PSS2B_gen_3444_1,10.4675237345509,0.446358085469529,0.981946929078549,5,1,0.103360862648115,0,0,0.0199026090009138,0.142556073744781,0.0209481258140877,0.0,4.85155186871998,0.479313093493693,0.095974346678704,5.02038000850007,4.85866727656685,4.9052835048642,0.0,103.901242587436,-103.255297220964,101.346116651176,-94.9908817553893,0.0479183692787774,-0.0507301244325936,1,3,1,gen_3444_1.ElmSym
PSS2B_gen_3448_1,10.1947814933956,0.433687338225916,1.03977409414947,5,1,0.0981379058584571,0,0,0.0200685497205704,0.156222216908354,0.0193502745740116,0.0,4.7950951163657,0.50471305437386,0.102684662351385,5.10471452842467,5.18902392289601,5.20260138437152,0.0,98.1024396421853,-94.9370986773167,95.3256907105911,-96.6697765541263,0.0505439855530858,-0.0500158564536832,1,3,1,gen_3448_1.ElmSym
PSS2B_gen_3449_2,10.1120414021425,0.477534136144817,1.04526829402894,5,1,0.103492117170244,0,0,0.0203420535968617,0.142757508864161,0.0209142401283607,0.0,5.02798409340903,0.487314633163624,0.0965499275643378,4.90187179017812,4.75170965120196,4.76138336863369,0.0,95.0171183566097,-101.29928917475,96.3832789848558,-94.8928337829653,0.0481670922483318,-0.0509384527197108,1,3,1,gen_3449_2.ElmSym
PSS2B_gen_3453_1,10.2753706388175,0.443772996073589,1.01428041928448,5,1,0.102515067444183,0,0,0.0206161260893568,0.151587508034427,0.0207373389769346,0.0,5.17043035943061,0.487395345442928,0.0991870918031782,4.8230180083774,5.22443779627793,5.06644942937419,0.0,103.911700243363,-99.3806953551248,97.214419176802,-100.869344524294,0.0496254833578132,-0.0505146921449341,1,3,1,gen_3453_1.ElmSym
PSS2B_gen_3454_2,10.4578507407568,0.468925048393384,0.978955622995272,5,1,0.104313599425368,0,0,0.0198735764473677,0.154522018174175,0.0197937370957807,0.0,5.13741239672527,0.490722630498931,0.0999373497348279,4.85155198234133,5.00729237520136,4.95110150449909,0.0,99.7998175428249,-96.0707152201328,100.571461158386,-95.3875445698388,0.0506919699814171,-0.0511586131691001,1,3,1,gen_3454_2.ElmSym
PSS2B_gen_3455_3,10.2242622370832,0.439564914344251,1.0270641323179,5,1,0.104773925342597,0,0,0.0197551564648747,0.14353701713495,0.0193418830139562,0.0,4.95034883404151,0.524040722451173,0.0981120025133714,4.79629660700448,4.78529354417697,4.89195613213815,0.0,97.2459215624258,-94.6424209074117,101.366391383205,-95.9005041760392,0.0524992956430651,-0.0510320318280719,1,3,1,gen_3455_3.ElmSym
PSS2B_gen_3456_4,10.3352929293178,0.471355842309818,0.989716824144125,5,1,0.103202810115181,0,0,0.0198440805282444,0.155491238047834,0.0201469879327342,0.0,5.09433802426793,0.489372256677598,0.103031918383203,4.97663415363058,5.01888570562005,4.97620087536052,0.0,100.031422059238,-99.3517129086424,103.523000749899,-95.22028281237,0.0515990950795822,-0.0503514726366848,1,3,1,gen_3456_4.ElmSym
PSS2B_gen_3457_5,10.2504883832298,0.47411904899776,0.968415715638548,5,1,0.0978437952836975,0,0,0.0196430258555338,0.150764012017753,0.0190528081739321,0.0,4.80662052915432,0.485176998190582,0.0988266956526786,4.91303872782737,5.1261046549771,5.20950356102548,0.0,101.424780649412,-102.517204423808,100.311654459732,-99.7209752510302,0.0518325339374132,-0.0515627845097333,1,3,1,gen_3457_5.ElmSym
PSS2B_gen_3462_1,10.0641286280006,0.437804912194982,0.977576278988272,5,1,0.103239306933247,0,0,0.0196473856531084,0.155080236119684,0.0200389595385641,0.0,5.03470562887378,0.488290391908959,0.102835472393781,5.16091790283099,4.96391432220116,5.16981744393706,0.0,98.1308882175945,-95.1896778276656,99.2381165900733,-100.463837892981,0.0524426461616531,-0.0505478891520761,1,3,1,gen_3462_1.ElmSym
PSS2B_gen_3463_1,9.98657295759767,0.475950694675371,1.02299150521867,5,1,0.0962044764216989,0,0,0.020217548886314,0.144077495229431,0.0191965620126575,0.0,4.88381830556318,0.504086663224734,0.101158862258308,4.98198608099483,5.20143321529031,4.90607483545318,0.0,98.0856266864575,-101.949977684626,100.935768627143,-94.643275402626,0.0493975264299661,-0.0501674614520743,1,3,1,gen_3463_1.ElmSym
PSS2B_gen_3464_1,9.7196891028434,0.462389647462964,1.04451405182481,5,1,0.0968046921212226,0,0,0.020066424078308,0.153370403491426,0.0190114932963625,0.0,4.96668603993021,0.499303105240688,0.0976859085960314,4.90613855188712,4.77764614741318,5.14145367452875,0.0,98.997307313187,-102.550007340498,103.187334473524,-103.343745725323,0.0516519013280049,-0.051293883738108,1,3,1,gen_3464_1.ElmSym
PSS2B_gen_3466_1,10.4463853989728,0.467068782329187,1.04311625161208,5,1,0.0968603443540633,0,0,0.0203998036999255,0.144392740766052,0.0194216076554731,0.0,4.82759782415815,0.485372711950913,0.0974510215641931,4.75108297681436,5.10720038739964,4.8838672421407,0.0,102.505496020708,-101.205418536253,95.9607491013128,-96.0057834170759,0.0494897615700029,-0.0492154035205022,1,3,1,gen_3466_1.ElmSym
PSS2B_gen_3525_2,9.54548369999975,0.439026350079104,0.989964477578178,5,1,0.101533909682184,0,0,0.0191758945891634,0.143462535096332,0.0190175256785005,0.0,4.92548821750097,0.476873252075166,0.10219872222282,4.82681276183575,4.92977024242282,5.23541494738311,0.0,96.4512434564531,-97.8259014657698,98.0713095086161,-102.764816364041,0.0491185616422445,-0.0498830911144614,1,3,1,gen_3525_2.ElmSym
PSS2B_gen_3526_3,9.61965523567051,0.467231410536915,0.970114078046754,5,1,0.0958196951216087,0,0,0.0191672686003149,0.157071201992221,0.0195902323704213,0.0,4.76199610601179,0.495070671290159,0.0979526188503951,4.85753268236294,4.98307436425239,4.77059641852975,0.0,98.7367703093681,-103.82685989812,103.866258809762,-99.5858833909035,0.051401330542285,-0.048452956113033,1,3,1,gen_3526_3.ElmSym
PSS2B_gen_3527_1,9.72428394760937,0.439505905329064,0.972248639492318,5,1,0.0990161176817492,0,0,0.0205045813322067,0.157253884335514,0.0205622028410435,0.0,4.88832753291354,0.478055843734182,0.0970924752391875,4.81589842261747,4.81550153205171,5.08207373437472,0.0,102.227474681614,-96.3114453978371,102.099007126736,-97.7495214276016,0.0483686880255118,-0.048616186985746,1,3,1,gen_3527_1.ElmSym
PSS2B_gen_3585_1,9.87525191856548,0.471171373351291,0.975397793482989,5,1,0.0966708425944671,0,0,0.0209310039253905,0.143208934112918,0.0201211741277948,0.0,4.8566291180905,0.477028796938248,0.0978543091006577,4.75464062555693,5.16609032847919,4.86486201989464,0.0,94.1301527436823,-98.2762045943644,95.2971530275885,-102.396944812825,0.0483100052154623,-0.0524381203018129,1,3,1,gen_3585_1.ElmSym
PSS2B_gen_3586_2,9.97861031629145,0.467141318966076,0.985836816113442,5,1,0.102071565659717,0,0,0.0192126311110333,0.152642466339748,0.0195854033604264,0.0,4.93614422599785,0.479405194474384,0.10490950000938,4.82624246226624,5.06068266229704,5.24684064113535,0.0,98.3557648917194,-102.035293122847,99.6947245845571,-99.6608163077384,0.049818939527031,-0.0485382676799782,1,3,1,gen_3586_2.ElmSym
PSS2B_gen_3587_3,9.96623769961298,0.475550610436499,0.981082239374518,5,1,0.100331645538099,0,0,0.0202101240865886,0.145110920425504,0.0207265873486176,0.0,4.89956133277155,0.478516636439599,0.0965261657163501,5.10142039810307,4.80438150954433,5.12558207358234,0.0,97.41237021829,-98.0024928468279,99.7161525750998,-95.6100218667649,0.0477721190568991,-0.0513386917416938,1,3,1,gen_3587_3.ElmSym
PSS2B_gen_3588_4,10.3212376832962,0.459097929841652,0.961901857424527,5,1,0.103846130925231,0,0,0.0202855788087472,0.146877235604916,0.0194937753109261,0.0,4.86407081247307,0.488109126291238,0.0966658077249303,4.84237805544399,4.86130175553262,4.79764913604595,0.0,102.888367294846,-101.492770208884,102.916589793563,-98.1410033839289,0.0495186747494154,-0.0495045425510034,1,3,1,gen_3588_4.ElmSym
PSS2B_gen_3655_1,-5.14997305918112,0.0,0.0,0,0,0.238056957879104,0,0,5.08825224451721,0.00995388968102634,0.0289698696490377,0.0,0.95686843348667,1.03052808078937,1.01698671993799,0.958299149945378,0.984079000959173,1.00528604961,0.0,99.5153554521035,-96.1204367271624,95.3924550902098,-95.8119271389674,0.1028551976569,-0.104219852085225,1,3,1,gen_3655_1.ElmSym
PSS2B_gen_3656_2,-4.95315880016796,0.0,0.0,0,0,0.221128242436331,0,0,4.97079039015807,0.00987887657433748,0.0313291897187009,0.0,0.959627480572089,1.04357743645087,0.973437049333006,0.986873289942741,1.02529130973853,0.953347927471623,0.0,97.2973817531951,-103.00949791423,98.4495833537076,-97.8299378567375,0.104357358454727,-0.101805255506188,1,3,1,gen_3656_2.ElmSym
PSS2B_gen_4027_1,10.3095948672853,0.438335428630561,1.04337631207891,5,1,0.104567602556199,0,0,0.0202111894926056,0.14795072973473,0.0191843885704875,0.0,5.2057076911442,0.482121151033789,0.0980026915064082,5.19526038435288,4.77701714658178,5.19419917324558,0.0,95.2346112202853,-101.932905722642,97.2455710651819,-101.844596833549,0.0501538180280477,-0.0504506498132832,1,3,1,gen_4027_1.ElmSym
PSS2B_gen_4028_1,9.58789137611166,0.458860324470699,1.0361337993294,5,1,0.103536151447333,0,0,0.0205688136247918,0.153138868880924,0.0206076175710186,0.0,5.18302828958258,0.477152559254318,0.0955751712666825,4.80691755842417,4.76889364095405,5.19053669832647,0.0,94.0719124649651,-102.821971788118,100.734480806161,-99.3673494495917,0.0504584355326369,-0.052234036042355,1,3,1,gen_4028_1.ElmSym
PSS2B_gen_4029_1,9.66954294685274,0.438754288448766,0.979550417000428,5,1,0.104549263231456,0,0,0.0198267376804724,0.144878190583549,0.0203219122486189,0.0,4.82078208401799,0.486179140722379,0.0986673831380904,4.89108496741392,5.00349551229738,4.81661645509303,0.0,101.413806622149,-98.6532934638206,99.2200350094121,-101.137383346539,0.0492824199446477,-0.0510871041286737,1,3,1,gen_4029_1.ElmSym
PSS2B_gen_4030_1,10.4731106283143,0.435948653350398,0.979347084881738,5,1,0.0959742536861449,0,0,0.0205765965208411,0.145493224204984,0.0200955416420475,0.0,5.05241253506392,0.506460721278563,0.0951589523907751,5.18210464157164,5.10654867812991,4.92133872536942,0.0,97.4610138364602,-100.155491574202,98.2402616872452,-95.2845612749923,0.0508600046951324,-0.0476625057216734,1,3,1,gen_4030_1.ElmSym
PSS2B_gen_4033_1,9.97595053492114,0.46381052168794,0.99825402428396,5,1,0.0988783135497943,0,0,0.0195303100794554,0.150770098362118,0.0204378749728203,0.0,5.23090743483044,0.514910468016751,0.0956691566482186,5.17844069562852,4.84867758187465,4.85247191903181,0.0,96.841346132895,-94.2384831257164,98.4935254295357,-97.7008228668943,0.0513316274457611,-0.0475428025517613,1,3,1,gen_4033_1.ElmSym
PSS2B_gen_4034_1,10.3557274569757,0.439165400964394,1.01650117798708,5,1,0.103345908098854,0,0,0.0207235895656049,0.148549248478375,0.0197368478355929,0.0,5.12049858830869,0.484802350471728,0.102177618807182,4.94142982806079,4.89083263510838,5.17020677332766,0.0,100.492156013288,-94.3052663419861,96.3209111514967,-96.8811929797288,0.0475029456499033,-0.0492892318055965,1,3,1,gen_4034_1.ElmSym
PSS2B_gen_4035_1,10.3621561760083,0.462379783008993,0.99131147605367,5,1,0.0953003619611263,0,0,0.0201577595248818,0.146731309827883,0.0199083149302751,0.0,4.81608230015263,0.498971749283373,0.096258627702482,4.78992611123249,4.84342382196337,4.98902158765122,0.0,95.1805714778602,-102.896231942391,95.9992646173574,-96.0904919841327,0.047834073251579,-0.051895748374518,1,3,1,gen_4035_1.ElmSym
PSS2B_gen_4036_1,10.2035460104235,0.440421143835783,0.968930092360824,5,1,0.103125993348658,0,0,0.0196655721543357,0.148786728470586,0.0194735733577982,0.0,4.79578399052843,0.485702393623069,0.104822217007168,4.87671902752481,4.94077007309534,5.13152082031593,0.0,101.936886368925,-102.8194453442,99.4957973933313,-97.078431888856,0.0506732546910644,-0.0502898240624927,1,3,1,gen_4036_1.ElmSym
PSS2B_gen_4052_11,2.5161340598613,0.267144178025425,1.00439809896052,4,1,0.0289389229263179,0,0,0.0313944546924904,0.478130695909262,0.031359725846909,0.0,5.21969021813339,0.366976792087778,0.0855839309007861,5.09550224500708,5.20613259263337,5.08926850953139,4.80020702397451,95.2701191879343,-100.994178786082,94.0554914922919,-99.407435497921,0.0508269958361052,-0.050672166084405,1,3,1,gen_4052_11.ElmSym
PSS2B_gen_4053_12,2.49691709511727,0.286242899660021,0.98845847574994,4,1,0.0301764731202275,0,0,0.0287346741221845,0.452487761325203,0.0295623244964518,0.0,4.87508389030257,0.355270880023017,0.0864558914406225,5.24327376834117,4.84129543369636,4.75775186857209,4.83896514982916,96.9755221242551,-99.3622685280628,95.327143898746,-100.374533952959,0.0514181081391871,-0.0516298561659642,1,3,1,gen_4053_12.ElmSym
PSS2B_gen_4054_18,2.32226845823228,0.310791370474733,1.0132975127548,4,1,0.0289895532215014,0,0,0.0310618004431017,0.485841124877334,0.0313292153058574,0.0,4.95942727663135,0.34617667324841,0.0905288168820552,4.82125586108305,4.89584147906862,5.08399994880892,4.89305497216992,101.216518860357,-103.896150302142,100.621002135985,-98.9590866188519,0.0480696068308316,-0.0481840237579308,1,3,1,gen_4054_18.ElmSym
PSS2B_gen_4058_1,10.2115394067951,0.475004091857001,1.03556073345244,5,1,0.101629751059227,0,0,0.0193636427186429,0.150183319570497,0.0194484611786902,0.0,5.06280144210905,0.493347382545471,0.101877893265337,5.04552450962365,4.91558769671246,4.84947523591109,0.0,102.179479756951,-102.837802541116,102.333280113386,-101.461060975073,0.0475076695578173,-0.0491152744810097,1,3,1,gen_4058_1.ElmSym
PSS2B_gen_4059_2,10.3576418790035,0.454966813620552,0.998660368658602,5,1,0.0969159490521997,0,0,0.020467437101528,0.146255658825394,0.01986805147212,0.0,5.23618757654913,0.522232863702811,0.104014346995391,4.82690882240422,5.11590924370103,4.91292777005583,0.0,99.952294626832,-103.896677368786,100.114414531784,-98.0423090737313,0.0477358593419194,-0.0483001317293383,1,3,1,gen_4059_2.ElmSym
PSS2B_gen_4061_4,10.4116040486842,0.438487649596855,0.99755797223188,5,1,0.09792421028018,0,0,0.0205936203356832,0.150334655342158,0.0192954702451825,0.0,4.91856207069941,0.486231690156274,0.104461041898467,5.22610986162908,5.1570339766331,5.1660562097095,0.0,103.071256691264,-94.8034818754066,101.073603511183,-101.743307445059,0.0491984967840835,-0.0505902628810145,1,3,1,gen_4061_4.ElmSym
PSS2B_gen_4062_1,10.495719906874,0.458801774283126,0.979170209774747,5,1,0.0983065707283095,0,0,0.0201092874258757,0.149061864686664,0.019648411876522,0.0,5.11616660188884,0.506957262707874,0.101922049424611,4.82578396331519,4.90050983056426,5.21664537629113,0.0,96.6303438969422,-101.879983298806,100.310581840156,-97.2944169122726,0.0520340133155696,-0.0490611189301126,1,3,1,gen_4062_1.ElmSym
PSS2B_gen_4064_3,9.72258022939786,0.445362743322551,0.967371809808537,5,1,0.102126701013185,0,0,0.0207721766447648,0.14394614499528,0.0206876848507673,0.0,5.01515194401145,0.475955498800613,0.097208316065371,5.06527449702844,4.8159340522252,4.85295293387026,0.0,103.156729175337,-101.735536436783,101.214159065019,-99.3503387873992,0.0494185591721907,-0.0522654759860598,1,3,1,gen_4064_3.ElmSym
PSS2B_gen_4065_4,9.76978797698393,0.435771640850231,0.981798048503697,5,1,0.103718675007112,0,0,0.0190050017712638,0.150156928058714,0.0197118576290086,0.0,4.8749639231246,0.515862084017135,0.0959176265168935,4.97448306600563,4.81856812536716,5.09121692739427,0.0,97.1994614421856,-102.274929419439,99.2000696622301,-94.4262842779979,0.0513692569639534,-0.0486908245948143,1,3,1,gen_4065_4.ElmSym
PSS2B_gen_4066_1,3.57942474292998,0.385203943297602,1.04248831090517,5,1,0.0720143455634825,0,0,0.0197006184607744,0.733500312482472,0.0195371265979484,0.0,4.90867149876431,0.513429485773668,0.100932655236684,4.76707465713844,4.77893746620975,5.08666755585,4.92567161354236,94.6677806777414,-99.5661965643056,100.350500562228,-97.9473032619338,0.0484943368961103,-0.0519723763805814,1,3,1,gen_4066_1.ElmSym
PSS2B_gen_4067_2,3.77823402759634,0.570294688401488,1.01606196970679,5,1,0.0490339820925146,0,0,0.0198751329863444,0.771718196703121,0.019149538599886,0.0,4.90896288468502,0.506198098068126,0.104559328434989,5.0323315851856,4.88687020144425,5.12992958375253,4.83935674233362,96.2181734430604,-96.0355906608514,101.758855998656,-99.0305529879872,0.0489405436790548,-0.0499101584870368,1,3,1,gen_4067_2.ElmSym
PSS2B_gen_4072_1,10.1162065672688,0.436534280252829,1.03627436594106,5,1,0.101871168254875,0,0,0.0196456021973863,0.148578473757952,0.0203253921465948,0.0,4.86580690834671,0.517261395417154,0.101045425175689,4.84294890542515,5.05670469766483,4.84039154625498,0.0,94.0703672464471,-103.437694020057,97.4353140383027,-99.0849033184815,0.0489402085007168,-0.0504791163140908,1,3,1,gen_4072_1.ElmSym
PSS2B_gen_5006_1,10.4073434192687,0.455459424287081,0.983164737094194,5,1,0.101466408935376,0,0,0.0208121829647571,0.148544758670032,0.0207301271511242,0.0,4.79993897979148,0.514496974670328,0.102537172492594,5.00468902825378,5.0489384601824,5.23032557149418,0.0,99.2411006502807,-97.3063426790759,96.7372728939168,-98.2017493844032,0.0483123608352616,-0.0479637471144088,1,3,1,gen_5006_1.ElmSym
PSS2B_gen_5008_1,7.76012039966881,0.123676048141532,0.989685507351532,5,1,0.219372229066677,0,0,0.0208403845895082,0.103505423460156,0.0151560140030924,0.0,0.719942857543938,0.955029047233984,0.195369182014838,0.695134208970703,0.727209332808852,0.695463417908177,0.0,99.4347725449596,-101.513708271319,102.204253272247,-103.672290581279,9.59546512589604,-10.2488110394664,1,3,1,gen_5008_1.ElmSym
PSS2B_gen_5010_1,6.05012122252956,0.105726131641539,0.966969264857471,5,1,0.115030914948322,0,0,0.00999984153592959,0.105358373139519,0.00867754940539598,0.0,0.707016056645661,1.0287024632562,0.203716735346243,0.733993172212504,0.674957000594586,0.73274557271041,0.0,99.12042799755,-99.8796185998712,100.762729526823,-99.9413877448998,0.968562505580485,-0.984750742372125,1,3,1,gen_5010_1.ElmSym
PSS2B_gen_5012_1,4.99386506620795,0.118282305372879,1.02630678582937,5,1,0.100478278901428,0,0,0.0101177460877225,0.0995019852928817,0.0100257493252866,0.0,0.695230672247708,0.973079350031912,0.195874158674851,0.707057157829404,0.686116593591869,0.723639849103056,0.0,97.4686854613479,-94.6549363960046,102.166777690547,-96.086047590198,1.03000881997868,-0.977309912117198,1,3,1,gen_5012_1.ElmSym
PSS2B_gen_5016_6,10.2019539219327,0.454831622382626,1.0231905029621,5,1,0.101857567387633,0,0,0.0200733980750665,0.151560007059015,0.0199841911317781,0.0,4.97619163640775,0.520126051525585,0.0986216454394162,5.15291735576466,4.92071291594766,5.01604881300591,0.0,96.9251124709379,-99.3639198191464,100.674419222446,-95.1746823598165,0.0496953420620412,-0.0487535853590816,1,3,1,gen_5016_6.ElmSym
PSS2B_gen_5017_1,9.86564755393192,0.435826615949348,1.01322675640695,5,1,0.0999082186073065,0,0,0.0193169261505827,0.157304492478725,0.0208520648367703,0.0,5.22035174467601,0.48858201878611,0.0994641800783575,5.16492096474394,5.06682276586071,4.94608925050125,0.0,102.822721008305,-101.995239616837,97.5840191359632,-101.805552609684,0.0505500738369301,-0.0487195223779418,1,3,1,gen_5017_1.ElmSym
PSS2B_gen_5018_2,10.4374588034116,0.456023960429057,1.03014291720465,5,1,0.104835897670127,0,0,0.0194732177816331,0.147144744729158,0.019540356028825,0.0,5.09793666005135,0.4840718195308,0.095229121199809,5.09751331945881,5.05355778499506,5.0092984305229,0.0,102.887526058126,-99.9780001414474,99.394748497149,-98.6342489550356,0.048018036603462,-0.0484084121976048,1,3,1,gen_5018_2.ElmSym
PSS2B_gen_5019_1,9.84437235211954,0.473825964450091,0.993366911960766,5,1,0.104003130057827,0,0,0.019899961267598,0.155288407607004,0.0197358469935134,0.0,5.06651699403301,0.481867648405023,0.09600226867944,4.82739619747736,4.87303620902821,5.20960041019134,0.0,99.1822601434775,-103.887367549958,95.8358447529841,-102.982684729854,0.0478469319758005,-0.0483184959017672,1,3,1,gen_5019_1.ElmSym
PSS2B_gen_5020_1,10.4974977150559,0.444430404653773,0.984527568053454,5,1,0.0995678019989282,0,0,0.0199623381476849,0.154762830685358,0.0203880759878084,0.0,4.89003928517923,0.496457534586079,0.0953796693356708,4.78460468212143,4.8702772508841,4.90728519577533,0.0,96.3895484409761,-99.342752517527,99.8939733588137,-96.3436264929827,0.0487446874054149,-0.0506252849171869,1,3,1,gen_5020_1.ElmSym
PSS2B_gen_5021_4,10.4001055392437,0.473942427970469,0.950819121068343,5,1,0.103050289503299,0,0,0.020244449227117,0.156549844115507,0.0197048160685226,0.0,4.76609974959865,0.482528292946517,0.0987049850635231,4.81659702653997,4.94768511177972,5.06492759496905,0.0,95.3684403010178,-101.386991930287,101.136784980912,-99.1717241305858,0.0520742008043453,-0.0492091440432705,1,3,1,gen_5021_4.ElmSym
PSS2B_gen_5022_1,10.4477402172051,0.451562800339982,0.973298754077405,5,1,0.101776655865833,0,0,0.0198692035451531,0.148112816764042,0.0200104603730142,0.0,4.98786516766995,0.500825096131302,0.104945251615718,4.86241416190751,5.10275920992717,5.02267224621028,0.0,95.5342002804391,-101.952414393984,102.118998460751,-98.7418435090687,0.0482517136656679,-0.051322288045194,1,3,1,gen_5022_1.ElmSym
PSS2B_gen_5023_2,10.1886128569022,0.468924834862724,0.985647220211104,5,1,0.101495870007202,0,0,0.0193133201785386,0.152719558062963,0.0207437749579549,0.0,5.13754913466983,0.505572543526068,0.0968569935113192,4.85460337763652,5.07893364224583,5.19214853644371,0.0,101.4096960878,-101.254720505979,97.1129961568862,-100.728871153761,0.0495414245082065,-0.0509535671188496,1,3,1,gen_5023_2.ElmSym
PSS2B_gen_5026_5,9.79584073508158,0.474177971696109,1.01053163395263,5,1,0.100403050091118,0,0,0.0194465558035299,0.153933626955841,0.0195256653800607,0.0,4.9375411788933,0.51404015684966,0.0984933703066781,5.17964520049281,5.13499374338426,4.85433904314414,0.0,101.687590599898,-98.1810039758217,101.028535874002,-97.6280481065623,0.0520806979108602,-0.0479863384109922,1,3,1,gen_5026_5.ElmSym
PSS2B_gen_5028_1,10.2515548896044,0.456199207606539,0.958732897182927,5,1,0.0961267932271585,0,0,0.01951448199898,0.148378764144145,0.020510859945789,0.0,5.17793626408093,0.480863000033423,0.0997328259935603,5.1582086016424,4.9478970291093,4.98126750858501,0.0,96.2134385239798,-96.5857187827583,102.698895461624,-100.195231809095,0.0485337008303031,-0.0499578677141108,1,3,1,gen_5028_1.ElmSym
PSS2B_gen_5030_1,5.8377105615288,0.100666108317673,0.997567572258413,5,1,0.107774806568865,0,0,0.008689995044237,0.109404448893387,0.00797803468294442,0.0,0.676103583215736,0.985011659190059,0.196930034970865,0.700468404288404,0.672229818096384,0.682344935634173,0.0,95.9437870935537,-103.254259877466,94.2209424418397,-101.566955131805,1.03598146489821,-0.987531985808164,1,3,1,gen_5030_1.ElmSym
PSS2B_gen_5031_1,10.3493542191572,0.654706953595858,1.01214096737094,5,1,0.101962124234997,0,0,0.0190576488086954,0.471450000136159,0.0810902215689421,0.0,5.12781964052469,1.01487719709985,0.197984616616741,3.02232174016535,5.00257954141125,2.94647802128457,0.0,96.8792826685589,-99.755074074911,98.3796724604443,-94.2378810628317,0.096319650108926,-0.10235816385597,1,3,1,gen_5031_1.ElmSym
PSS2B_gen_5032_2,9.79921619547531,0.475633154029772,1.01130626685917,5,1,0.0982683354336768,0,0,0.0196990754771978,0.148927406736184,0.020360506308265,0.0,5.11499597737566,0.493006454757415,0.0977353163575754,4.96087893890217,4.89686107169837,5.06735915550962,0.0,98.2483649508096,-101.731879438832,103.24719596277,-94.0522615829017,0.0499849173915572,-0.0512783559015952,1,3,1,gen_5032_2.ElmSym
PSS2B_gen_5033_3,9.70376793993637,0.439823351843655,1.03986562159844,5,1,0.0991450858535245,0,0,0.0208378046145663,0.146631522718817,0.0204748857319355,0.0,4.81500236457214,0.484166609100066,0.0981454753037542,5.23720530653372,4.85626345546916,4.75732757756487,0.0,98.3580698828213,-99.3734707664698,98.0585561462212,-103.688173197303,0.0495732448482886,-0.0499063104041852,1,3,1,gen_5033_3.ElmSym
PSS2B_gen_5035_3,9.50592765025795,0.472004075272009,0.997190767712891,5,1,0.0971870039077476,0,0,0.0197848361004144,0.1559836806776,0.0209754133466631,0.0,5.21630306169391,0.484988757269457,0.09612563226372,4.95494012045674,4.75690372474492,5.2366887468379,0.0,97.6155408054125,-97.9765843518544,95.6120003005955,-94.4221514494624,0.0520691323489882,-0.0522256329585798,1,3,1,gen_5035_3.ElmSym
PSS2B_gen_5036_2,9.98854100750759,0.443876680327579,1.00111167593859,5,1,0.103065827628598,0,0,0.0201868798900396,0.144706761057023,0.0197332878801972,0.0,4.94528773683123,0.49237290462479,0.0990714775351808,5.12517965631559,5.24396704649553,4.78337489627302,0.0,103.68544104388,-99.7295309676323,102.451948705036,-96.7653788229916,0.0485399295575917,-0.0490979803563096,1,3,1,gen_5036_2.ElmSym
PSS2B_gen_5037_1,10.1127685378306,0.457469808631763,0.962014193600044,5,1,0.0992146692378447,0,0,0.0202133048819378,0.154000344160013,0.0191882424699143,0.0,5.13642633985728,0.484050181997009,0.101904548560269,4.76227917009965,4.81119049573317,4.80973150325008,0.0,102.896428846708,-101.606490888074,97.6948858089745,-102.445143510774,0.0476350003806874,-0.0480169418780133,1,3,1,gen_5037_1.ElmSym
PSS2B_gen_5039_3,9.96430048765615,0.436723538256437,0.959728409489617,5,1,0.0974224001215771,0,0,0.0191837130272761,0.153098291766364,0.0193180484017357,0.0,4.90308919898234,0.477723397198133,0.0985249563353136,5.10903350752778,4.75660303863697,5.17201826185919,0.0,101.221636311896,-98.3029808845371,96.0373861726373,-99.5328319595195,0.0508146494277753,-0.0513149107457139,1,3,1,gen_5039_3.ElmSym
PSS2B_gen_5040_4,9.89164682431147,0.448352760085836,1.02158857467584,5,1,0.100050541553646,0,0,0.020110835720785,0.153301924990956,0.0200897931884974,0.0,4.8170817673672,0.518809698242694,0.0954349348414689,4.88756789709441,5.16320325038396,4.84115060558543,0.0,101.0586412034,-101.837426601956,99.471173879737,-99.4713091984391,0.048018598316703,-0.0514310437976383,1,3,1,gen_5040_4.ElmSym
PSS2B_gen_5041_5,9.89801980461925,0.469132930810377,1.01323361550458,5,1,0.098792575802654,0,0,0.0200350001687184,0.149124106806703,0.0197025402262807,0.0,5.00602949480526,0.499534766050056,0.0985595360398293,5.05423606629483,4.83260679570958,5.03567418060265,0.0,98.1418150471989,-94.7803472547792,100.805301690381,-95.7920340081677,0.0491004465799779,-0.0483126198104583,1,3,1,gen_5041_5.ElmSym
PSS2B_gen_5045_1,10.3357072044164,0.439630678071454,1.04899835186079,5,1,0.0972379137575626,0,0,0.019263258815743,0.153693540589884,0.0205185737963766,0.0,5.16301332949661,0.477001789165661,0.103123069163412,5.19182987092063,5.1544547220692,4.93143793777563,0.0,95.4090918176807,-100.365171330655,101.406960066548,-96.2694203684572,0.0510063576209359,-0.0490134868910536,1,3,1,gen_5045_1.ElmSym
PSS2B_gen_5229_1,9.68924677465111,0.443006099435315,0.971408120449632,5,1,0.103835193100385,0,0,0.0200905415900052,0.145399667790625,0.0204458620687947,0.0,4.9268047939986,0.483142850524746,0.101494898060337,4.80604134895839,5.24225092516281,4.78020516596735,0.0,95.5133865509648,-96.595918091666,97.3433730316814,-102.812057370879,0.0478870194265619,-0.0490891553694382,1,3,1,gen_5229_1.ElmSym
PSS2B_gen_5230_2,9.99272989528254,0.434666255648062,0.968637878028676,5,1,0.0993166556768119,0,0,0.0203134654937312,0.148052057360765,0.0193677551560104,0.0,5.1247145482339,0.517205661255866,0.100196623834781,4.86113602737896,4.99436140037142,4.8745233961381,0.0,99.3216083445121,-98.0030898571014,100.270377309015,-102.515684509836,0.0482181728794239,-0.0523421999718994,1,3,1,gen_5230_2.ElmSym
PSS2B_gen_5231_1,7.97520482540131,0.0879990047290176,0.97525339955464,5,1,0.0995581872807816,0,0,0.00797800211198628,0.0590009719161317,0.00771355775073171,0.0,0.704907967792824,1.04438512525521,0.197949228752404,0.689705714737065,0.686906150872819,0.719213331709616,0.0,94.4510964854155,-100.333742152574,100.348766506976,-98.6675168687012,0.994464419409633,-0.950846907496452,1,3,1,gen_5231_1.ElmSym
PSS2B_gen_5233_3,8.34605852480745,0.0877608579886295,1.02787246308289,5,1,0.0978270338475704,0,0,0.00794668445251882,0.0621487332852557,0.00834097652100027,0.0,0.668414981854148,0.967137888865545,0.207500317180529,0.674672023551538,0.711217073947191,0.722750438107178,0.0,100.031560439011,-96.176740689436,100.428776528221,-96.3793627824169,0.975096613448113,-0.982248134771362,1,3,1,gen_5233_3.ElmSym
PSS2B_gen_5234_1,10.2994063305669,0.471664370670542,0.985483778873459,5,1,0.0963406292302534,0,0,0.0206191122978926,0.153818980422802,0.019449196039699,0.0,4.98531052912585,0.517342937621288,0.0968536305241287,4.84848113893531,4.87782849301584,5.17418743413873,0.0,102.02934258976,-94.7992847828194,100.449644766888,-96.1531929579098,0.0500847313157283,-0.0505875068716705,1,3,1,gen_5234_1.ElmSym
PSS2B_gen_5235_1,10.376524137333,0.440872009406984,1.01462269020267,5,1,0.0994585370551795,0,0,0.0198604025840759,0.146459178524092,0.0198903858745471,0.0,5.106840349501,0.475946072931401,0.0962047643074766,4.95556964050047,4.87274748878554,5.20289353537373,0.0,94.7282476228662,-102.567894556979,99.3111539847683,-103.498206051439,0.048915586466901,-0.0494001432135701,1,3,1,gen_5235_1.ElmSym
PSS2B_gen_5236_2,10.2151284823194,0.463340728734434,0.961732059298083,5,1,0.0963846468459815,0,0,0.0192375253783539,0.15551156330388,0.019552018946968,0.0,4.81324033532292,0.520197524270043,0.0971571099851281,4.79419993492775,4.81663467269391,4.93176993681118,0.0,95.6369165337179,-99.4639498166274,98.445497363247,-102.357009448484,0.05198301123688,-0.0487974415556528,1,3,1,gen_5236_2.ElmSym
