"Component ","Description ","Line length ","R (per km) propagation mode data [9]","L (per km) propagation mode data [9]","C (per km) propagation mode data [9]","Base power ","Base voltage ","Base frequency ","EMTP (.pun) file for line parameters calculation","Matrix or sequence data","R (per km) [zero seq., pos. seq.] [2]","L (per km) [zero seq., pos. seq.] [2]","C (per km) [zero seq., pos. seq.] [2]"
"Lines and Cables","Description","Length","R","L","C","pBase","vBase","fBase","File","Matrix/Sequences","Rseq","Lseq","Cseq"
,,(m),(?/km),(H/km),(F/km),(VA),(V),(Hz),,,(?/km),(H/km),(F/km)
line_1007_to_1606_1,0.0,189.5850305140019000,[0.001070054960138953 0.002407623660312645 0.002407623660312645 0.002407623660312645 0.001070054960138953 0.002407623660312645 0.002407623660312645 0.002407623660312645 0.001070054960138953],[0.002652582384864922 0.003183098861837907 0.003183098861837907 0.003183098861837907 0.002652582384864922 0.003183098861837907 0.003183098861837907 0.003183098861837907 0.002652582384864922],[0 0 0 0 0 0 0 0 0],33333333.33333333,12701.70592217177,50,,1,[0.002675137400347383 0.0002675137400347383],[0.004774648292756861 0.001591549430918953],[0 0]
line_1008_to_1606_2,0.0,191.9451066341256000,[0.0009650456216584108 0.002171352648731425 0.002171352648731425 0.002171352648731425 0.0009650456216584108 0.002171352648731425 0.002171352648731425 0.002171352648731425 0.0009650456216584108],[0.002652582384864922 0.003183098861837907 0.003183098861837907 0.003183098861837907 0.002652582384864922 0.003183098861837907 0.003183098861837907 0.003183098861837907 0.002652582384864922],[0 0 0 0 0 0 0 0 0],33333333.33333333,12701.70592217177,50,,1,[0.002412614054146027 0.0002412614054146027],[0.004774648292756861 0.001591549430918953],[0 0]
line_1011_to_1095_1,0.0,43632.11740734802000,[0.001042977102048036 0.002346698479608082 0.002346698479608082 0.002346698479608082 0.001042977102048036 0.002346698479608082 0.002346698479608082 0.002346698479608082 0.001042977102048036],[0.002069014260194639 0.002482817112233568 0.002482817112233568 0.002482817112233568 0.002069014260194639 0.002482817112233568 0.002482817112233568 0.002482817112233568 0.002069014260194639],[0 0 0 0 0 0 0 0 0],33333333.33333333,190525.5888325765,50,,1,[0.002607442755120091 0.0002607442755120091],[0.003724225668350351 0.001241408556116784],[0 0]
line_1066_to_1144_1,0.0,13695.02192968502000,[0.003165404774008652 0.007122160741519468 0.007122160741519468 0.007122160741519468 0.003165404774008652 0.007122160741519468 0.007122160741519468 0.007122160741519468 0.003165404774008652],[0.002069014260194639 0.002482817112233567 0.002482817112233567 0.002482817112233567 0.002069014260194639 0.002482817112233567 0.002482817112233567 0.002482817112233567 0.002069014260194639],[0 0 0 0 0 0 0 0 0],33333333.33333333,190525.5888325765,50,,1,[0.007913511935021631 0.0007913511935021631],[0.003724225668350351 0.001241408556116784],[0 0]
line_1140_to_1141_1,0.0,57323.05677468008000,[0.002198771954218418 0.004947236896991441 0.004947236896991441 0.004947236896991441 0.002198771954218418 0.004947236896991441 0.004947236896991441 0.004947236896991441 0.002198771954218418],[0.002069014260194639 0.002482817112233567 0.002482817112233567 0.002482817112233567 0.002069014260194639 0.002482817112233567 0.002482817112233567 0.002482817112233567 0.002069014260194639],[0 0 0 0 0 0 0 0 0],33333333.33333333,190525.5888325765,50,,1,[0.005496929885546046 0.0005496929885546046],[0.003724225668350351 0.001241408556116784],[0 0]
line_1140_to_1511_2,0.0,28859.94572971391000,[0.002018499493915165 0.004541623861309121 0.004541623861309121 0.004541623861309121 0.002018499493915165 0.004541623861309121 0.004541623861309121 0.004541623861309121 0.002018499493915165],[0.002069014260194639 0.002482817112233567 0.002482817112233567 0.002482817112233567 0.002069014260194639 0.002482817112233567 0.002482817112233567 0.002482817112233567 0.002069014260194639],[0 0 0 0 0 0 0 0 0],33333333.33333333,190525.5888325765,50,,1,[0.005046248734787913 0.0005046248734787912],[0.003724225668350351 0.001241408556116784],[0 0]
line_1142_to_1143_4,0.0,27.38170236466595000,[1.647984784628563 3.707965765414267 3.707965765414267 3.707965765414267 1.647984784628563 3.707965765414267 3.707965765414267 3.707965765414267 1.647984784628563],[0.002069014260194639 0.002482817112233568 0.002482817112233568 0.002482817112233568 0.002069014260194639 0.002482817112233568 0.002482817112233568 0.002482817112233568 0.002069014260194639],[8.954996371751684e-010 -5.372997823051011e-010 -5.372997823051011e-010 -5.372997823051011e-010 8.954996371751684e-010 -5.372997823051011e-010 -5.372997823051011e-010 -5.372997823051011e-010 8.954996371751684e-010],33333333.33333333,190525.5888325765,50,,1,[4.119961961571408 0.4119961961571408],[0.003724225668350351 0.001241408556116784],[5.372997823051011e-010 1.074599564610202e-009]
line_1163_to_1541_1,0.0,3.468970992106946000,[1.916059508816186 4.311133894836418 4.311133894836418 4.311133894836418 1.916059508816186 4.311133894836418 4.311133894836418 4.311133894836418 1.916059508816186],[0.002652582384864922 0.003183098861837906 0.003183098861837906 0.003183098861837906 0.002652582384864922 0.003183098861837906 0.003183098861837906 0.003183098861837906 0.002652582384864922],[4.482598321065779e-008 -2.689558992639468e-008 -2.689558992639468e-008 -2.689558992639468e-008 4.482598321065779e-008 -2.689558992639468e-008 -2.689558992639468e-008 -2.689558992639468e-008 4.482598321065779e-008],33333333.33333333,76210.2355330306,50,,1,[4.790148772040465 0.4790148772040464],[0.00477464829275686 0.001591549430918953],[2.689558992639468e-008 5.379117985278935e-008]
line_1163_to_1541_2,0.0,3.536886835190368000,[2.010315697552252 4.523210319492567 4.523210319492567 4.523210319492567 2.010315697552252 4.523210319492567 4.523210319492567 4.523210319492567 2.010315697552252],[0.002652582384864922 0.003183098861837905 0.003183098861837905 0.003183098861837905 0.002652582384864922 0.003183098861837905 0.003183098861837905 0.003183098861837905 0.002652582384864922],[4.165437635044194e-008 -2.499262581026516e-008 -2.499262581026516e-008 -2.499262581026516e-008 4.165437635044194e-008 -2.499262581026516e-008 -2.499262581026516e-008 -2.499262581026516e-008 4.165437635044194e-008],33333333.33333333,76210.2355330306,50,,1,[5.02578924388063 0.502578924388063],[0.004774648292756859 0.001591549430918953],[2.499262581026516e-008 4.998525162053033e-008]
line_1173_to_1628_1,0.0,10425.2072874637000,[0.0006366001581729949 0.001432350355889239 0.001432350355889239 0.001432350355889239 0.0006366001581729949 0.001432350355889239 0.001432350355889239 0.001432350355889239 0.0006366001581729949],[0.002652582384864922 0.003183098861837906 0.003183098861837906 0.003183098861837906 0.002652582384864922 0.003183098861837906 0.003183098861837906 0.003183098861837906 0.002652582384864922],[0 0 0 0 0 0 0 0 0],33333333.33333333,76210.2355330306,50,,1,[0.001591500395432487 0.0001591500395432487],[0.00477464829275686 0.001591549430918953],[0 0]
line_1180_to_1463_1,0.0,80.88534229391114000,[1.190076688633578 2.67767254942555 2.67767254942555 2.67767254942555 1.190076688633578 2.67767254942555 2.67767254942555 2.67767254942555 1.190076688633578],[0.002652582384864923 0.003183098861837907 0.003183098861837907 0.003183098861837907 0.002652582384864923 0.003183098861837907 0.003183098861837907 0.003183098861837907 0.002652582384864923],[0 0 0 0 0 0 0 0 0],33333333.33333333,76210.2355330306,50,,1,[2.975191721583945 0.2975191721583945],[0.004774648292756861 0.001591549430918954],[0 0]
line_1194_to_1195_1,0.0,21024.36837614448000,[0.0003408915245281608 0.0007670059301883618 0.0007670059301883618 0.0007670059301883618 0.0003408915245281608 0.0007670059301883618 0.0007670059301883618 0.0007670059301883618 0.0003408915245281608],[0.002652582384864922 0.003183098861837906 0.003183098861837906 0.003183098861837906 0.002652582384864922 0.003183098861837906 0.003183098861837906 0.003183098861837906 0.002652582384864922],[0 0 0 0 0 0 0 0 0],33333333.33333333,76210.2355330306,50,,1,[0.000852228811320402 8.522288113204021e-005],[0.00477464829275686 0.001591549430918953],[0 0]
line_1194_to_1496_1,0.0,4057.174285035532000,[0.3432959343869449 0.7724158523706259 0.7724158523706259 0.7724158523706259 0.3432959343869449 0.7724158523706259 0.7724158523706259 0.7724158523706259 0.3432959343869449],[0.002652582384864922 0.003183098861837906 0.003183098861837906 0.003183098861837906 0.002652582384864922 0.003183098861837906 0.003183098861837906 0.003183098861837906 0.002652582384864922],[0 0 0 0 0 0 0 0 0],33333333.33333333,76210.2355330306,50,,1,[0.8582398359673622 0.08582398359673622],[0.00477464829275686 0.001591549430918953],[0 0]
line_1219_to_1220_1,0.0,28257.86707438178000,[0.007539542634151514 0.01696397092684091 0.01696397092684091 0.01696397092684091 0.007539542634151514 0.01696397092684091 0.01696397092684091 0.01696397092684091 0.007539542634151514],[0.002652582384864922 0.003183098861837907 0.003183098861837907 0.003183098861837907 0.002652582384864922 0.003183098861837907 0.003183098861837907 0.003183098861837907 0.002652582384864922],[0 0 0 0 0 0 0 0 0],33333333.33333333,76210.2355330306,50,,1,[0.01884885658537879 0.001884885658537879],[0.004774648292756861 0.001591549430918953],[0 0]
line_1221_to_1541_1,0.0,3.504287382197241000,[1.979593590562198 4.454085578764946 4.454085578764946 4.454085578764946 1.979593590562198 4.454085578764946 4.454085578764946 4.454085578764946 1.979593590562198],[0.002652582384864922 0.003183098861837907 0.003183098861837907 0.003183098861837907 0.002652582384864922 0.003183098861837907 0.003183098861837907 0.003183098861837907 0.002652582384864922],[4.469007517102868e-008 -2.681404510261721e-008 -2.681404510261721e-008 -2.681404510261721e-008 4.469007517102868e-008 -2.681404510261721e-008 -2.681404510261721e-008 -2.681404510261721e-008 4.469007517102868e-008],33333333.33333333,76210.2355330306,50,,1,[4.948983976405496 0.4948983976405496],[0.004774648292756861 0.001591549430918953],[2.681404510261721e-008 5.362809020523442e-008]
line_1221_to_1541_2,0.0,3.482881551308333000,[1.956806522770552 4.402814676233741 4.402814676233741 4.402814676233741 1.956806522770552 4.402814676233741 4.402814676233741 4.402814676233741 1.956806522770552],[0.002652582384864922 0.003183098861837905 0.003183098861837905 0.003183098861837905 0.002652582384864922 0.003183098861837905 0.003183098861837905 0.003183098861837905 0.002652582384864922],[4.451504709860881e-008 -2.670902825916529e-008 -2.670902825916529e-008 -2.670902825916529e-008 4.451504709860881e-008 -2.670902825916529e-008 -2.670902825916529e-008 -2.670902825916529e-008 4.451504709860881e-008],33333333.33333333,76210.2355330306,50,,1,[4.892016306926379 0.4892016306926379],[0.004774648292756859 0.001591549430918953],[2.670902825916529e-008 5.341805651833058e-008]
line_1221_to_1541_3,0.0,3.509867155490226000,[2.028982937267632 4.565211608852172 4.565211608852172 4.565211608852172 2.028982937267632 4.565211608852172 4.565211608852172 4.565211608852172 2.028982937267632],[0.002652582384864922 0.003183098861837907 0.003183098861837907 0.003183098861837907 0.002652582384864922 0.003183098861837907 0.003183098861837907 0.003183098861837907 0.002652582384864922],[4.402133498048576e-008 -2.641280098829146e-008 -2.641280098829146e-008 -2.641280098829146e-008 4.402133498048576e-008 -2.641280098829146e-008 -2.641280098829146e-008 -2.641280098829146e-008 4.402133498048576e-008],33333333.33333333,76210.2355330306,50,,1,[5.07245734316908 0.5072457343169079],[0.004774648292756861 0.001591549430918953],[2.641280098829146e-008 5.282560197658291e-008]
line_1221_to_1541_4,0.0,3.435259783383162000,[2.025748651827981 4.557934466612957 4.557934466612957 4.557934466612957 2.025748651827981 4.557934466612957 4.557934466612957 4.557934466612957 2.025748651827981],[0.002652582384864922 0.003183098861837906 0.003183098861837906 0.003183098861837906 0.002652582384864922 0.003183098861837906 0.003183098861837906 0.003183098861837906 0.002652582384864922],[4.231321067073929e-008 -2.538792640244358e-008 -2.538792640244358e-008 -2.538792640244358e-008 4.231321067073929e-008 -2.538792640244358e-008 -2.538792640244358e-008 -2.538792640244358e-008 4.231321067073929e-008],33333333.33333333,76210.2355330306,50,,1,[5.064371629569952 0.5064371629569953],[0.00477464829275686 0.001591549430918953],[2.538792640244358e-008 5.077585280488715e-008]
line_1234_to_1493_1,0.0,53.0758469863415000,[0.7588519253831232 1.707416832112027 1.707416832112027 1.707416832112027 0.7588519253831232 1.707416832112027 1.707416832112027 1.707416832112027 0.7588519253831232],[0.002652582384864922 0.003183098861837906 0.003183098861837906 0.003183098861837906 0.002652582384864922 0.003183098861837906 0.003183098861837906 0.003183098861837906 0.002652582384864922],[1.114098214470127e-008 -6.684589286820764e-009 -6.684589286820764e-009 -6.684589286820764e-009 1.114098214470127e-008 -6.684589286820764e-009 -6.684589286820764e-009 -6.684589286820764e-009 1.114098214470127e-008],33333333.33333333,76210.2355330306,50,,1,[1.897129813457808 0.1897129813457808],[0.00477464829275686 0.001591549430918953],[6.684589286820764e-009 1.336917857364153e-008]
line_1235_to_1494_1,0.0,41.48022270498404000,[0.8208199246328577 1.84684483042393 1.84684483042393 1.84684483042393 0.8208199246328577 1.84684483042393 1.84684483042393 1.84684483042393 0.8208199246328577],[0.002652582384864922 0.003183098861837906 0.003183098861837906 0.003183098861837906 0.002652582384864922 0.003183098861837906 0.003183098861837906 0.003183098861837906 0.002652582384864922],[1.140522947671084e-008 -6.843137686026507e-009 -6.843137686026507e-009 -6.843137686026507e-009 1.140522947671084e-008 -6.843137686026507e-009 -6.843137686026507e-009 -6.843137686026507e-009 1.140522947671084e-008],33333333.33333333,76210.2355330306,50,,1,[2.052049811582144 0.2052049811582145],[0.00477464829275686 0.001591549430918954],[6.843137686026507e-009 1.368627537205301e-008]
line_1239_to_1303_1,0.0,132.9862339365628000,[0.4388153243276219 0.9873344797371494 0.9873344797371494 0.9873344797371494 0.4388153243276219 0.9873344797371494 0.9873344797371494 0.9873344797371494 0.4388153243276219],[0.002652582384864922 0.003183098861837907 0.003183098861837907 0.003183098861837907 0.002652582384864922 0.003183098861837907 0.003183098861837907 0.003183098861837907 0.002652582384864922],[8.881847919257712e-009 -5.329108751554627e-009 -5.329108751554627e-009 -5.329108751554627e-009 8.881847919257712e-009 -5.329108751554627e-009 -5.329108751554627e-009 -5.329108751554627e-009 8.881847919257712e-009],33333333.33333333,76210.2355330306,50,,1,[1.097038310819055 0.1097038310819055],[0.004774648292756861 0.001591549430918953],[5.329108751554627e-009 1.065821750310925e-008]
line_1268_to_1272_4,0.0,17470.776288642000,[0.0004187072399736365 0.0009420912899406823 0.0009420912899406823 0.0009420912899406823 0.0004187072399736365 0.0009420912899406823 0.0009420912899406823 0.0009420912899406823 0.0004187072399736365],[0.002652582384864922 0.003183098861837906 0.003183098861837906 0.003183098861837906 0.002652582384864922 0.003183098861837906 0.003183098861837906 0.003183098861837906 0.002652582384864922],[0 0 0 0 0 0 0 0 0],33333333.33333333,76210.2355330306,50,,1,[0.001046768099934091 0.0001046768099934091],[0.00477464829275686 0.001591549430918953],[0 0]
line_1269_to_1272_2,0.0,16831.64172424079000,[0.0004283535991412821 0.0009637955980678849 0.0009637955980678849 0.0009637955980678849 0.0004283535991412821 0.0009637955980678849 0.0009637955980678849 0.0009637955980678849 0.0004283535991412821],[0.002652582384864922 0.003183098861837907 0.003183098861837907 0.003183098861837907 0.002652582384864922 0.003183098861837907 0.003183098861837907 0.003183098861837907 0.002652582384864922],[0 0 0 0 0 0 0 0 0],33333333.33333333,76210.2355330306,50,,1,[0.001070883997853205 0.0001070883997853205],[0.004774648292756861 0.001591549430918953],[0 0]
line_1270_to_1272_3,0.0,17102.73665150778000,[0.000414868152431165 0.0009334533429701213 0.0009334533429701213 0.0009334533429701213 0.000414868152431165 0.0009334533429701213 0.0009334533429701213 0.0009334533429701213 0.000414868152431165],[0.002652582384864922 0.003183098861837907 0.003183098861837907 0.003183098861837907 0.002652582384864922 0.003183098861837907 0.003183098861837907 0.003183098861837907 0.002652582384864922],[0 0 0 0 0 0 0 0 0],33333333.33333333,76210.2355330306,50,,1,[0.001037170381077913 0.0001037170381077912],[0.004774648292756861 0.001591549430918953],[0 0]
line_1271_to_1272_1,0.0,26068.37308953333000,[0.005938682006214191 0.01336203451398193 0.01336203451398193 0.01336203451398193 0.005938682006214191 0.01336203451398193 0.01336203451398193 0.01336203451398193 0.005938682006214191],[0.002652582384864922 0.003183098861837906 0.003183098861837906 0.003183098861837906 0.002652582384864922 0.003183098861837906 0.003183098861837906 0.003183098861837906 0.002652582384864922],[0 0 0 0 0 0 0 0 0],33333333.33333333,76210.2355330306,50,,1,[0.01484670501553548 0.001484670501553548],[0.00477464829275686 0.001591549430918954],[0 0]
line_1279_to_1282_2,0.0,26041.89061169771000,[0.006055882807719065 0.0136257363173679 0.0136257363173679 0.0136257363173679 0.006055882807719065 0.0136257363173679 0.0136257363173679 0.0136257363173679 0.006055882807719065],[0.002652582384864922 0.003183098861837906 0.003183098861837906 0.003183098861837906 0.002652582384864922 0.003183098861837906 0.003183098861837906 0.003183098861837906 0.002652582384864922],[0 0 0 0 0 0 0 0 0],33333333.33333333,76210.2355330306,50,,1,[0.01513970701929766 0.001513970701929766],[0.00477464829275686 0.001591549430918953],[0 0]
line_1280_to_1281_1,0.0,13650.58978640781000,[0.006857650472164419 0.01542971356236994 0.01542971356236994 0.01542971356236994 0.006857650472164419 0.01542971356236994 0.01542971356236994 0.01542971356236994 0.006857650472164419],[0.002652582384864922 0.003183098861837906 0.003183098861837906 0.003183098861837906 0.002652582384864922 0.003183098861837906 0.003183098861837906 0.003183098861837906 0.002652582384864922],[0 0 0 0 0 0 0 0 0],33333333.33333333,76210.2355330306,50,,1,[0.01714412618041105 0.001714412618041105],[0.00477464829275686 0.001591549430918954],[0 0]
line_1287_to_1496_1,0.0,5534.672712536348000,[0.3549720057401929 0.7986870129154341 0.7986870129154341 0.7986870129154341 0.3549720057401929 0.7986870129154341 0.7986870129154341 0.7986870129154341 0.3549720057401929],[0.002652582384864922 0.003183098861837906 0.003183098861837906 0.003183098861837906 0.002652582384864922 0.003183098861837906 0.003183098861837906 0.003183098861837906 0.002652582384864922],[0 0 0 0 0 0 0 0 0],33333333.33333333,76210.2355330306,50,,1,[0.8874300143504823 0.08874300143504824],[0.00477464829275686 0.001591549430918953],[0 0]
line_1289_to_1290_2,0.0,52639.12688252423000,[0.006118337722662386 0.01376625987599037 0.01376625987599037 0.01376625987599037 0.006118337722662386 0.01376625987599037 0.01376625987599037 0.01376625987599037 0.006118337722662386],[0.002652582384864922 0.003183098861837906 0.003183098861837906 0.003183098861837906 0.002652582384864922 0.003183098861837906 0.003183098861837906 0.003183098861837906 0.002652582384864922],[0 0 0 0 0 0 0 0 0],33333333.33333333,76210.2355330306,50,,1,[0.01529584430665597 0.001529584430665596],[0.00477464829275686 0.001591549430918953],[0 0]
line_1289_to_1291_1,0.0,56586.26606922628000,[0.005312449593717053 0.01195301158586337 0.01195301158586337 0.01195301158586337 0.005312449593717053 0.01195301158586337 0.01195301158586337 0.01195301158586337 0.005312449593717053],[0.002652582384864922 0.003183098861837906 0.003183098861837906 0.003183098861837906 0.002652582384864922 0.003183098861837906 0.003183098861837906 0.003183098861837906 0.002652582384864922],[0 0 0 0 0 0 0 0 0],33333333.33333333,76210.2355330306,50,,1,[0.01328112398429264 0.001328112398429264],[0.00477464829275686 0.001591549430918953],[0 0]
line_1318_to_1586_1,0.0,142.5712308338323000,[0.672776734725578 1.513747653132551 1.513747653132551 1.513747653132551 0.672776734725578 1.513747653132551 1.513747653132551 1.513747653132551 0.672776734725578],[0.002652582384864922 0.003183098861837906 0.003183098861837906 0.003183098861837906 0.002652582384864922 0.003183098861837906 0.003183098861837906 0.003183098861837906 0.002652582384864922],[0 0 0 0 0 0 0 0 0],33333333.33333333,19052.55888325765,50,,1,[1.681941836813945 0.1681941836813945],[0.00477464829275686 0.001591549430918953],[0 0]
line_1351_to_1363_1,0.0,93.78396143688217000,[0.5428629328342991 1.221441598877173 1.221441598877173 1.221441598877173 0.5428629328342991 1.221441598877173 1.221441598877173 1.221441598877173 0.5428629328342991],[0.002652582384864922 0.003183098861837906 0.003183098861837906 0.003183098861837906 0.002652582384864922 0.003183098861837906 0.003183098861837906 0.003183098861837906 0.002652582384864922],[1.362803949291701e-008 -8.176823695750204e-009 -8.176823695750204e-009 -8.176823695750204e-009 1.362803949291701e-008 -8.176823695750204e-009 -8.176823695750204e-009 -8.176823695750204e-009 1.362803949291701e-008],33333333.33333333,76210.2355330306,50,,1,[1.357157332085748 0.1357157332085748],[0.00477464829275686 0.001591549430918953],[8.176823695750204e-009 1.635364739150041e-008]
line_1357_to_1597_1,0.0,3726.451844321269000,[0.8440644205982106 1.899144946345974 1.899144946345974 1.899144946345974 0.8440644205982106 1.899144946345974 1.899144946345974 1.899144946345974 0.8440644205982106],[0.002652582384864922 0.003183098861837906 0.003183098861837906 0.003183098861837906 0.002652582384864922 0.003183098861837906 0.003183098861837906 0.003183098861837906 0.002652582384864922],[0 0 0 0 0 0 0 0 0],33333333.33333333,38105.1177665153,50,,1,[2.110161051495527 0.2110161051495527],[0.00477464829275686 0.001591549430918953],[0 0]
line_1357_to_1651_1,0.0,4653.789594367391000,[0.8596909531768865 1.934304644647995 1.934304644647995 1.934304644647995 0.8596909531768865 1.934304644647995 1.934304644647995 1.934304644647995 0.8596909531768865],[0.002652582384864922 0.003183098861837906 0.003183098861837906 0.003183098861837906 0.002652582384864922 0.003183098861837906 0.003183098861837906 0.003183098861837906 0.002652582384864922],[0 0 0 0 0 0 0 0 0],33333333.33333333,38105.1177665153,50,,1,[2.149227382942216 0.2149227382942217],[0.00477464829275686 0.001591549430918953],[0 0]
line_1365_to_1646_1,0.0,126.2940473917554000,[0.7168238084611623 1.612853569037615 1.612853569037615 1.612853569037615 0.7168238084611623 1.612853569037615 1.612853569037615 1.612853569037615 0.7168238084611623],[0.002652582384864922 0.003183098861837906 0.003183098861837906 0.003183098861837906 0.002652582384864922 0.003183098861837906 0.003183098861837906 0.003183098861837906 0.002652582384864922],[8.53197242780105e-009 -5.119183456680631e-009 -5.119183456680631e-009 -5.119183456680631e-009 8.53197242780105e-009 -5.119183456680631e-009 -5.119183456680631e-009 -5.119183456680631e-009 8.53197242780105e-009],33333333.33333333,76210.2355330306,50,,1,[1.792059521152906 0.1792059521152906],[0.00477464829275686 0.001591549430918953],[5.119183456680631e-009 1.023836691336126e-008]
line_1385_to_1386_1,0.0,3.604710267489561000,[1.995177292945387 4.489148909127122 4.489148909127122 4.489148909127122 1.995177292945387 4.489148909127122 4.489148909127122 4.489148909127122 1.995177292945387],[0.002652582384864922 0.003183098861837907 0.003183098861837907 0.003183098861837907 0.002652582384864922 0.003183098861837907 0.003183098861837907 0.003183098861837907 0.002652582384864922],[4.318500958232225e-008 -2.591100574939336e-008 -2.591100574939336e-008 -2.591100574939336e-008 4.318500958232225e-008 -2.591100574939336e-008 -2.591100574939336e-008 -2.591100574939336e-008 4.318500958232225e-008],33333333.33333333,76210.2355330306,50,,1,[4.987943232363469 0.4987943232363469],[0.004774648292756861 0.001591549430918953],[2.591100574939336e-008 5.182201149878671e-008]
line_1409_to_1411_2,0.0,19235.89155545854000,[0.008332146032498646 0.01874732857312196 0.01874732857312196 0.01874732857312196 0.008332146032498646 0.01874732857312196 0.01874732857312196 0.01874732857312196 0.008332146032498646],[0.002652582384864922 0.003183098861837905 0.003183098861837905 0.003183098861837905 0.002652582384864922 0.003183098861837905 0.003183098861837905 0.003183098861837905 0.002652582384864922],[0 0 0 0 0 0 0 0 0],33333333.33333333,76210.2355330306,50,,1,[0.02083036508124662 0.002083036508124662],[0.004774648292756859 0.001591549430918953],[0 0]
line_1410_to_1411_3,0.0,18775.94241443895000,[0.008457817045648108 0.01903008835270825 0.01903008835270825 0.01903008835270825 0.008457817045648108 0.01903008835270825 0.01903008835270825 0.01903008835270825 0.008457817045648108],[0.002652582384864922 0.003183098861837905 0.003183098861837905 0.003183098861837905 0.002652582384864922 0.003183098861837905 0.003183098861837905 0.003183098861837905 0.002652582384864922],[0 0 0 0 0 0 0 0 0],33333333.33333333,76210.2355330306,50,,1,[0.02114454261412027 0.002114454261412027],[0.004774648292756859 0.001591549430918953],[0 0]
line_1411_to_1412_1,0.0,18774.70487355779000,[0.008484024577025292 0.01908905529830691 0.01908905529830691 0.01908905529830691 0.008484024577025292 0.01908905529830691 0.01908905529830691 0.01908905529830691 0.008484024577025292],[0.002652582384864922 0.003183098861837905 0.003183098861837905 0.003183098861837905 0.002652582384864922 0.003183098861837905 0.003183098861837905 0.003183098861837905 0.002652582384864922],[0 0 0 0 0 0 0 0 0],33333333.33333333,76210.2355330306,50,,1,[0.02121006144256323 0.002121006144256323],[0.004774648292756859 0.001591549430918953],[0 0]
line_1416_to_1417_1,0.0,7567.372291985561000,[0.4956944116563248 1.115312426226731 1.115312426226731 1.115312426226731 0.4956944116563248 1.115312426226731 1.115312426226731 1.115312426226731 0.4956944116563248],[0.002652582384864922 0.003183098861837907 0.003183098861837907 0.003183098861837907 0.002652582384864922 0.003183098861837907 0.003183098861837907 0.003183098861837907 0.002652582384864922],[0 0 0 0 0 0 0 0 0],33333333.33333333,76210.2355330306,50,,1,[1.239236029140812 0.1239236029140812],[0.004774648292756861 0.001591549430918953],[0 0]
line_1420_to_1422_2,0.0,51.825572417584000,[0.6316433247803779 1.42119748075585 1.42119748075585 1.42119748075585 0.6316433247803779 1.42119748075585 1.42119748075585 1.42119748075585 0.6316433247803779],[0.002652582384864922 0.003183098861837906 0.003183098861837906 0.003183098861837906 0.002652582384864922 0.003183098861837906 0.003183098861837906 0.003183098861837906 0.002652582384864922],[1.78977069942354e-007 -1.073862419654124e-007 -1.073862419654124e-007 -1.073862419654124e-007 1.78977069942354e-007 -1.073862419654124e-007 -1.073862419654124e-007 -1.073862419654124e-007 1.78977069942354e-007],33333333.33333333,76210.2355330306,50,,1,[1.579108311950945 0.1579108311950945],[0.00477464829275686 0.001591549430918953],[1.073862419654124e-007 2.147724839308248e-007]
line_1430_to_1431_1,0.0,21446.39094098023000,[0 0 0 0 0 0 0 0 0],[0.002652582384864922 0.003183098861837906 0.003183098861837906 0.003183098861837906 0.002652582384864922 0.003183098861837906 0.003183098861837906 0.003183098861837906 0.002652582384864922],[0 0 0 0 0 0 0 0 0],33333333.33333333,76210.2355330306,50,,1,[0 0],[0.00477464829275686 0.001591549430918953],[0 0]
line_1440_to_1441_1,0.0,26468.16003097773000,[0.005761025451023962 0.01296230726480391 0.01296230726480391 0.01296230726480391 0.005761025451023962 0.01296230726480391 0.01296230726480391 0.01296230726480391 0.005761025451023962],[0.002652582384864922 0.003183098861837907 0.003183098861837907 0.003183098861837907 0.002652582384864922 0.003183098861837907 0.003183098861837907 0.003183098861837907 0.002652582384864922],[0 0 0 0 0 0 0 0 0],33333333.33333333,76210.2355330306,50,,1,[0.01440256362755991 0.00144025636275599],[0.004774648292756861 0.001591549430918953],[0 0]
line_1498_to_1599_1,0.0,2468.691632107549000,[0.7950405583225528 1.788841256225744 1.788841256225744 1.788841256225744 0.7950405583225528 1.788841256225744 1.788841256225744 1.788841256225744 0.7950405583225528],[0.002652582384864922 0.003183098861837906 0.003183098861837906 0.003183098861837906 0.002652582384864922 0.003183098861837906 0.003183098861837906 0.003183098861837906 0.002652582384864922],[0 0 0 0 0 0 0 0 0],33333333.33333333,38105.1177665153,50,,1,[1.987601395806382 0.1987601395806382],[0.00477464829275686 0.001591549430918953],[0 0]
line_1498_to_1651_1,0.0,11430.21102474782000,[0.7469023343945382 1.680530252387711 1.680530252387711 1.680530252387711 0.7469023343945382 1.680530252387711 1.680530252387711 1.680530252387711 0.7469023343945382],[0.002652582384864922 0.003183098861837906 0.003183098861837906 0.003183098861837906 0.002652582384864922 0.003183098861837906 0.003183098861837906 0.003183098861837906 0.002652582384864922],[0 0 0 0 0 0 0 0 0],33333333.33333333,38105.1177665153,50,,1,[1.867255835986346 0.1867255835986346],[0.00477464829275686 0.001591549430918953],[0 0]
line_1544_to_1603_1,0.0,1152.286923933937000,[0.446047356233925 1.003606551526331 1.003606551526331 1.003606551526331 0.446047356233925 1.003606551526331 1.003606551526331 1.003606551526331 0.446047356233925],[0.002652582384864922 0.003183098861837906 0.003183098861837906 0.003183098861837906 0.002652582384864922 0.003183098861837906 0.003183098861837906 0.003183098861837906 0.002652582384864922],[0 0 0 0 0 0 0 0 0],33333333.33333333,19052.55888325765,50,,1,[1.115118390584813 0.1115118390584812],[0.00477464829275686 0.001591549430918953],[0 0]
line_1545_to_1603_2,0.0,900.3508480240515000,[0.625956809648662 1.408402821709489 1.408402821709489 1.408402821709489 0.625956809648662 1.408402821709489 1.408402821709489 1.408402821709489 0.625956809648662],[0.002652582384864922 0.003183098861837905 0.003183098861837905 0.003183098861837905 0.002652582384864922 0.003183098861837905 0.003183098861837905 0.003183098861837905 0.002652582384864922],[0 0 0 0 0 0 0 0 0],33333333.33333333,19052.55888325765,50,,1,[1.564892024121655 0.1564892024121655],[0.004774648292756859 0.001591549430918953],[0 0]
line_1597_to_1600_1,0.0,4145.395370241337000,[0.8509795157650576 1.914703910471379 1.914703910471379 1.914703910471379 0.8509795157650576 1.914703910471379 1.914703910471379 1.914703910471379 0.8509795157650576],[0.002652582384864922 0.003183098861837907 0.003183098861837907 0.003183098861837907 0.002652582384864922 0.003183098861837907 0.003183098861837907 0.003183098861837907 0.002652582384864922],[0 0 0 0 0 0 0 0 0],33333333.33333333,38105.1177665153,50,,1,[2.127448789412644 0.2127448789412644],[0.004774648292756861 0.001591549430918953],[0 0]
line_1597_to_1651_1,0.0,3664.515962004245000,[0.8887511313512336 1.999690045540276 1.999690045540276 1.999690045540276 0.8887511313512336 1.999690045540276 1.999690045540276 1.999690045540276 0.8887511313512336],[0.002652582384864922 0.003183098861837907 0.003183098861837907 0.003183098861837907 0.002652582384864922 0.003183098861837907 0.003183098861837907 0.003183098861837907 0.002652582384864922],[0 0 0 0 0 0 0 0 0],33333333.33333333,38105.1177665153,50,,1,[2.221877828378084 0.2221877828378084],[0.004774648292756861 0.001591549430918953],[0 0]
line_1599_to_1651_1,0.0,9282.535119513264000,[0.8126781564363413 1.828525851981768 1.828525851981768 1.828525851981768 0.8126781564363413 1.828525851981768 1.828525851981768 1.828525851981768 0.8126781564363413],[0.002652582384864922 0.003183098861837906 0.003183098861837906 0.003183098861837906 0.002652582384864922 0.003183098861837906 0.003183098861837906 0.003183098861837906 0.002652582384864922],[0 0 0 0 0 0 0 0 0],33333333.33333333,38105.1177665153,50,,1,[2.031695391090854 0.2031695391090854],[0.00477464829275686 0.001591549430918953],[0 0]
line_1600_to_1651_1,0.0,10931.30325269809000,[1.365836618386153 3.073132391368843 3.073132391368843 3.073132391368843 1.365836618386153 3.073132391368843 3.073132391368843 3.073132391368843 1.365836618386153],[0.002652582384864922 0.003183098861837906 0.003183098861837906 0.003183098861837906 0.002652582384864922 0.003183098861837906 0.003183098861837906 0.003183098861837906 0.002652582384864922],[0 0 0 0 0 0 0 0 0],33333333.33333333,38105.1177665153,50,,1,[3.414591545965382 0.3414591545965382],[0.00477464829275686 0.001591549430918953],[0 0]
line_2000_to_2345_1G,0.0,223.4113579006399000,[0 0 0 0 0 0 0 0 0],[0.002652582384864922 0.003183098861837905 0.003183098861837905 0.003183098861837905 0.002652582384864922 0.003183098861837905 0.003183098861837905 0.003183098861837905 0.002652582384864922],[0 0 0 0 0 0 0 0 0],33333333.33333333,19052.55888325765,50,,1,[0 0],[0.004774648292756859 0.001591549430918953],[0 0]
line_2017_to_2353_2,0.0,257375.5314025806000,[0.03673244835799969 0.0826480088054993 0.0826480088054993 0.0826480088054993 0.03673244835799969 0.0826480088054993 0.0826480088054993 0.0826480088054993 0.03673244835799969],[0.002652582384864922 0.003183098861837906 0.003183098861837906 0.003183098861837906 0.002652582384864922 0.003183098861837906 0.003183098861837906 0.003183098861837906 0.002652582384864922],[0 0 0 0 0 0 0 0 0],33333333.33333333,127017.0592217177,50,,1,[0.09183112089499923 0.009183112089499923],[0.00477464829275686 0.001591549430918953],[0 0]
line_2039_to_2354_2,0.0,259627.7579832972000,[0.03787925641073502 0.08522832692415379 0.08522832692415379 0.08522832692415379 0.03787925641073502 0.08522832692415379 0.08522832692415379 0.08522832692415379 0.03787925641073502],[0.002652582384864922 0.003183098861837907 0.003183098861837907 0.003183098861837907 0.002652582384864922 0.003183098861837907 0.003183098861837907 0.003183098861837907 0.002652582384864922],[0 0 0 0 0 0 0 0 0],33333333.33333333,127017.0592217177,50,,1,[0.09469814102683755 0.009469814102683754],[0.004774648292756861 0.001591549430918953],[0 0]
line_2068_to_2071_1,0.0,2557.016168987679000,[0.0006922486233119815 0.001557559402451959 0.001557559402451959 0.001557559402451959 0.0006922486233119815 0.001557559402451959 0.001557559402451959 0.001557559402451959 0.0006922486233119815],[0.002652582384864922 0.003183098861837906 0.003183098861837906 0.003183098861837906 0.002652582384864922 0.003183098861837906 0.003183098861837906 0.003183098861837906 0.002652582384864922],[0 0 0 0 0 0 0 0 0],33333333.33333333,38105.1177665153,50,,1,[0.001730621558279954 0.0001730621558279954],[0.00477464829275686 0.001591549430918953],[0 0]
line_2083_to_2163_1,0.0,29004.55153311786000,[0.0006766825522076228 0.001522535742467151 0.001522535742467151 0.001522535742467151 0.0006766825522076228 0.001522535742467151 0.001522535742467151 0.001522535742467151 0.0006766825522076228],[0.002652582384864923 0.003183098861837908 0.003183098861837908 0.003183098861837908 0.002652582384864923 0.003183098861837908 0.003183098861837908 0.003183098861837908 0.002652582384864923],[0 0 0 0 0 0 0 0 0],33333333.33333333,127017.0592217177,50,,1,[0.001691706380519057 0.0001691706380519057],[0.004774648292756862 0.001591549430918953],[0 0]
line_2084_to_2164_2,0.0,28522.57512243834000,[0.0006569782802311091 0.001478201130519996 0.001478201130519996 0.001478201130519996 0.0006569782802311091 0.001478201130519996 0.001478201130519996 0.001478201130519996 0.0006569782802311091],[0.002652582384864922 0.003183098861837906 0.003183098861837906 0.003183098861837906 0.002652582384864922 0.003183098861837906 0.003183098861837906 0.003183098861837906 0.002652582384864922],[0 0 0 0 0 0 0 0 0],33333333.33333333,127017.0592217177,50,,1,[0.001642445700577773 0.0001642445700577773],[0.00477464829275686 0.001591549430918953],[0 0]
line_2103_to_2316_1,0.0,464.5574847810065000,[0.0004014984269684165 0.0009033714606789371 0.0009033714606789371 0.0009033714606789371 0.0004014984269684165 0.0009033714606789371 0.0009033714606789371 0.0009033714606789371 0.0004014984269684165],[0.002652582384864922 0.003183098861837907 0.003183098861837907 0.003183098861837907 0.002652582384864922 0.003183098861837907 0.003183098861837907 0.003183098861837907 0.002652582384864922],[0 0 0 0 0 0 0 0 0],33333333.33333333,12701.70592217177,50,,1,[0.001003746067421041 0.0001003746067421041],[0.004774648292756861 0.001591549430918953],[0 0]
line_2103_to_2316_2,0.0,437.0911530011146000,[0.0004461363148580472 0.001003806708430606 0.001003806708430606 0.001003806708430606 0.0004461363148580472 0.001003806708430606 0.001003806708430606 0.001003806708430606 0.0004461363148580472],[0.002652582384864922 0.003183098861837907 0.003183098861837907 0.003183098861837907 0.002652582384864922 0.003183098861837907 0.003183098861837907 0.003183098861837907 0.002652582384864922],[0 0 0 0 0 0 0 0 0],33333333.33333333,12701.70592217177,50,,1,[0.001115340787145118 0.0001115340787145118],[0.004774648292756861 0.001591549430918953],[0 0]
line_2110_to_2112_2,0.0,28632.19669005278000,[0.4245675770006133 0.9552770482513799 0.9552770482513799 0.9552770482513799 0.4245675770006133 0.9552770482513799 0.9552770482513799 0.9552770482513799 0.4245675770006133],[0.002652582384864922 0.003183098861837906 0.003183098861837906 0.003183098861837906 0.002652582384864922 0.003183098861837906 0.003183098861837906 0.003183098861837906 0.002652582384864922],[0 0 0 0 0 0 0 0 0],33333333.33333333,127017.0592217177,50,,1,[1.061418942501533 0.1061418942501533],[0.00477464829275686 0.001591549430918953],[0 0]
line_2111_to_2112_1,0.0,28039.37593521548000,[0.4264594368136883 0.9595337328307988 0.9595337328307988 0.9595337328307988 0.4264594368136883 0.9595337328307988 0.9595337328307988 0.9595337328307988 0.4264594368136883],[0.002652582384864922 0.003183098861837907 0.003183098861837907 0.003183098861837907 0.002652582384864922 0.003183098861837907 0.003183098861837907 0.003183098861837907 0.002652582384864922],[0 0 0 0 0 0 0 0 0],33333333.33333333,127017.0592217177,50,,1,[1.066148592034221 0.1066148592034221],[0.004774648292756861 0.001591549430918953],[0 0]
line_2123_to_2124_1,0.0,28545.56036617982000,[0 0 0 0 0 0 0 0 0],[0.002652582384864922 0.003183098861837906 0.003183098861837906 0.003183098861837906 0.002652582384864922 0.003183098861837906 0.003183098861837906 0.003183098861837906 0.002652582384864922],[0 0 0 0 0 0 0 0 0],33333333.33333333,127017.0592217177,50,,1,[0 0],[0.00477464829275686 0.001591549430918953],[0 0]
line_2129_to_2353_1,0.0,29820.33342883367000,[0.0006747022350798422 0.001518080028929645 0.001518080028929645 0.001518080028929645 0.0006747022350798422 0.001518080028929645 0.001518080028929645 0.001518080028929645 0.0006747022350798422],[0.002652582384864922 0.003183098861837907 0.003183098861837907 0.003183098861837907 0.002652582384864922 0.003183098861837907 0.003183098861837907 0.003183098861837907 0.002652582384864922],[0 0 0 0 0 0 0 0 0],33333333.33333333,127017.0592217177,50,,1,[0.001686755587699606 0.0001686755587699606],[0.004774648292756861 0.001591549430918953],[0 0]
line_2136_to_2138_1,0.0,18907.57402312751000,[0.001072901881514285 0.002414029233407141 0.002414029233407141 0.002414029233407141 0.001072901881514285 0.002414029233407141 0.002414029233407141 0.002414029233407141 0.001072901881514285],[0.002652582384864922 0.003183098861837907 0.003183098861837907 0.003183098861837907 0.002652582384864922 0.003183098861837907 0.003183098861837907 0.003183098861837907 0.002652582384864922],[0 0 0 0 0 0 0 0 0],33333333.33333333,127017.0592217177,50,,1,[0.002682254703785712 0.0002682254703785711],[0.004774648292756861 0.001591549430918953],[0 0]
line_2145_to_2354_1,0.0,27709.41251132634000,[0.0006640805901610479 0.001494181327862358 0.001494181327862358 0.001494181327862358 0.0006640805901610479 0.001494181327862358 0.001494181327862358 0.001494181327862358 0.0006640805901610479],[0.002652582384864922 0.003183098861837907 0.003183098861837907 0.003183098861837907 0.002652582384864922 0.003183098861837907 0.003183098861837907 0.003183098861837907 0.002652582384864922],[0 0 0 0 0 0 0 0 0],33333333.33333333,127017.0592217177,50,,1,[0.00166020147540262 0.000166020147540262],[0.004774648292756861 0.001591549430918953],[0 0]
line_2210_to_2212_1,0.0,2355.78858459023000,[0 0 0 0 0 0 0 0 0],[0.002652582384864922 0.003183098861837906 0.003183098861837906 0.003183098861837906 0.002652582384864922 0.003183098861837906 0.003183098861837906 0.003183098861837906 0.002652582384864922],[0 0 0 0 0 0 0 0 0],33333333.33333333,38105.1177665153,50,,1,[0 0],[0.00477464829275686 0.001591549430918953],[0 0]
line_2262_to_2263_2,0.0,7569.881195582109000,[0.0002236311443059288 0.0005031700746883399 0.0005031700746883399 0.0005031700746883399 0.0002236311443059288 0.0005031700746883399 0.0005031700746883399 0.0005031700746883399 0.0002236311443059288],[0.002652582384864922 0.003183098861837907 0.003183098861837907 0.003183098861837907 0.002652582384864922 0.003183098861837907 0.003183098861837907 0.003183098861837907 0.002652582384864922],[0 0 0 0 0 0 0 0 0],33333333.33333333,38105.1177665153,50,,1,[0.0005590778607648221 5.590778607648221e-005],[0.004774648292756861 0.001591549430918953],[0 0]
line_2276_to_2287_1,0.0,6799.549932275065000,[0.4713125213217378 1.06045317297391 1.06045317297391 1.06045317297391 0.4713125213217378 1.06045317297391 1.06045317297391 1.06045317297391 0.4713125213217378],[0.002652582384864922 0.003183098861837906 0.003183098861837906 0.003183098861837906 0.002652582384864922 0.003183098861837906 0.003183098861837906 0.003183098861837906 0.002652582384864922],[0 0 0 0 0 0 0 0 0],33333333.33333333,38105.1177665153,50,,1,[1.178281303304344 0.1178281303304344],[0.00477464829275686 0.001591549430918953],[0 0]
line_2276_to_2288_1,0.0,7072.64399890207000,[0.4518386967566922 1.016637067702558 1.016637067702558 1.016637067702558 0.4518386967566922 1.016637067702558 1.016637067702558 1.016637067702558 0.4518386967566922],[0.002652582384864922 0.003183098861837906 0.003183098861837906 0.003183098861837906 0.002652582384864922 0.003183098861837906 0.003183098861837906 0.003183098861837906 0.002652582384864922],[0 0 0 0 0 0 0 0 0],33333333.33333333,38105.1177665153,50,,1,[1.129596741891731 0.112959674189173],[0.00477464829275686 0.001591549430918953],[0 0]
line_2287_to_2288_1,0.0,315.8628120787489000,[0.8485620728371096 1.909264663883496 1.909264663883496 1.909264663883496 0.8485620728371096 1.909264663883496 1.909264663883496 1.909264663883496 0.8485620728371096],[0.002652582384864922 0.003183098861837906 0.003183098861837906 0.003183098861837906 0.002652582384864922 0.003183098861837906 0.003183098861837906 0.003183098861837906 0.002652582384864922],[0 0 0 0 0 0 0 0 0],33333333.33333333,38105.1177665153,50,,1,[2.121405182092774 0.2121405182092774],[0.00477464829275686 0.001591549430918953],[0 0]
line_2303_to_2304_2,0.0,1603.515775116573000,[0.02078867780409138 0.04677452505920562 0.04677452505920562 0.04677452505920562 0.02078867780409138 0.04677452505920562 0.04677452505920562 0.04677452505920562 0.02078867780409138],[0.002652582384864922 0.003183098861837906 0.003183098861837906 0.003183098861837906 0.002652582384864922 0.003183098861837906 0.003183098861837906 0.003183098861837906 0.002652582384864922],[0 0 0 0 0 0 0 0 0],33333333.33333333,12701.70592217177,50,,1,[0.05197169451022846 0.005197169451022846],[0.00477464829275686 0.001591549430918953],[0 0]
line_2303_to_2305_1,0.0,1589.020548446846000,[0.01951681608828429 0.04391283619863965 0.04391283619863965 0.04391283619863965 0.01951681608828429 0.04391283619863965 0.04391283619863965 0.04391283619863965 0.01951681608828429],[0.002652582384864922 0.003183098861837908 0.003183098861837908 0.003183098861837908 0.002652582384864922 0.003183098861837908 0.003183098861837908 0.003183098861837908 0.002652582384864922],[0 0 0 0 0 0 0 0 0],33333333.33333333,12701.70592217177,50,,1,[0.04879204022071072 0.004879204022071073],[0.004774648292756861 0.001591549430918953],[0 0]
line_2326_to_2327_1,0.0,447.1469516483879000,[0.0004410616267284836 0.0009923886601390882 0.0009923886601390882 0.0009923886601390882 0.0004410616267284836 0.0009923886601390882 0.0009923886601390882 0.0009923886601390882 0.0004410616267284836],[0.002652582384864922 0.003183098861837907 0.003183098861837907 0.003183098861837907 0.002652582384864922 0.003183098861837907 0.003183098861837907 0.003183098861837907 0.002652582384864922],[0 0 0 0 0 0 0 0 0],33333333.33333333,12701.70592217177,50,,1,[0.001102654066821209 0.0001102654066821209],[0.004774648292756861 0.001591549430918953],[0 0]
line_2326_to_2329_2,0.0,423.6990652097762000,[0.0004694305403320259 0.001056218715747058 0.001056218715747058 0.001056218715747058 0.0004694305403320259 0.001056218715747058 0.001056218715747058 0.001056218715747058 0.0004694305403320259],[0.002652582384864922 0.003183098861837907 0.003183098861837907 0.003183098861837907 0.002652582384864922 0.003183098861837907 0.003183098861837907 0.003183098861837907 0.002652582384864922],[0 0 0 0 0 0 0 0 0],33333333.33333333,12701.70592217177,50,,1,[0.001173576350830065 0.0001173576350830065],[0.004774648292756861 0.001591549430918953],[0 0]
line_2328_to_2330_3,0.0,433.1614717191268000,[0.0004364731917451447 0.0009820646814265757 0.0009820646814265757 0.0009820646814265757 0.0004364731917451447 0.0009820646814265757 0.0009820646814265757 0.0009820646814265757 0.0004364731917451447],[0.002652582384864923 0.003183098861837908 0.003183098861837908 0.003183098861837908 0.002652582384864923 0.003183098861837908 0.003183098861837908 0.003183098861837908 0.002652582384864923],[0 0 0 0 0 0 0 0 0],33333333.33333333,12701.70592217177,50,,1,[0.001091182979362862 0.0001091182979362862],[0.004774648292756862 0.001591549430918953],[0 0]
line_2328_to_2331_4,0.0,452.6171328467127000,[0.0004466951119782694 0.001005064001951106 0.001005064001951106 0.001005064001951106 0.0004466951119782694 0.001005064001951106 0.001005064001951106 0.001005064001951106 0.0004466951119782694],[0.002652582384864922 0.003183098861837905 0.003183098861837905 0.003183098861837905 0.002652582384864922 0.003183098861837905 0.003183098861837905 0.003183098861837905 0.002652582384864922],[0 0 0 0 0 0 0 0 0],33333333.33333333,12701.70592217177,50,,1,[0.001116737779945674 0.0001116737779945674],[0.004774648292756859 0.001591549430918953],[0 0]
line_3000_to_3061_1G,0.0,3640.738763342501000,[0 0 0 0 0 0 0 0 0],[0.002652582384864923 0.003183098861837908 0.003183098861837908 0.003183098861837908 0.002652582384864923 0.003183098861837908 0.003183098861837908 0.003183098861837908 0.002652582384864923],[0 0 0 0 0 0 0 0 0],33333333.33333333,76210.2355330306,50,,1,[0 0],[0.004774648292756862 0.001591549430918953],[0 0]
line_3001_to_3065_1G,0.0,3520.434608222086000,[0 0 0 0 0 0 0 0 0],[0.002652582384864922 0.003183098861837905 0.003183098861837905 0.003183098861837905 0.002652582384864922 0.003183098861837905 0.003183098861837905 0.003183098861837905 0.002652582384864922],[0 0 0 0 0 0 0 0 0],33333333.33333333,76210.2355330306,50,,1,[0 0],[0.004774648292756859 0.001591549430918953],[0 0]
line_3002_to_3063_1G,0.0,3349.399183465541000,[0 0 0 0 0 0 0 0 0],[0.002652582384864922 0.003183098861837907 0.003183098861837907 0.003183098861837907 0.002652582384864922 0.003183098861837907 0.003183098861837907 0.003183098861837907 0.002652582384864922],[0 0 0 0 0 0 0 0 0],33333333.33333333,76210.2355330306,50,,1,[0 0],[0.004774648292756861 0.001591549430918953],[0 0]
line_3003_to_3657_2,0.0,11.18346229226422000,[0.03809888691599995 0.0857224955609999 0.0857224955609999 0.0857224955609999 0.03809888691599995 0.0857224955609999 0.0857224955609999 0.0857224955609999 0.03809888691599995],[0.002652582384864922 0.003183098861837906 0.003183098861837906 0.003183098861837906 0.002652582384864922 0.003183098861837906 0.003183098861837906 0.003183098861837906 0.002652582384864922],[0 0 0 0 0 0 0 0 0],33333333.33333333,19052.55888325765,50,,1,[0.09524721728999988 0.009524721728999989],[0.00477464829275686 0.001591549430918953],[0 0]
line_3008_to_3450_1,0.0,0.9119384340084697000,[0.01838070266987427 0.04135658100721711 0.04135658100721711 0.04135658100721711 0.01838070266987427 0.04135658100721711 0.04135658100721711 0.04135658100721711 0.01838070266987427],[0.002652582384864922 0.003183098861837906 0.003183098861837906 0.003183098861837906 0.002652582384864922 0.003183098861837906 0.003183098861837906 0.003183098861837906 0.002652582384864922],[0 0 0 0 0 0 0 0 0],33333333.33333333,3810.51177665153,50,,1,[0.04595175667468567 0.004595175667468567],[0.00477464829275686 0.001591549430918953],[0 0]
line_3030_to_3216_1,0.0,127.927568036241000,[1.23290265248158 2.774030968083555 2.774030968083555 2.774030968083555 1.23290265248158 2.774030968083555 2.774030968083555 2.774030968083555 1.23290265248158],[0.002652582384864922 0.003183098861837906 0.003183098861837906 0.003183098861837906 0.002652582384864922 0.003183098861837906 0.003183098861837906 0.003183098861837906 0.002652582384864922],[0 0 0 0 0 0 0 0 0],33333333.33333333,76210.2355330306,50,,1,[3.082256631203951 0.3082256631203951],[0.00477464829275686 0.001591549430918953],[0 0]
line_3031_to_3216_2,0.0,126.4071622339034000,[1.159117059644385 2.608013384199867 2.608013384199867 2.608013384199867 1.159117059644385 2.608013384199867 2.608013384199867 2.608013384199867 1.159117059644385],[0.002652582384864922 0.003183098861837905 0.003183098861837905 0.003183098861837905 0.002652582384864922 0.003183098861837905 0.003183098861837905 0.003183098861837905 0.002652582384864922],[0 0 0 0 0 0 0 0 0],33333333.33333333,76210.2355330306,50,,1,[2.897792649110964 0.2897792649110963],[0.004774648292756859 0.001591549430918953],[0 0]
line_3033_to_3416_2,0.0,0.8852406093576525000,[0.01957590658127583 0.04404578980787063 0.04404578980787063 0.04404578980787063 0.01957590658127583 0.04404578980787063 0.04404578980787063 0.04404578980787063 0.01957590658127583],[0.002652582384864922 0.003183098861837907 0.003183098861837907 0.003183098861837907 0.002652582384864922 0.003183098861837907 0.003183098861837907 0.003183098861837907 0.002652582384864922],[0 0 0 0 0 0 0 0 0],33333333.33333333,3810.51177665153,50,,1,[0.04893976645318959 0.004893976645318958],[0.004774648292756861 0.001591549430918953],[0 0]
line_3108_to_3109_1,0.0,3575.998918626758000,[0.001874001112855299 0.004216502503924423 0.004216502503924423 0.004216502503924423 0.001874001112855299 0.004216502503924423 0.004216502503924423 0.004216502503924423 0.001874001112855299],[0.002652582384864922 0.003183098861837906 0.003183098861837906 0.003183098861837906 0.002652582384864922 0.003183098861837906 0.003183098861837906 0.003183098861837906 0.002652582384864922],[0 0 0 0 0 0 0 0 0],33333333.33333333,76210.2355330306,50,,1,[0.004685002782138247 0.0004685002782138248],[0.00477464829275686 0.001591549430918953],[0 0]
line_3119_to_3120_1,0.0,108.5250430941626000,[0.614829748471054 1.383366934059872 1.383366934059872 1.383366934059872 0.614829748471054 1.383366934059872 1.383366934059872 1.383366934059872 0.614829748471054],[0.002652582384864923 0.003183098861837907 0.003183098861837907 0.003183098861837907 0.002652582384864923 0.003183098861837907 0.003183098861837907 0.003183098861837907 0.002652582384864923],[0 0 0 0 0 0 0 0 0],33333333.33333333,76210.2355330306,50,,1,[1.537074371177635 0.1537074371177635],[0.004774648292756861 0.001591549430918954],[0 0]
line_3158_to_3649_1,0.0,56054.21072675826000,[0.000543481579311126 0.001222833553450034 0.001222833553450034 0.001222833553450034 0.000543481579311126 0.001222833553450034 0.001222833553450034 0.001222833553450034 0.000543481579311126],[0.002069014260194639 0.002482817112233567 0.002482817112233567 0.002482817112233567 0.002069014260194639 0.002482817112233567 0.002482817112233567 0.002482817112233567 0.002069014260194639],[0 0 0 0 0 0 0 0 0],33333333.33333333,158771.3240271471,50,,1,[0.001358703948277815 0.0001358703948277815],[0.003724225668350351 0.001241408556116784],[0 0]
line_3180_to_3182_1,0.0,82461.36628510634000,[0.01408746611854876 0.03169679876673471 0.03169679876673471 0.03169679876673471 0.01408746611854876 0.03169679876673471 0.03169679876673471 0.03169679876673471 0.01408746611854876],[0.002652582384864922 0.003183098861837907 0.003183098861837907 0.003183098861837907 0.002652582384864922 0.003183098861837907 0.003183098861837907 0.003183098861837907 0.002652582384864922],[0 0 0 0 0 0 0 0 0],33333333.33333333,76210.2355330306,50,,1,[0.0352186652963719 0.003521866529637189],[0.004774648292756861 0.001591549430918953],[0 0]
line_3181_to_3182_2,0.0,81626.37516127477000,[0.01392955827722352 0.03134150612375292 0.03134150612375292 0.03134150612375292 0.01392955827722352 0.03134150612375292 0.03134150612375292 0.03134150612375292 0.01392955827722352],[0.002652582384864922 0.003183098861837907 0.003183098861837907 0.003183098861837907 0.002652582384864922 0.003183098861837907 0.003183098861837907 0.003183098861837907 0.002652582384864922],[0 0 0 0 0 0 0 0 0],33333333.33333333,76210.2355330306,50,,1,[0.0348238956930588 0.00348238956930588],[0.004774648292756861 0.001591549430918953],[0 0]
line_3202_to_3301_1,0.0,586.5899507250364000,[0.003094575610957685 0.006962795124654792 0.006962795124654792 0.006962795124654792 0.003094575610957685 0.006962795124654792 0.006962795124654792 0.006962795124654792 0.003094575610957685],[0.002652582384864922 0.003183098861837906 0.003183098861837906 0.003183098861837906 0.002652582384864922 0.003183098861837906 0.003183098861837906 0.003183098861837906 0.002652582384864922],[0 0 0 0 0 0 0 0 0],33333333.33333333,38105.1177665153,50,,1,[0.007736439027394213 0.0007736439027394213],[0.00477464829275686 0.001591549430918953],[0 0]
line_3259_to_3293_1,0.0,163.1219706463879000,[0.5392283839685542 1.213263863929247 1.213263863929247 1.213263863929247 0.5392283839685542 1.213263863929247 1.213263863929247 1.213263863929247 0.5392283839685542],[0.002652582384864922 0.003183098861837907 0.003183098861837907 0.003183098861837907 0.002652582384864922 0.003183098861837907 0.003183098861837907 0.003183098861837907 0.002652582384864922],[9.697924813315625e-009 -5.818754887989376e-009 -5.818754887989376e-009 -5.818754887989376e-009 9.697924813315625e-009 -5.818754887989376e-009 -5.818754887989376e-009 -5.818754887989376e-009 9.697924813315625e-009],33333333.33333333,76210.2355330306,50,,1,[1.348070959921386 0.1348070959921386],[0.004774648292756861 0.001591549430918953],[5.818754887989376e-009 1.163750977597875e-008]
line_3261_to_3537_2,0.0,3.449993966853172000,[2.109855137234191 4.747174058776929 4.747174058776929 4.747174058776929 2.109855137234191 4.747174058776929 4.747174058776929 4.747174058776929 2.109855137234191],[0.002652582384864922 0.003183098861837906 0.003183098861837906 0.003183098861837906 0.002652582384864922 0.003183098861837906 0.003183098861837906 0.003183098861837906 0.002652582384864922],[0 0 0 0 0 0 0 0 0],33333333.33333333,76210.2355330306,50,,1,[5.274637843085477 0.5274637843085478],[0.00477464829275686 0.001591549430918953],[0 0]
line_3261_to_3538_1,0.0,3.487152412071095000,[2.005498138899778 4.5123708125245 4.5123708125245 4.5123708125245 2.005498138899778 4.5123708125245 4.5123708125245 4.5123708125245 2.005498138899778],[0.002652582384864922 0.003183098861837907 0.003183098861837907 0.003183098861837907 0.002652582384864922 0.003183098861837907 0.003183098861837907 0.003183098861837907 0.002652582384864922],[0 0 0 0 0 0 0 0 0],33333333.33333333,76210.2355330306,50,,1,[5.013745347249444 0.5013745347249444],[0.004774648292756861 0.001591549430918953],[0 0]
line_3281_to_3501_1,0.0,452.706443616059000,[0.03872987126749536 0.08714221035186456 0.08714221035186456 0.08714221035186456 0.03872987126749536 0.08714221035186456 0.08714221035186456 0.08714221035186456 0.03872987126749536],[0.002652582384864922 0.003183098861837907 0.003183098861837907 0.003183098861837907 0.002652582384864922 0.003183098861837907 0.003183098861837907 0.003183098861837907 0.002652582384864922],[0 0 0 0 0 0 0 0 0],33333333.33333333,38105.1177665153,50,,1,[0.09682467816873841 0.009682467816873841],[0.004774648292756861 0.001591549430918953],[0 0]
line_3317_to_3636_1,0.0,74.00847271601678000,[0.6668364278890195 1.500381962750294 1.500381962750294 1.500381962750294 0.6668364278890195 1.500381962750294 1.500381962750294 1.500381962750294 0.6668364278890195],[0.002652582384864922 0.003183098861837907 0.003183098861837907 0.003183098861837907 0.002652582384864922 0.003183098861837907 0.003183098861837907 0.003183098861837907 0.002652582384864922],[3.025244102289614e-008 -1.815146461373768e-008 -1.815146461373768e-008 -1.815146461373768e-008 3.025244102289614e-008 -1.815146461373768e-008 -1.815146461373768e-008 -1.815146461373768e-008 3.025244102289614e-008],33333333.33333333,63508.52961085884,50,,1,[1.667091069722549 0.1667091069722549],[0.004774648292756861 0.001591549430918953],[1.815146461373768e-008 3.630292922747537e-008]
line_3318_to_3636_2,0.0,75.64674630361605000,[0.6467495804974628 1.455186556119291 1.455186556119291 1.455186556119291 0.6467495804974628 1.455186556119291 1.455186556119291 1.455186556119291 0.6467495804974628],[0.002652582384864922 0.003183098861837906 0.003183098861837906 0.003183098861837906 0.002652582384864922 0.003183098861837906 0.003183098861837906 0.003183098861837906 0.002652582384864922],[2.761263048049521e-008 -1.656757828829712e-008 -1.656757828829712e-008 -1.656757828829712e-008 2.761263048049521e-008 -1.656757828829712e-008 -1.656757828829712e-008 -1.656757828829712e-008 2.761263048049521e-008],33333333.33333333,63508.52961085884,50,,1,[1.616873951243657 0.1616873951243657],[0.00477464829275686 0.001591549430918953],[1.656757828829712e-008 3.313515657659425e-008]
line_3319_to_3636_3,0.0,69.67233035431254000,[0.673094696754386 1.514463067697369 1.514463067697369 1.514463067697369 0.673094696754386 1.514463067697369 1.514463067697369 1.514463067697369 0.673094696754386],[0.002652582384864922 0.003183098861837906 0.003183098861837906 0.003183098861837906 0.002652582384864922 0.003183098861837906 0.003183098861837906 0.003183098861837906 0.002652582384864922],[3.026697792227255e-008 -1.816018675336353e-008 -1.816018675336353e-008 -1.816018675336353e-008 3.026697792227255e-008 -1.816018675336353e-008 -1.816018675336353e-008 -1.816018675336353e-008 3.026697792227255e-008],33333333.33333333,63508.52961085884,50,,1,[1.682736741885965 0.1682736741885965],[0.00477464829275686 0.001591549430918953],[1.816018675336353e-008 3.632037350672706e-008]
line_3344_to_3503_2,0.0,37.1473381311725000,[0.6435046229940815 1.447885401736684 1.447885401736684 1.447885401736684 0.6435046229940815 1.447885401736684 1.447885401736684 1.447885401736684 0.6435046229940815],[0.002652582384864922 0.003183098861837906 0.003183098861837906 0.003183098861837906 0.002652582384864922 0.003183098861837906 0.003183098861837906 0.003183098861837906 0.002652582384864922],[2.98310560020608e-008 -1.789863360123648e-008 -1.789863360123648e-008 -1.789863360123648e-008 2.98310560020608e-008 -1.789863360123648e-008 -1.789863360123648e-008 -1.789863360123648e-008 2.98310560020608e-008],33333333.33333333,63508.52961085884,50,,1,[1.608761557485204 0.1608761557485204],[0.00477464829275686 0.001591549430918953],[1.789863360123648e-008 3.579726720247296e-008]
line_3345_to_3503_3,0.0,36.98154551167789000,[0.655228121334133 1.474263273001799 1.474263273001799 1.474263273001799 0.655228121334133 1.474263273001799 1.474263273001799 1.474263273001799 0.655228121334133],[0.002652582384864922 0.003183098861837907 0.003183098861837907 0.003183098861837907 0.002652582384864922 0.003183098861837907 0.003183098861837907 0.003183098861837907 0.002652582384864922],[1.185401731650891e-008 -7.112410389905343e-009 -7.112410389905343e-009 -7.112410389905343e-009 1.185401731650891e-008 -7.112410389905343e-009 -7.112410389905343e-009 -7.112410389905343e-009 1.185401731650891e-008],33333333.33333333,63508.52961085884,50,,1,[1.638070303335333 0.1638070303335333],[0.004774648292756861 0.001591549430918953],[7.112410389905343e-009 1.422482077981069e-008]
line_3346_to_3503_1,0.0,36.83440310119081000,[0.3972260681146281 0.8937586532579133 0.8937586532579133 0.8937586532579133 0.3972260681146281 0.8937586532579133 0.8937586532579133 0.8937586532579133 0.3972260681146281],[0.002652582384864922 0.003183098861837906 0.003183098861837906 0.003183098861837906 0.002652582384864922 0.003183098861837906 0.003183098861837906 0.003183098861837906 0.002652582384864922],[1.224610033903174e-008 -7.347660203419043e-009 -7.347660203419043e-009 -7.347660203419043e-009 1.224610033903174e-008 -7.347660203419043e-009 -7.347660203419043e-009 -7.347660203419043e-009 1.224610033903174e-008],33333333.33333333,63508.52961085884,50,,1,[0.9930651702865703 0.09930651702865702],[0.00477464829275686 0.001591549430918953],[7.347660203419043e-009 1.469532040683809e-008]
line_3365_to_3511_5,0.0,21.04342725705262000,[0.01994127461418435 0.04486786788191479 0.04486786788191479 0.04486786788191479 0.01994127461418435 0.04486786788191479 0.04486786788191479 0.04486786788191479 0.01994127461418435],[0.002652582384864922 0.003183098861837908 0.003183098861837908 0.003183098861837908 0.002652582384864922 0.003183098861837908 0.003183098861837908 0.003183098861837908 0.002652582384864922],[0 0 0 0 0 0 0 0 0],33333333.33333333,19052.55888325765,50,,1,[0.04985318653546088 0.004985318653546088],[0.004774648292756861 0.001591549430918953],[0 0]
line_3365_to_3512_4,0.0,22.75170942351491000,[0.01870875698490602 0.04209470321603856 0.04209470321603856 0.04209470321603856 0.01870875698490602 0.04209470321603856 0.04209470321603856 0.04209470321603856 0.01870875698490602],[0.002652582384864922 0.003183098861837907 0.003183098861837907 0.003183098861837907 0.002652582384864922 0.003183098861837907 0.003183098861837907 0.003183098861837907 0.002652582384864922],[0 0 0 0 0 0 0 0 0],33333333.33333333,19052.55888325765,50,,1,[0.04677189246226507 0.004677189246226507],[0.004774648292756861 0.001591549430918953],[0 0]
line_3365_to_3641_6,0.0,20.77711674428266000,[0.01993926532323093 0.0448633469772696 0.0448633469772696 0.0448633469772696 0.01993926532323093 0.0448633469772696 0.0448633469772696 0.0448633469772696 0.01993926532323093],[0.002652582384864922 0.003183098861837906 0.003183098861837906 0.003183098861837906 0.002652582384864922 0.003183098861837906 0.003183098861837906 0.003183098861837906 0.002652582384864922],[0 0 0 0 0 0 0 0 0],33333333.33333333,19052.55888325765,50,,1,[0.04984816330807733 0.004984816330807733],[0.00477464829275686 0.001591549430918954],[0 0]
line_3366_to_3515_3,0.0,2.383379171840846000,[0.01941683661191239 0.04368788237680288 0.04368788237680288 0.04368788237680288 0.01941683661191239 0.04368788237680288 0.04368788237680288 0.04368788237680288 0.01941683661191239],[0.002652582384864922 0.003183098861837907 0.003183098861837907 0.003183098861837907 0.002652582384864922 0.003183098861837907 0.003183098861837907 0.003183098861837907 0.002652582384864922],[0 0 0 0 0 0 0 0 0],33333333.33333333,6350.852961085884,50,,1,[0.04854209152978099 0.004854209152978099],[0.004774648292756861 0.001591549430918953],[0 0]
line_3367_to_3513_2,0.0,2.533669332581581000,[0.01947012204893403 0.04380777461010158 0.04380777461010158 0.04380777461010158 0.01947012204893403 0.04380777461010158 0.04380777461010158 0.04380777461010158 0.01947012204893403],[0.002652582384864922 0.003183098861837906 0.003183098861837906 0.003183098861837906 0.002652582384864922 0.003183098861837906 0.003183098861837906 0.003183098861837906 0.002652582384864922],[0 0 0 0 0 0 0 0 0],33333333.33333333,6350.852961085884,50,,1,[0.04867530512233509 0.004867530512233509],[0.00477464829275686 0.001591549430918953],[0 0]
line_3367_to_3514_1,0.0,2.390917688810266000,[0.02102389160040805 0.0473037561009181 0.0473037561009181 0.0473037561009181 0.02102389160040805 0.0473037561009181 0.0473037561009181 0.0473037561009181 0.02102389160040805],[0.002652582384864922 0.003183098861837907 0.003183098861837907 0.003183098861837907 0.002652582384864922 0.003183098861837907 0.003183098861837907 0.003183098861837907 0.002652582384864922],[0 0 0 0 0 0 0 0 0],33333333.33333333,6350.852961085884,50,,1,[0.05255972900102011 0.005255972900102011],[0.004774648292756861 0.001591549430918953],[0 0]
line_3407_to_3658_1,0.0,11.18167087184871000,[0.03879290514717847 0.08728403658115155 0.08728403658115155 0.08728403658115155 0.03879290514717847 0.08728403658115155 0.08728403658115155 0.08728403658115155 0.03879290514717847],[0.002652582384864922 0.003183098861837907 0.003183098861837907 0.003183098861837907 0.002652582384864922 0.003183098861837907 0.003183098861837907 0.003183098861837907 0.002652582384864922],[0 0 0 0 0 0 0 0 0],33333333.33333333,19052.55888325765,50,,1,[0.09698226286794617 0.009698226286794618],[0.004774648292756861 0.001591549430918953],[0 0]
line_3499_to_3501_3,0.0,450.9306969685479000,[0.3790030944092036 0.8527569624207082 0.8527569624207082 0.8527569624207082 0.3790030944092036 0.8527569624207082 0.8527569624207082 0.8527569624207082 0.3790030944092036],[0.002652582384864922 0.003183098861837906 0.003183098861837906 0.003183098861837906 0.002652582384864922 0.003183098861837906 0.003183098861837906 0.003183098861837906 0.002652582384864922],[0 0 0 0 0 0 0 0 0],33333333.33333333,38105.1177665153,50,,1,[0.9475077360230091 0.09475077360230091],[0.00477464829275686 0.001591549430918953],[0 0]
line_3500_to_3501_2,0.0,424.3232106849367000,[0.04170346641885807 0.09383279944243066 0.09383279944243066 0.09383279944243066 0.04170346641885807 0.09383279944243066 0.09383279944243066 0.09383279944243066 0.04170346641885807],[0.002652582384864922 0.003183098861837905 0.003183098861837905 0.003183098861837905 0.002652582384864922 0.003183098861837905 0.003183098861837905 0.003183098861837905 0.002652582384864922],[0 0 0 0 0 0 0 0 0],33333333.33333333,38105.1177665153,50,,1,[0.1042586660471452 0.01042586660471452],[0.004774648292756859 0.001591549430918954],[0 0]
line_3501_to_3508_1,0.0,596.6734648396433000,[0.002877740066369969 0.00647491514933243 0.00647491514933243 0.00647491514933243 0.002877740066369969 0.00647491514933243 0.00647491514933243 0.00647491514933243 0.002877740066369969],[0.002652582384864922 0.003183098861837906 0.003183098861837906 0.003183098861837906 0.002652582384864922 0.003183098861837906 0.003183098861837906 0.003183098861837906 0.002652582384864922],[0 0 0 0 0 0 0 0 0],33333333.33333333,38105.1177665153,50,,1,[0.007194350165924923 0.0007194350165924923],[0.00477464829275686 0.001591549430918953],[0 0]
line_3501_to_3509_2,0.0,621.1098392441221000,[0.002821429291294126 0.006348215905411785 0.006348215905411785 0.006348215905411785 0.002821429291294126 0.006348215905411785 0.006348215905411785 0.006348215905411785 0.002821429291294126],[0.002652582384864922 0.003183098861837906 0.003183098861837906 0.003183098861837906 0.002652582384864922 0.003183098861837906 0.003183098861837906 0.003183098861837906 0.002652582384864922],[0 0 0 0 0 0 0 0 0],33333333.33333333,38105.1177665153,50,,1,[0.007053573228235316 0.0007053573228235315],[0.00477464829275686 0.001591549430918953],[0 0]
line_3502_to_3627_1,0.0,43.53082208276329000,[0.9141420708223232 2.056819659350227 2.056819659350227 2.056819659350227 0.9141420708223232 2.056819659350227 2.056819659350227 2.056819659350227 0.9141420708223232],[0.002652582384864922 0.003183098861837907 0.003183098861837907 0.003183098861837907 0.002652582384864922 0.003183098861837907 0.003183098861837907 0.003183098861837907 0.002652582384864922],[7.224653821054626e-009 -4.334792292632776e-009 -4.334792292632776e-009 -4.334792292632776e-009 7.224653821054626e-009 -4.334792292632776e-009 -4.334792292632776e-009 -4.334792292632776e-009 7.224653821054626e-009],33333333.33333333,76210.2355330306,50,,1,[2.285355177055808 0.2285355177055809],[0.004774648292756861 0.001591549430918953],[4.334792292632776e-009 8.669584585265552e-009]
line_3520_to_3521_3,0.0,20.95773632185814000,[0.02141051733898863 0.04817366401272442 0.04817366401272442 0.04817366401272442 0.02141051733898863 0.04817366401272442 0.04817366401272442 0.04817366401272442 0.02141051733898863],[0.002652582384864922 0.003183098861837906 0.003183098861837906 0.003183098861837906 0.002652582384864922 0.003183098861837906 0.003183098861837906 0.003183098861837906 0.002652582384864922],[0 0 0 0 0 0 0 0 0],33333333.33333333,19052.55888325765,50,,1,[0.05352629334747157 0.005352629334747158],[0.00477464829275686 0.001591549430918954],[0 0]
line_3520_to_3521_4,0.0,22.71324076214156000,[0.01845559985529371 0.04152509967441085 0.04152509967441085 0.04152509967441085 0.01845559985529371 0.04152509967441085 0.04152509967441085 0.04152509967441085 0.01845559985529371],[0.002652582384864922 0.003183098861837906 0.003183098861837906 0.003183098861837906 0.002652582384864922 0.003183098861837906 0.003183098861837906 0.003183098861837906 0.002652582384864922],[0 0 0 0 0 0 0 0 0],33333333.33333333,19052.55888325765,50,,1,[0.04613899963823428 0.004613899963823428],[0.00477464829275686 0.001591549430918953],[0 0]
line_3521_to_3522_1,0.0,21.04048882312328000,[0.02119399510099448 0.04768648897723759 0.04768648897723759 0.04768648897723759 0.02119399510099448 0.04768648897723759 0.04768648897723759 0.04768648897723759 0.02119399510099448],[0.002652582384864922 0.003183098861837905 0.003183098861837905 0.003183098861837905 0.002652582384864922 0.003183098861837905 0.003183098861837905 0.003183098861837905 0.002652582384864922],[0 0 0 0 0 0 0 0 0],33333333.33333333,19052.55888325765,50,,1,[0.05298498775248621 0.005298498775248621],[0.004774648292756859 0.001591549430918954],[0 0]
line_3521_to_3522_2,0.0,21.16965491155443000,[0.01977211426578819 0.04448725709802342 0.04448725709802342 0.04448725709802342 0.01977211426578819 0.04448725709802342 0.04448725709802342 0.04448725709802342 0.01977211426578819],[0.002652582384864923 0.003183098861837907 0.003183098861837907 0.003183098861837907 0.002652582384864923 0.003183098861837907 0.003183098861837907 0.003183098861837907 0.002652582384864923],[0 0 0 0 0 0 0 0 0],33333333.33333333,19052.55888325765,50,,1,[0.04943028566447048 0.004943028566447048],[0.004774648292756861 0.001591549430918954],[0 0]
line_3523_to_3524_1,0.0,3506.794919110543000,[0.002013057998140863 0.004529380495816942 0.004529380495816942 0.004529380495816942 0.002013057998140863 0.004529380495816942 0.004529380495816942 0.004529380495816942 0.002013057998140863],[0.002652582384864922 0.003183098861837906 0.003183098861837906 0.003183098861837906 0.002652582384864922 0.003183098861837906 0.003183098861837906 0.003183098861837906 0.002652582384864922],[0 0 0 0 0 0 0 0 0],33333333.33333333,76210.2355330306,50,,1,[0.005032644995352158 0.0005032644995352157],[0.00477464829275686 0.001591549430918953],[0 0]
line_3543_to_3544_1,0.0,19347.59884251084000,[0.001636288180319069 0.003681648405717906 0.003681648405717906 0.003681648405717906 0.001636288180319069 0.003681648405717906 0.003681648405717906 0.003681648405717906 0.001636288180319069],[0.002069014260194639 0.002482817112233568 0.002482817112233568 0.002482817112233568 0.002069014260194639 0.002482817112233568 0.002482817112233568 0.002482817112233568 0.002069014260194639],[0 0 0 0 0 0 0 0 0],33333333.33333333,158771.3240271471,50,,1,[0.004090720450797673 0.0004090720450797674],[0.003724225668350351 0.001241408556116784],[0 0]
line_3547_to_3548_1,0.0,20011.7381112889000,[0.001529803842307592 0.003442058645192082 0.003442058645192082 0.003442058645192082 0.001529803842307592 0.003442058645192082 0.003442058645192082 0.003442058645192082 0.001529803842307592],[0.002069014260194639 0.002482817112233567 0.002482817112233567 0.002482817112233567 0.002069014260194639 0.002482817112233567 0.002482817112233567 0.002482817112233567 0.002069014260194639],[0 0 0 0 0 0 0 0 0],33333333.33333333,158771.3240271471,50,,1,[0.00382450960576898 0.000382450960576898],[0.003724225668350351 0.001241408556116784],[0 0]
line_3558_to_3559_1,0.0,15808.24144686069000,[0.001939766601436942 0.004364474853233121 0.004364474853233121 0.004364474853233121 0.001939766601436942 0.004364474853233121 0.004364474853233121 0.004364474853233121 0.001939766601436942],[0.002069014260194639 0.002482817112233568 0.002482817112233568 0.002482817112233568 0.002069014260194639 0.002482817112233568 0.002482817112233568 0.002482817112233568 0.002069014260194639],[0 0 0 0 0 0 0 0 0],33333333.33333333,158771.3240271471,50,,1,[0.004849416503592356 0.0004849416503592356],[0.003724225668350351 0.001241408556116784],[0 0]
line_3561_to_3562_1,0.0,40692.80234171461000,[0.0007635695657163432 0.001718031522861772 0.001718031522861772 0.001718031522861772 0.0007635695657163432 0.001718031522861772 0.001718031522861772 0.001718031522861772 0.0007635695657163432],[0.002069014260194639 0.002482817112233568 0.002482817112233568 0.002482817112233568 0.002069014260194639 0.002482817112233568 0.002482817112233568 0.002482817112233568 0.002069014260194639],[0 0 0 0 0 0 0 0 0],33333333.33333333,158771.3240271471,50,,1,[0.001908923914290858 0.0001908923914290858],[0.003724225668350351 0.001241408556116784],[0 0]
line_3589_to_3590_1,0.0,19782.00237083135000,[0.001470873915346332 0.003309466309529248 0.003309466309529248 0.003309466309529248 0.001470873915346332 0.003309466309529248 0.003309466309529248 0.003309466309529248 0.001470873915346332],[0.002069014260194639 0.002482817112233568 0.002482817112233568 0.002482817112233568 0.002069014260194639 0.002482817112233568 0.002482817112233568 0.002482817112233568 0.002069014260194639],[0 0 0 0 0 0 0 0 0],33333333.33333333,158771.3240271471,50,,1,[0.003677184788365831 0.0003677184788365831],[0.003724225668350351 0.001241408556116784],[0 0]
line_3591_to_3592_1,0.0,20259.23060963704000,[0.001529875390328828 0.003442219628239864 0.003442219628239864 0.003442219628239864 0.001529875390328828 0.003442219628239864 0.003442219628239864 0.003442219628239864 0.001529875390328828],[0.002069014260194639 0.002482817112233567 0.002482817112233567 0.002482817112233567 0.002069014260194639 0.002482817112233567 0.002482817112233567 0.002482817112233567 0.002069014260194639],[0 0 0 0 0 0 0 0 0],33333333.33333333,158771.3240271471,50,,1,[0.003824688475822071 0.0003824688475822071],[0.003724225668350351 0.001241408556116784],[0 0]
line_3593_to_3594_1,0.0,36176.20351115385000,[0.0008453781529696436 0.001902100844181698 0.001902100844181698 0.001902100844181698 0.0008453781529696436 0.001902100844181698 0.001902100844181698 0.001902100844181698 0.0008453781529696436],[0.002069014260194639 0.002482817112233567 0.002482817112233567 0.002482817112233567 0.002069014260194639 0.002482817112233567 0.002482817112233567 0.002482817112233567 0.002069014260194639],[0 0 0 0 0 0 0 0 0],33333333.33333333,158771.3240271471,50,,1,[0.002113445382424109 0.0002113445382424109],[0.003724225668350351 0.001241408556116784],[0 0]
line_4000_to_4370_1G,0.0,218.9061231008646000,[0 0 0 0 0 0 0 0 0],[0.002652582384864922 0.003183098861837906 0.003183098861837906 0.003183098861837906 0.002652582384864922 0.003183098861837906 0.003183098861837906 0.003183098861837906 0.002652582384864922],[0 0 0 0 0 0 0 0 0],33333333.33333333,19052.55888325765,50,,1,[0 0],[0.00477464829275686 0.001591549430918953],[0 0]
line_4001_to_4476_1G,0.0,23.570757471323000,[0 0 0 0 0 0 0 0 0],[0.002652582384864922 0.003183098861837908 0.003183098861837908 0.003183098861837908 0.002652582384864922 0.003183098861837908 0.003183098861837908 0.003183098861837908 0.002652582384864922],[0 0 0 0 0 0 0 0 0],33333333.33333333,6350.852961085884,50,,1,[0 0],[0.004774648292756861 0.001591549430918953],[0 0]
line_4094_to_4124_2,0.0,59436.6772276086000,[0.0005081789107571436 0.001143402549203573 0.001143402549203573 0.001143402549203573 0.0005081789107571436 0.001143402549203573 0.001143402549203573 0.001143402549203573 0.0005081789107571436],[0.002069014260194639 0.002482817112233567 0.002482817112233567 0.002482817112233567 0.002069014260194639 0.002482817112233567 0.002482817112233567 0.002482817112233567 0.002069014260194639],[0 0 0 0 0 0 0 0 0],33333333.33333333,158771.3240271471,50,,1,[0.001270447276892859 0.0001270447276892859],[0.003724225668350351 0.001241408556116784],[0 0]
line_4095_to_4124_1,0.0,61744.67841153727000,[0.0004783572968999919 0.001076303918024982 0.001076303918024982 0.001076303918024982 0.0004783572968999919 0.001076303918024982 0.001076303918024982 0.001076303918024982 0.0004783572968999919],[0.002069014260194639 0.002482817112233567 0.002482817112233567 0.002482817112233567 0.002069014260194639 0.002482817112233567 0.002482817112233567 0.002482817112233567 0.002069014260194639],[0 0 0 0 0 0 0 0 0],33333333.33333333,158771.3240271471,50,,1,[0.00119589324224998 0.000119589324224998],[0.003724225668350351 0.001241408556116784],[0 0]
line_4096_to_4102_2,0.0,0.2191355875588962000,[2.037689842892594 4.584802146508337 4.584802146508337 4.584802146508337 2.037689842892594 4.584802146508337 4.584802146508337 4.584802146508337 2.037689842892594],[0.002652582384864922 0.003183098861837907 0.003183098861837907 0.003183098861837907 0.002652582384864922 0.003183098861837907 0.003183098861837907 0.003183098861837907 0.002652582384864922],[1.125945200517259e-005 -6.755671203103555e-006 -6.755671203103555e-006 -6.755671203103555e-006 1.125945200517259e-005 -6.755671203103555e-006 -6.755671203103555e-006 -6.755671203103555e-006 1.125945200517259e-005],33333333.33333333,19052.55888325765,50,,1,[5.094224607231485 0.5094224607231485],[0.004774648292756861 0.001591549430918953],[6.755671203103555e-006 1.351134240620711e-005]
line_4100_to_4151_1,0.0,59941.64615241629000,[0.0004875450088911425 0.001096976270005071 0.001096976270005071 0.001096976270005071 0.0004875450088911425 0.001096976270005071 0.001096976270005071 0.001096976270005071 0.0004875450088911425],[0.002069014260194639 0.002482817112233568 0.002482817112233568 0.002482817112233568 0.002069014260194639 0.002482817112233568 0.002482817112233568 0.002482817112233568 0.002069014260194639],[0 0 0 0 0 0 0 0 0],33333333.33333333,158771.3240271471,50,,1,[0.001218862522227856 0.0001218862522227856],[0.003724225668350351 0.001241408556116784],[0 0]
line_4101_to_4151_2,0.0,58373.53897710765000,[0.0005234427000281509 0.00117774607506334 0.00117774607506334 0.00117774607506334 0.0005234427000281509 0.00117774607506334 0.00117774607506334 0.00117774607506334 0.0005234427000281509],[0.002069014260194639 0.002482817112233568 0.002482817112233568 0.002482817112233568 0.002069014260194639 0.002482817112233568 0.002482817112233568 0.002482817112233568 0.002069014260194639],[0 0 0 0 0 0 0 0 0],33333333.33333333,158771.3240271471,50,,1,[0.001308606750070377 0.0001308606750070377],[0.003724225668350351 0.001241408556116784],[0 0]
line_4102_to_4396_4,0.0,0.2258554594090117000,[1.944421345584587 4.374948027565321 4.374948027565321 4.374948027565321 1.944421345584587 4.374948027565321 4.374948027565321 4.374948027565321 1.944421345584587],[0.002652582384864922 0.003183098861837905 0.003183098861837905 0.003183098861837905 0.002652582384864922 0.003183098861837905 0.003183098861837905 0.003183098861837905 0.002652582384864922],[1.056472987467474e-005 -6.338837924804845e-006 -6.338837924804845e-006 -6.338837924804845e-006 1.056472987467474e-005 -6.338837924804845e-006 -6.338837924804845e-006 -6.338837924804845e-006 1.056472987467474e-005],33333333.33333333,19052.55888325765,50,,1,[4.861053363961468 0.4861053363961468],[0.004774648292756859 0.001591549430918953],[6.338837924804845e-006 1.267767584960969e-005]
line_4102_to_4397_3,0.0,0.2200581303325854000,[1.888638983895359 4.249437713764558 4.249437713764558 4.249437713764558 1.888638983895359 4.249437713764558 4.249437713764558 4.249437713764558 1.888638983895359],[0.002652582384864922 0.003183098861837907 0.003183098861837907 0.003183098861837907 0.002652582384864922 0.003183098861837907 0.003183098861837907 0.003183098861837907 0.002652582384864922],[1.124093562831877e-005 -6.74456137699126e-006 -6.74456137699126e-006 -6.74456137699126e-006 1.124093562831877e-005 -6.74456137699126e-006 -6.74456137699126e-006 -6.74456137699126e-006 1.124093562831877e-005],33333333.33333333,19052.55888325765,50,,1,[4.721597459738398 0.4721597459738398],[0.004774648292756861 0.001591549430918953],[6.74456137699126e-006 1.348912275398252e-005]
line_4103_to_4395_1,0.0,0.2153685621950682000,[2.066988520803594 4.650724171808086 4.650724171808086 4.650724171808086 2.066988520803594 4.650724171808086 4.650724171808086 4.650724171808086 2.066988520803594],[0.002652582384864922 0.003183098861837906 0.003183098861837906 0.003183098861837906 0.002652582384864922 0.003183098861837906 0.003183098861837906 0.003183098861837906 0.002652582384864922],[1.110418809028137e-005 -6.662512854168823e-006 -6.662512854168823e-006 -6.662512854168823e-006 1.110418809028137e-005 -6.662512854168823e-006 -6.662512854168823e-006 -6.662512854168823e-006 1.110418809028137e-005],33333333.33333333,19052.55888325765,50,,1,[5.167471302008985 0.5167471302008985],[0.00477464829275686 0.001591549430918953],[6.662512854168823e-006 1.332502570833765e-005]
line_4106_to_4118_1,0.0,701.4008184768049000,[0.04473296851486819 0.1006491791584534 0.1006491791584534 0.1006491791584534 0.04473296851486819 0.1006491791584534 0.1006491791584534 0.1006491791584534 0.04473296851486819],[0.002069014260194639 0.002482817112233567 0.002482817112233567 0.002482817112233567 0.002069014260194639 0.002482817112233567 0.002482817112233567 0.002482817112233567 0.002069014260194639],[0 0 0 0 0 0 0 0 0],33333333.33333333,158771.3240271471,50,,1,[0.1118324212871705 0.01118324212871705],[0.003724225668350351 0.001241408556116784],[0 0]
line_4112_to_4129_1,0.0,202.0923644918438000,[0.1519913212992129 0.3419804729232291 0.3419804729232291 0.3419804729232291 0.1519913212992129 0.3419804729232291 0.3419804729232291 0.3419804729232291 0.1519913212992129],[0.002069014260194639 0.002482817112233567 0.002482817112233567 0.002482817112233567 0.002069014260194639 0.002482817112233567 0.002482817112233567 0.002482817112233567 0.002069014260194639],[0 0 0 0 0 0 0 0 0],33333333.33333333,158771.3240271471,50,,1,[0.3799783032480323 0.03799783032480324],[0.003724225668350351 0.001241408556116784],[0 0]
line_4112_to_4129_2,0.0,193.3272898832236000,[0.1625643486306032 0.3657697844188571 0.3657697844188571 0.3657697844188571 0.1625643486306032 0.3657697844188571 0.3657697844188571 0.3657697844188571 0.1625643486306032],[0.002069014260194639 0.002482817112233567 0.002482817112233567 0.002482817112233567 0.002069014260194639 0.002482817112233567 0.002482817112233567 0.002482817112233567 0.002069014260194639],[0 0 0 0 0 0 0 0 0],33333333.33333333,158771.3240271471,50,,1,[0.4064108715765079 0.04064108715765079],[0.003724225668350351 0.001241408556116784],[0 0]
line_4118_to_4119_1,0.0,699.9520629434693000,[0.04408508702921993 0.09919144581574486 0.09919144581574486 0.09919144581574486 0.04408508702921993 0.09919144581574486 0.09919144581574486 0.09919144581574486 0.04408508702921993],[0.002069014260194639 0.002482817112233568 0.002482817112233568 0.002482817112233568 0.002069014260194639 0.002482817112233568 0.002482817112233568 0.002482817112233568 0.002069014260194639],[0 0 0 0 0 0 0 0 0],33333333.33333333,158771.3240271471,50,,1,[0.1102127175730498 0.01102127175730498],[0.003724225668350351 0.001241408556116784],[0 0]
line_4118_to_4120_2,0.0,650.0814646318667000,[0.04826747553387823 0.108601819951226 0.108601819951226 0.108601819951226 0.04826747553387823 0.108601819951226 0.108601819951226 0.108601819951226 0.04826747553387823],[0.002069014260194639 0.002482817112233567 0.002482817112233567 0.002482817112233567 0.002069014260194639 0.002482817112233567 0.002482817112233567 0.002482817112233567 0.002069014260194639],[0 0 0 0 0 0 0 0 0],33333333.33333333,158771.3240271471,50,,1,[0.1206686888346956 0.01206686888346956],[0.003724225668350351 0.001241408556116784],[0 0]
line_4118_to_4121_3,0.0,674.7381631596145000,[0.04459637062810272 0.1003418339132311 0.1003418339132311 0.1003418339132311 0.04459637062810272 0.1003418339132311 0.1003418339132311 0.1003418339132311 0.04459637062810272],[0.002069014260194639 0.002482817112233567 0.002482817112233567 0.002482817112233567 0.002069014260194639 0.002482817112233567 0.002482817112233567 0.002482817112233567 0.002069014260194639],[0 0 0 0 0 0 0 0 0],33333333.33333333,158771.3240271471,50,,1,[0.1114909265702568 0.01114909265702568],[0.003724225668350351 0.001241408556116784],[0 0]
line_4118_to_4122_4,0.0,677.7615391672438000,[0.04686343300648183 0.1054427242645841 0.1054427242645841 0.1054427242645841 0.04686343300648183 0.1054427242645841 0.1054427242645841 0.1054427242645841 0.04686343300648183],[0.002069014260194639 0.002482817112233568 0.002482817112233568 0.002482817112233568 0.002069014260194639 0.002482817112233568 0.002482817112233568 0.002482817112233568 0.002069014260194639],[0 0 0 0 0 0 0 0 0],33333333.33333333,158771.3240271471,50,,1,[0.1171585825162046 0.01171585825162046],[0.003724225668350351 0.001241408556116784],[0 0]
line_4123_to_4239_1,0.0,5365.437605436944000,[0.6325459105960982 1.423228298841221 1.423228298841221 1.423228298841221 0.6325459105960982 1.423228298841221 1.423228298841221 1.423228298841221 0.6325459105960982],[0.002652582384864922 0.003183098861837907 0.003183098861837907 0.003183098861837907 0.002652582384864922 0.003183098861837907 0.003183098861837907 0.003183098861837907 0.002652582384864922],[0 0 0 0 0 0 0 0 0],33333333.33333333,38105.1177665153,50,,1,[1.581364776490246 0.1581364776490246],[0.004774648292756861 0.001591549430918953],[0 0]
line_4164_to_4191_1,0.0,122.2768103277661000,[0.05560818358144848 0.1251184130582591 0.1251184130582591 0.1251184130582591 0.05560818358144848 0.1251184130582591 0.1251184130582591 0.1251184130582591 0.05560818358144848],[0.002652582384864922 0.003183098861837907 0.003183098861837907 0.003183098861837907 0.002652582384864922 0.003183098861837907 0.003183098861837907 0.003183098861837907 0.002652582384864922],[0 0 0 0 0 0 0 0 0],33333333.33333333,76210.2355330306,50,,1,[0.1390204589536212 0.01390204589536212],[0.004774648292756861 0.001591549430918953],[0 0]
line_4252_to_4327_1,0.0,351.6132416446865000,[0.2880689308809179 0.6481550944820653 0.6481550944820653 0.6481550944820653 0.2880689308809179 0.6481550944820653 0.6481550944820653 0.6481550944820653 0.2880689308809179],[0.002652582384864922 0.003183098861837906 0.003183098861837906 0.003183098861837906 0.002652582384864922 0.003183098861837906 0.003183098861837906 0.003183098861837906 0.002652582384864922],[0 0 0 0 0 0 0 0 0],33333333.33333333,38105.1177665153,50,,1,[0.7201723272022947 0.07201723272022947],[0.004774648292756859 0.001591549430918953],[0 0]
line_4255_to_4256_1,0.0,628.1307877982433000,[0.9177217189573926 2.064873867654133 2.064873867654133 2.064873867654133 0.9177217189573926 2.064873867654133 2.064873867654133 2.064873867654133 0.9177217189573926],[0.002652582384864922 0.003183098861837906 0.003183098861837906 0.003183098861837906 0.002652582384864922 0.003183098861837906 0.003183098861837906 0.003183098861837906 0.002652582384864922],[0 0 0 0 0 0 0 0 0],33333333.33333333,38105.1177665153,50,,1,[2.294304297393482 0.2294304297393482],[0.00477464829275686 0.001591549430918953],[0 0]
line_4350_to_4351_2,0.0,7.957439640300351000,[0.05323377495815539 0.1197759936558496 0.1197759936558496 0.1197759936558496 0.05323377495815539 0.1197759936558496 0.1197759936558496 0.1197759936558496 0.05323377495815539],[0.002652582384864922 0.003183098861837906 0.003183098861837906 0.003183098861837906 0.002652582384864922 0.003183098861837906 0.003183098861837906 0.003183098861837906 0.002652582384864922],[0 0 0 0 0 0 0 0 0],33333333.33333333,19052.55888325765,50,,1,[0.1330844373953885 0.01330844373953884],[0.00477464829275686 0.001591549430918953],[0 0]
line_4350_to_4352_3,0.0,7.549108094241377000,[0.05682770960352562 0.1278623466079327 0.1278623466079327 0.1278623466079327 0.05682770960352562 0.1278623466079327 0.1278623466079327 0.1278623466079327 0.05682770960352562],[0.002652582384864922 0.003183098861837907 0.003183098861837907 0.003183098861837907 0.002652582384864922 0.003183098861837907 0.003183098861837907 0.003183098861837907 0.002652582384864922],[0 0 0 0 0 0 0 0 0],33333333.33333333,19052.55888325765,50,,1,[0.1420692740088141 0.01420692740088141],[0.004774648292756861 0.001591549430918953],[0 0]
line_4350_to_4353_1,0.0,7.387868597027708000,[0.05670329225982263 0.1275824075846009 0.1275824075846009 0.1275824075846009 0.05670329225982263 0.1275824075846009 0.1275824075846009 0.1275824075846009 0.05670329225982263],[0.002652582384864922 0.003183098861837905 0.003183098861837905 0.003183098861837905 0.002652582384864922 0.003183098861837905 0.003183098861837905 0.003183098861837905 0.002652582384864922],[0 0 0 0 0 0 0 0 0],33333333.33333333,19052.55888325765,50,,1,[0.1417582306495566 0.01417582306495566],[0.004774648292756859 0.001591549430918954],[0 0]
line_4350_to_4354_4,0.0,7.713829845192097000,[0.05518807032768613 0.1241731582372938 0.1241731582372938 0.1241731582372938 0.05518807032768613 0.1241731582372938 0.1241731582372938 0.1241731582372938 0.05518807032768613],[0.002652582384864922 0.003183098861837907 0.003183098861837907 0.003183098861837907 0.002652582384864922 0.003183098861837907 0.003183098861837907 0.003183098861837907 0.002652582384864922],[0 0 0 0 0 0 0 0 0],33333333.33333333,19052.55888325765,50,,1,[0.1379701758192153 0.01379701758192154],[0.004774648292756861 0.001591549430918953],[0 0]
line_4350_to_4355_5,0.0,7.917267297234475000,[0.05523083978092481 0.1242693895070809 0.1242693895070809 0.1242693895070809 0.05523083978092481 0.1242693895070809 0.1242693895070809 0.1242693895070809 0.05523083978092481],[0.002652582384864923 0.003183098861837908 0.003183098861837908 0.003183098861837908 0.002652582384864923 0.003183098861837908 0.003183098861837908 0.003183098861837908 0.002652582384864923],[0 0 0 0 0 0 0 0 0],33333333.33333333,19052.55888325765,50,,1,[0.1380770994523121 0.01380770994523121],[0.004774648292756862 0.001591549430918953],[0 0]
line_4357_to_4360_2,0.0,7.913537000370298000,[0.05256752555252282 0.1182769324931764 0.1182769324931764 0.1182769324931764 0.05256752555252282 0.1182769324931764 0.1182769324931764 0.1182769324931764 0.05256752555252282],[0.002652582384864922 0.003183098861837905 0.003183098861837905 0.003183098861837905 0.002652582384864922 0.003183098861837905 0.003183098861837905 0.003183098861837905 0.002652582384864922],[0 0 0 0 0 0 0 0 0],33333333.33333333,19052.55888325765,50,,1,[0.1314188138813071 0.01314188138813071],[0.004774648292756859 0.001591549430918953],[0 0]
line_4358_to_4359_1,0.0,7.583065205621772000,[0.05536313206235369 0.1245670471402958 0.1245670471402958 0.1245670471402958 0.05536313206235369 0.1245670471402958 0.1245670471402958 0.1245670471402958 0.05536313206235369],[0.002652582384864922 0.003183098861837906 0.003183098861837906 0.003183098861837906 0.002652582384864922 0.003183098861837906 0.003183098861837906 0.003183098861837906 0.002652582384864922],[0 0 0 0 0 0 0 0 0],33333333.33333333,19052.55888325765,50,,1,[0.1384078301558842 0.01384078301558842],[0.00477464829275686 0.001591549430918953],[0 0]
line_4362_to_4363_1,0.0,5161.718448536849000,[0.2639615497005245 0.5939134868261802 0.5939134868261802 0.5939134868261802 0.2639615497005245 0.5939134868261802 0.5939134868261802 0.5939134868261802 0.2639615497005245],[0.002652582384864922 0.003183098861837905 0.003183098861837905 0.003183098861837905 0.002652582384864922 0.003183098861837905 0.003183098861837905 0.003183098861837905 0.002652582384864922],[0 0 0 0 0 0 0 0 0],33333333.33333333,19052.55888325765,50,,1,[0.6599038742513113 0.06599038742513112],[0.004774648292756859 0.001591549430918954],[0 0]
line_4364_to_4365_1,0.0,4079.594963637882000,[0.7122608257268498 1.602586857885412 1.602586857885412 1.602586857885412 0.7122608257268498 1.602586857885412 1.602586857885412 1.602586857885412 0.7122608257268498],[0.002652582384864922 0.003183098861837905 0.003183098861837905 0.003183098861837905 0.002652582384864922 0.003183098861837905 0.003183098861837905 0.003183098861837905 0.002652582384864922],[0 0 0 0 0 0 0 0 0],33333333.33333333,19052.55888325765,50,,1,[1.780652064317125 0.1780652064317124],[0.004774648292756859 0.001591549430918953],[0 0]
line_5000_to_5048_1G,0.0,213.020523419017000,[0 0 0 0 0 0 0 0 0],[0.002652582384864922 0.003183098861837905 0.003183098861837905 0.003183098861837905 0.002652582384864922 0.003183098861837905 0.003183098861837905 0.003183098861837905 0.002652582384864922],[0 0 0 0 0 0 0 0 0],33333333.33333333,19052.55888325765,50,,1,[0 0],[0.004774648292756859 0.001591549430918953],[0 0]
line_5079_to_5223_2,0.0,251.4149077804003000,[1.035983449869433 2.330962762206224 2.330962762206224 2.330962762206224 1.035983449869433 2.330962762206224 2.330962762206224 2.330962762206224 1.035983449869433],[0.002652582384864923 0.003183098861837908 0.003183098861837908 0.003183098861837908 0.002652582384864923 0.003183098861837908 0.003183098861837908 0.003183098861837908 0.002652582384864923],[7.735818049513088e-009 -4.641490829707853e-009 -4.641490829707853e-009 -4.641490829707853e-009 7.735818049513088e-009 -4.641490829707853e-009 -4.641490829707853e-009 -4.641490829707853e-009 7.735818049513088e-009],33333333.33333333,63508.52961085884,50,,1,[2.589958624673582 0.2589958624673582],[0.004774648292756862 0.001591549430918953],[4.641490829707853e-009 9.282981659415705e-009]
