"Component ","Description ","Primary winding connection","Primary resistance [3]","Primary leakage inductance [3]","Primary winding voltage [3]","Secondary winding connection","Secondary resistance [3]","Secondary leakage inductance [3]","Secondary winding voltage [3]","Magnetization resistance [3]","Magnetization inductance [3]","Tertiary winding connection","Primary neutral resistance [4]","Primary neutral inductance [4]","Primary neutral capacitance [4]","Secondary neutral resistance [4]","Secondary neutral inductance [4]","Secondary neutral capacitance [4]","Tertiary neutral resistance [4]","Tertiary neutral inductance [4]","Tertiary neutral capacitance [4]","Base primary winding voltage","Base secondary winding voltage","Base tertiary winding voltage","Base power ","Base frequency ","Tertiary resistance [3]","Tertiary leakage inductance [3]","Tertiary winding voltage [3]"
"Transformers","Description","ConnexPrim","R1","L1","VnomPrim","ConnexSec","R2","L2","VnomSec","Rmag","Lmag","ConnexTer","Zn1R","Zn1L","Zn1C","Zn2R","Zn2L","Zn2C","Zn3R","Zn3L","Zn3C","vBasePrim","vBaseSec","vBaseTer","pBase","fBase","R3","L3","VnomTer"
,,,(?),(H),(V),,(?),(H),(V),(?),(H),,(?),(H),(F),(?),(H),(F),(?),(H),(F),(V),(V),(V),(VA),(Hz),(?),(H),(V)
xf_1090_1091_1523_9,0.0,Yg,[0.03914904900748493 0.03914904900748493 0.03914904900748493],[0.06967303396178069 0.06967303396178069 0.06967303396178069],[303108.8913245535000 303108.8913245535000 303108.8913245535000],Yg,[0.09214016663351494 0.09214016663351494 0.09214016663351494],[0.008598538197104469 0.008598538197104469 0.008598538197104469],[199185.8428704209000 199185.8428704209000 199185.8428704209000],[2500000000 2500000000 2500000000],[7957747.154594767 7957747.154594767 7957747.154594767],Yg,[0 0 0 0],[0 0 0 0],[0 0 0 0],[0 0 0 0],[0 0 0 0],[0 0 0 0],[0 0 0 0],[0 0 0 0],[0 0 0 0],288675.1345948129,190525.5888325765,19052.55888325765,33333333.33333333,50,[0.009469788598226997 0.009469788598226997 0.009469788598226997],[0.001555175964949527 0.001555175964949527 0.001555175964949527],[19918.58428704209000 19918.58428704209000 19918.58428704209000]
xf_1092_1093_1525_1,0.0,Yg,[0.07471044159822009 0.07471044159822009 0.07471044159822009],[0.08644309703869379 0.08644309703869379 0.08644309703869379],[303108.8913245535000 303108.8913245535000 303108.8913245535000],Yg,[0.07728808488209733 0.07728808488209733 0.07728808488209733],[0.002943442518985883 0.002943442518985883 0.002943442518985883],[199185.8428704209000 199185.8428704209000 199185.8428704209000],[2500000000 2500000000 2500000000],[7957747.154594767 7957747.154594767 7957747.154594767],Yg,[0 0 0 0],[0 0 0 0],[0 0 0 0],[0 0 0 0],[0 0 0 0],[0 0 0 0],[0 0 0 0],[0 0 0 0],[0 0 0 0],288675.1345948129,190525.5888325765,19052.55888325765,33333333.33333333,50,[0.009782326217825802 0.009782326217825802 0.009782326217825802],[0.001601401182451173 0.001601401182451173 0.001601401182451173],[19918.58428704209000 19918.58428704209000 19918.58428704209000]
xf_1092_1093_1526_2,0.0,Yg,[0.107945687142595 0.107945687142595 0.107945687142595],[0.06134130826779052 0.06134130826779052 0.06134130826779052],[303108.8913245535000 303108.8913245535000 303108.8913245535000],Yg,[0.06324943181311951 0.06324943181311951 0.06324943181311951],[0.01259762038540035 0.01259762038540035 0.01259762038540035],[199185.8428704209000 199185.8428704209000 199185.8428704209000],[2500000000 2500000000 2500000000],[7957747.154594767 7957747.154594767 7957747.154594767],Yg,[0 0 0 0],[0 0 0 0],[0 0 0 0],[0 0 0 0],[0 0 0 0],[0 0 0 0],[0 0 0 0],[0 0 0 0],[0 0 0 0],288675.1345948129,190525.5888325765,19052.55888325765,33333333.33333333,50,[0.00971680282076884 0.00971680282076884 0.00971680282076884],[0.001388105273338618 0.001388105273338618 0.001388105273338618],[19918.58428704209000 19918.58428704209000 19918.58428704209000]
xf_1097_1098_1161_2,0.0,Yg,[0.018007886659471 0.018007886659471 0.018007886659471],[0.0756636015619071 0.0756636015619071 0.0756636015619071],[303108.8913245535000 303108.8913245535000 303108.8913245535000],Yg,[0.08209021792217025 0.08209021792217025 0.08209021792217025],[0.005889129162668753 0.005889129162668753 0.005889129162668753],[199185.8428704209000 199185.8428704209000 199185.8428704209000],[2500000000 2500000000 2500000000],[7957747.154594767 7957747.154594767 7957747.154594767],Yg,[0 0 0 0],[0 0 0 0],[0 0 0 0],[0 0 0 0],[0 0 0 0],[0 0 0 0],[0 0 0 0],[0 0 0 0],[0 0 0 0],288675.1345948129,190525.5888325765,19052.55888325765,33333333.33333333,50,[0.00815227486590446 0.00815227486590446 0.00815227486590446],[0.001725268424699512 0.001725268424699512 0.001725268424699512],[19918.58428704209000 19918.58428704209000 19918.58428704209000]
xf_1097_1098_1162_1,0.0,Yg,[0.06006935851066315 0.06006935851066315 0.06006935851066315],[0.06584753149839134 0.06584753149839134 0.06584753149839134],[303108.8913245535000 303108.8913245535000 303108.8913245535000],Yg,[0.06198824186493723 0.06198824186493723 0.06198824186493723],[0.0106695487535193 0.0106695487535193 0.0106695487535193],[199185.8428704209000 199185.8428704209000 199185.8428704209000],[2500000000 2500000000 2500000000],[7957747.154594767 7957747.154594767 7957747.154594767],Yg,[0 0 0 0],[0 0 0 0],[0 0 0 0],[0 0 0 0],[0 0 0 0],[0 0 0 0],[0 0 0 0],[0 0 0 0],[0 0 0 0],288675.1345948129,190525.5888325765,19052.55888325765,33333333.33333333,50,[0.008632101851051515 0.008632101851051515 0.008632101851051515],[0.001676447802518647 0.001676447802518647 0.001676447802518647],[19918.58428704209000 19918.58428704209000 19918.58428704209000]
xf_1099_1100_1532_10,0.0,Yg,[0.1464659164083415 0.1464659164083415 0.1464659164083415],[0.07935137242999619 0.07935137242999619 0.07935137242999619],[303108.8913245535000 303108.8913245535000 303108.8913245535000],Yg,[0.02497974578173191 0.02497974578173191 0.02497974578173191],[0.005203138882116433 0.005203138882116433 0.005203138882116433],[199185.8428704209000 199185.8428704209000 199185.8428704209000],[2500000000 2500000000 2500000000],[7957747.154594767 7957747.154594767 7957747.154594767],Yg,[0 0 0 0],[0 0 0 0],[0 0 0 0],[0 0 0 0],[0 0 0 0],[0 0 0 0],[0 0 0 0],[0 0 0 0],[0 0 0 0],288675.1345948129,190525.5888325765,19052.55888325765,33333333.33333333,50,[0.00815462893956132 0.00815462893956132 0.00815462893956132],[0.001721722978911875 0.001721722978911875 0.001721722978911875],[19918.58428704209000 19918.58428704209000 19918.58428704209000]
xf_1099_1100_1533_9,0.0,Yg,[0.1034128287283245 0.1034128287283245 0.1034128287283245],[0.06259485831829793 0.06259485831829793 0.06259485831829793],[303108.8913245535000 303108.8913245535000 303108.8913245535000],Yg,[0.04247146113555345 0.04247146113555345 0.04247146113555345],[0.009769762759070783 0.009769762759070783 0.009769762759070783],[199185.8428704209000 199185.8428704209000 199185.8428704209000],[2500000000 2500000000 2500000000],[7957747.154594767 7957747.154594767 7957747.154594767],Yg,[0 0 0 0],[0 0 0 0],[0 0 0 0],[0 0 0 0],[0 0 0 0],[0 0 0 0],[0 0 0 0],[0 0 0 0],[0 0 0 0],288675.1345948129,190525.5888325765,19052.55888325765,33333333.33333333,50,[0.008406709430711664 0.008406709430711664 0.008406709430711664],[0.001601046820165505 0.001601046820165505 0.001601046820165505],[19918.58428704209000 19918.58428704209000 19918.58428704209000]
xf_1106_1167_1536_3,0.0,Yg,[0.008737433530808981 0.008737433530808981 0.008737433530808981],[0 0 0],[190525.5888325765000 190525.5888325765000 190525.5888325765000],Yg,[1.69228920705636 1.69228920705636 1.69228920705636],[0.07616547781952344 0.07616547781952344 0.07616547781952344],[121936.376852849000 121936.376852849000 121936.376852849000],[1089000000 1089000000 1089000000],[3466394.660541481 3466394.660541481 3466394.660541481],Yg,[0 0 0 0],[0 0 0 0],[0 0 0 0],[0 0 0 0],[0 0 0 0],[0 0 0 0],[0 0 0 0],[0 0 0 0],[0 0 0 0],190525.5888325765,127017.0592217177,19052.55888325765,33333333.33333333,50,[0.198971557573407 0.198971557573407 0.198971557573407],[0.002268444720969084 0.002268444720969084 0.002268444720969084],[19052.55888325765000 19052.55888325765000 19052.55888325765000]
xf_1106_1167_1537_4,0.0,Yg,[1.085524467601856 1.085524467601856 1.085524467601856],[0 0 0],[190525.5888325765000 190525.5888325765000 190525.5888325765000],Yg,[1.327592085844267 1.327592085844267 1.327592085844267],[0.08074763984507624 0.08074763984507624 0.08074763984507624],[121936.376852849000 121936.376852849000 121936.376852849000],[1089000000 1089000000 1089000000],[3466394.660541481 3466394.660541481 3466394.660541481],Yg,[0 0 0 0],[0 0 0 0],[0 0 0 0],[0 0 0 0],[0 0 0 0],[0 0 0 0],[0 0 0 0],[0 0 0 0],[0 0 0 0],190525.5888325765,127017.0592217177,19052.55888325765,33333333.33333333,50,[0.2023307920391373 0.2023307920391373 0.2023307920391373],[0.002304233037927038 0.002304233037927038 0.002304233037927038],[19052.55888325765000 19052.55888325765000 19052.55888325765000]
xf_1118_1038_1039_1,0.0,Yg,[0.152287913253466 0.152287913253466 0.152287913253466],[0.02090364313685173 0.02090364313685173 0.02090364313685173],[199763.1931396106000 199763.1931396106000 199763.1931396106000],Yg,[0.001683875644464424 0.001683875644464424 0.001683875644464424],[0.0002823711784197169 0.0002823711784197169 0.0002823711784197169],[8891.194145520238000 8891.194145520238000 8891.194145520238000],[1089000000 1089000000 1089000000],[3466394.660541481 3466394.660541481 3466394.660541481],Yg,[0 0 0 0],[0 0 0 0],[0 0 0 0],[0 0 0 0],[0 0 0 0],[0 0 0 0],[0 0 0 0],[0 0 0 0],[0 0 0 0],190525.5888325765,8891.194145520238,8891.194145520238,33333333.33333333,50,[0.001926596887790135 0.001926596887790135 0.001926596887790135],[0.0002628994458947316 0.0002628994458947316 0.0002628994458947316],[8891.194145520238000 8891.194145520238000 8891.194145520238000]
xf_1118_1040_1041_2,0.0,Yg,[0.1009584743801681 0.1009584743801681 0.1009584743801681],[0.02607526242981188 0.02607526242981188 0.02607526242981188],[199763.1931396106000 199763.1931396106000 199763.1931396106000],Yg,[0.001807527850545699 0.001807527850545699 0.001807527850545699],[0.000261070384387183 0.000261070384387183 0.000261070384387183],[8891.194145520238000 8891.194145520238000 8891.194145520238000],[1089000000 1089000000 1089000000],[3466394.660541481 3466394.660541481 3466394.660541481],Yg,[0 0 0 0],[0 0 0 0],[0 0 0 0],[0 0 0 0],[0 0 0 0],[0 0 0 0],[0 0 0 0],[0 0 0 0],[0 0 0 0],190525.5888325765,8891.194145520238,8891.194145520238,33333333.33333333,50,[0.001953012776148553 0.001953012776148553 0.001953012776148553],[0.0002627208034800328 0.0002627208034800328 0.0002627208034800328],[8891.194145520238000 8891.194145520238000 8891.194145520238000]
xf_1118_1042_1043_3,0.0,Yg,[0.1222910858992294 0.1222910858992294 0.1222910858992294],[0.0250851439256447 0.0250851439256447 0.0250851439256447],[199763.1931396106000 199763.1931396106000 199763.1931396106000],Yg,[0.001898096817817619 0.001898096817817619 0.001898096817817619],[0.0002742263806200806 0.0002742263806200806 0.0002742263806200806],[8891.194145520238000 8891.194145520238000 8891.194145520238000],[1089000000 1089000000 1089000000],[3466394.660541481 3466394.660541481 3466394.660541481],Yg,[0 0 0 0],[0 0 0 0],[0 0 0 0],[0 0 0 0],[0 0 0 0],[0 0 0 0],[0 0 0 0],[0 0 0 0],[0 0 0 0],190525.5888325765,8891.194145520238,8891.194145520238,33333333.33333333,50,[0.001788904921210993 0.001788904921210993 0.001788904921210993],[0.0002713435319397908 0.0002713435319397908 0.0002713435319397908],[8891.194145520238000 8891.194145520238000 8891.194145520238000]
xf_1121_1123_1634_6,0.0,Yg,[0 0 0],[0.09112417936542054 0.09112417936542054 0.09112417936542054],[303108.8913245535000 303108.8913245535000 303108.8913245535000],Yg,[0 0 0],[0.0008378792668151024 0.0008378792668151024 0.0008378792668151024],[199185.8428704209000 199185.8428704209000 199185.8428704209000],[2500000000 2500000000 2500000000],[7957747.154594767 7957747.154594767 7957747.154594767],Yg,[0 0 0 0],[0 0 0 0],[0 0 0 0],[0 0 0 0],[0 0 0 0],[0 0 0 0],[0 0 0 0],[0 0 0 0],[0 0 0 0],288675.1345948129,190525.5888325765,19052.55888325765,33333333.33333333,50,[0 0 0],[0.0017938719135802 0.0017938719135802 0.0017938719135802],[19918.58428704209000 19918.58428704209000 19918.58428704209000]
xf_1121_1123_1635_7,0.0,Yg,[0 0 0],[0.07597538432881421 0.07597538432881421 0.07597538432881421],[303108.8913245535000 303108.8913245535000 303108.8913245535000],Yg,[0 0 0],[0.006764898160931026 0.006764898160931026 0.006764898160931026],[199185.8428704209000 199185.8428704209000 199185.8428704209000],[2500000000 2500000000 2500000000],[7957747.154594767 7957747.154594767 7957747.154594767],Yg,[0 0 0 0],[0 0 0 0],[0 0 0 0],[0 0 0 0],[0 0 0 0],[0 0 0 0],[0 0 0 0],[0 0 0 0],[0 0 0 0],288675.1345948129,190525.5888325765,19052.55888325765,33333333.33333333,50,[0 0 0],[0.001678691262254371 0.001678691262254371 0.001678691262254371],[19918.58428704209000 19918.58428704209000 19918.58428704209000]
xf_1148_1073_1074_1,0.0,Yg,[0.5784795700564613 0.5784795700564613 0.5784795700564613],[0.0286390384623936 0.0286390384623936 0.0286390384623936],[199763.1931396106000 199763.1931396106000 199763.1931396106000],Yg,[0.004402220789217244 0.004402220789217244 0.004402220789217244],[0.0004191449211431746 0.0004191449211431746 0.0004191449211431746],[7216.878364870323000 7216.878364870323000 7216.878364870323000],[1089000000 1089000000 1089000000],[3466394.660541481 3466394.660541481 3466394.660541481],Yg,[0 0 0 0],[0 0 0 0],[0 0 0 0],[0 0 0 0],[0 0 0 0],[0 0 0 0],[0 0 0 0],[0 0 0 0],[0 0 0 0],190525.5888325765,7216.878364870323,7216.878364870323,33333333.33333333,50,[0.004228455302233493 0.004228455302233493 0.004228455302233493],[0.0004046399177007302 0.0004046399177007302 0.0004046399177007302],[7216.878364870323000 7216.878364870323000 7216.878364870323000]
xf_1148_1075_1076_2,0.0,Yg,[0.6099249012353158 0.6099249012353158 0.6099249012353158],[0.0172786909216302 0.0172786909216302 0.0172786909216302],[199763.1931396106000 199763.1931396106000 199763.1931396106000],Yg,[0.004400659164255557 0.004400659164255557 0.004400659164255557],[0.0004514187885836673 0.0004514187885836673 0.0004514187885836673],[7216.878364870323000 7216.878364870323000 7216.878364870323000],[1089000000 1089000000 1089000000],[3466394.660541481 3466394.660541481 3466394.660541481],Yg,[0 0 0 0],[0 0 0 0],[0 0 0 0],[0 0 0 0],[0 0 0 0],[0 0 0 0],[0 0 0 0],[0 0 0 0],[0 0 0 0],190525.5888325765,7216.878364870323,7216.878364870323,33333333.33333333,50,[0.004339389541599306 0.004339389541599306 0.004339389541599306],[0.0004536479952071079 0.0004536479952071079 0.0004536479952071079],[7216.878364870323000 7216.878364870323000 7216.878364870323000]
xf_1148_1077_1078_3,0.0,Yg,[0.1534579216330219 0.1534579216330219 0.1534579216330219],[0.0444788294732089 0.0444788294732089 0.0444788294732089],[190525.5888325765000 190525.5888325765000 190525.5888325765000],Yg,[0.006488065581644338 0.006488065581644338 0.006488065581644338],[0.0006092906667208269 0.0006092906667208269 0.0006092906667208269],[7216.878364870323000 7216.878364870323000 7216.878364870323000],[1089000000 1089000000 1089000000],[3466394.660541481 3466394.660541481 3466394.660541481],Yg,[0 0 0 0],[0 0 0 0],[0 0 0 0],[0 0 0 0],[0 0 0 0],[0 0 0 0],[0 0 0 0],[0 0 0 0],[0 0 0 0],190525.5888325765,7216.878364870323,7216.878364870323,33333333.33333333,50,[0.006938983542803182 0.006938983542803182 0.006938983542803182],[0.0005917696694891779 0.0005917696694891779 0.0005917696694891779],[7216.878364870323000 7216.878364870323000 7216.878364870323000]
xf_1148_1079_1080_4,0.0,Yg,[0.02452989076724784 0.02452989076724784 0.02452989076724784],[0.03829612157292498 0.03829612157292498 0.03829612157292498],[190525.5888325765000 190525.5888325765000 190525.5888325765000],Yg,[0.00678518758906976 0.00678518758906976 0.00678518758906976],[0.0006087868403998905 0.0006087868403998905 0.0006087868403998905],[7216.878364870323000 7216.878364870323000 7216.878364870323000],[1089000000 1089000000 1089000000],[3466394.660541481 3466394.660541481 3466394.660541481],Yg,[0 0 0 0],[0 0 0 0],[0 0 0 0],[0 0 0 0],[0 0 0 0],[0 0 0 0],[0 0 0 0],[0 0 0 0],[0 0 0 0],190525.5888325765,7216.878364870323,7216.878364870323,33333333.33333333,50,[0.007162794203988964 0.007162794203988964 0.007162794203988964],[0.0006252789644869908 0.0006252789644869908 0.0006252789644869908],[7216.878364870323000 7216.878364870323000 7216.878364870323000]
xf_1273_1572_1573_1,0.0,Yg,[1.002430657529058 1.002430657529058 1.002430657529058],[0.01151421188549988 0.01151421188549988 0.01151421188549988],[76210.2355330306000 76210.2355330306000 76210.2355330306000],Yg,[0.2465993121684865 0.2465993121684865 0.2465993121684865],[0.02598059414754631 0.02598059414754631 0.02598059414754631],[38105.1177665153000 38105.1177665153000 38105.1177665153000],[174240000 174240000 174240000],[554623.1456866369 554623.1456866369 554623.1456866369],Yg,[0 0 0 0],[0 0 0 0],[0 0 0 0],[0 0 0 0],[0 0 0 0],[0 0 0 0],[0 0 0 0],[0 0 0 0],[0 0 0 0],76210.2355330306,38105.1177665153,6350.852961085884,33333333.33333333,50,[0.0139843146220671 0.0139843146220671 0.0139843146220671],[0.001417700675513761 0.001417700675513761 0.001417700675513761],[6350.852961085884000 6350.852961085884000 6350.852961085884000]
xf_1273_1572_1573_2,0.0,Yg,[0.9703684038478628 0.9703684038478628 0.9703684038478628],[0.02026801951267792 0.02026801951267792 0.02026801951267792],[76210.2355330306000 76210.2355330306000 76210.2355330306000],Yg,[0.2174937561298358 0.2174937561298358 0.2174937561298358],[0.02169385604974049 0.02169385604974049 0.02169385604974049],[38105.1177665153000 38105.1177665153000 38105.1177665153000],[174240000 174240000 174240000],[554623.1456866369 554623.1456866369 554623.1456866369],Yg,[0 0 0 0],[0 0 0 0],[0 0 0 0],[0 0 0 0],[0 0 0 0],[0 0 0 0],[0 0 0 0],[0 0 0 0],[0 0 0 0],76210.2355330306,38105.1177665153,6350.852961085884,33333333.33333333,50,[0.01490988034232509 0.01490988034232509 0.01490988034232509],[0.001358315638829187 0.001358315638829187 0.001358315638829187],[6350.852961085884000 6350.852961085884000 6350.852961085884000]
xf_1296_1504_1505_2,0.0,Yg,[0.1896084157682717 0.1896084157682717 0.1896084157682717],[0.09834662419305018 0.09834662419305018 0.09834662419305018],[76210.2355330306000 76210.2355330306000 76210.2355330306000],Yg,[0.1525410985079665 0.1525410985079665 0.1525410985079665],[0.002523298882503468 0.002523298882503468 0.002523298882503468],[38105.1177665153000 38105.1177665153000 38105.1177665153000],[174240000 174240000 174240000],[554623.1456866369 554623.1456866369 554623.1456866369],Yg,[0 0 0 0],[0 0 0 0],[0 0 0 0],[0 0 0 0],[0 0 0 0],[0 0 0 0],[0 0 0 0],[0 0 0 0],[0 0 0 0],76210.2355330306,38105.1177665153,6350.852961085884,33333333.33333333,50,[0.0187173979363535 0.0187173979363535 0.0187173979363535],[0.0009466901994710429 0.0009466901994710429 0.0009466901994710429],[6350.852961085884000 6350.852961085884000 6350.852961085884000]
xf_1296_1504_1506_1,0.0,Yg,[0.2846425622900607 0.2846425622900607 0.2846425622900607],[0.08945315208771776 0.08945315208771776 0.08945315208771776],[76210.2355330306000 76210.2355330306000 76210.2355330306000],Yg,[0.1347147737792106 0.1347147737792106 0.1347147737792106],[0.004534440954692704 0.004534440954692704 0.004534440954692704],[38105.1177665153000 38105.1177665153000 38105.1177665153000],[174240000 174240000 174240000],[554623.1456866369 554623.1456866369 554623.1456866369],Yg,[0 0 0 0],[0 0 0 0],[0 0 0 0],[0 0 0 0],[0 0 0 0],[0 0 0 0],[0 0 0 0],[0 0 0 0],[0 0 0 0],76210.2355330306,38105.1177665153,6350.852961085884,33333333.33333333,50,[0.01843748461067213 0.01843748461067213 0.01843748461067213],[0.0008908011929766902 0.0008908011929766902 0.0008908011929766902],[6350.852961085884000 6350.852961085884000 6350.852961085884000]
xf_1428_1501_1539_1,0.0,Yg,[0.4521482717717751 0.4521482717717751 0.4521482717717751],[0.09278774235770045 0.09278774235770045 0.09278774235770045],[76210.2355330306000 76210.2355330306000 76210.2355330306000],Yg,[0.08112921559436022 0.08112921559436022 0.08112921559436022],[0.002604406133378799 0.002604406133378799 0.002604406133378799],[38105.1177665153000 38105.1177665153000 38105.1177665153000],[174240000 174240000 174240000],[554623.1456866369 554623.1456866369 554623.1456866369],Yg,[0 0 0 0],[0 0 0 0],[0 0 0 0],[0 0 0 0],[0 0 0 0],[0 0 0 0],[0 0 0 0],[0 0 0 0],[0 0 0 0],76210.2355330306,38105.1177665153,6350.852961085884,33333333.33333333,50,[0 0 0],[0.000987209451328472 0.000987209451328472 0.000987209451328472],[6350.852961085884000 6350.852961085884000 6350.852961085884000]
xf_1428_1501_1540_2,0.0,Yg,[0.2158260290599122 0.2158260290599122 0.2158260290599122],[0.09235883636444665 0.09235883636444665 0.09235883636444665],[76210.2355330306000 76210.2355330306000 76210.2355330306000],Yg,[0.1883163076457867 0.1883163076457867 0.1883163076457867],[0.005935119375893986 0.005935119375893986 0.005935119375893986],[38105.1177665153000 38105.1177665153000 38105.1177665153000],[174240000 174240000 174240000],[554623.1456866369 554623.1456866369 554623.1456866369],Yg,[0 0 0 0],[0 0 0 0],[0 0 0 0],[0 0 0 0],[0 0 0 0],[0 0 0 0],[0 0 0 0],[0 0 0 0],[0 0 0 0],76210.2355330306,38105.1177665153,6350.852961085884,33333333.33333333,50,[0.02151117764916358 0.02151117764916358 0.02151117764916358],[0.00103192109873698 0.00103192109873698 0.00103192109873698],[6350.852961085884000 6350.852961085884000 6350.852961085884000]
xf_1430_1502_1542_1,0.0,Yg,[0.2960322124534058 0.2960322124534058 0.2960322124534058],[0.06365256558069166 0.06365256558069166 0.06365256558069166],[76210.2355330306000 76210.2355330306000 76210.2355330306000],Yg,[0.05074824993506389 0.05074824993506389 0.05074824993506389],[0.001066329309390456 0.001066329309390456 0.001066329309390456],[38105.1177665153000 38105.1177665153000 38105.1177665153000],[174240000 174240000 174240000],[554623.1456866369 554623.1456866369 554623.1456866369],Yg,[0 0 0 0],[0 0 0 0],[0 0 0 0],[0 0 0 0],[0 0 0 0],[0 0 0 0],[0 0 0 0],[0 0 0 0],[0 0 0 0],76210.2355330306,38105.1177665153,6350.852961085884,33333333.33333333,50,[0.005330407921186549 0.005330407921186549 0.005330407921186549],[0.0004622047652918055 0.0004622047652918055 0.0004622047652918055],[6350.852961085884000 6350.852961085884000 6350.852961085884000]
xf_1430_1502_1543_2,0.0,Yg,[0.3338586669656581 0.3338586669656581 0.3338586669656581],[0.06509248730869033 0.06509248730869033 0.06509248730869033],[76210.2355330306000 76210.2355330306000 76210.2355330306000],Yg,[0.0480747066100736 0.0480747066100736 0.0480747066100736],[0.001471823386055531 0.001471823386055531 0.001471823386055531],[38105.1177665153000 38105.1177665153000 38105.1177665153000],[174240000 174240000 174240000],[554623.1456866369 554623.1456866369 554623.1456866369],Yg,[0 0 0 0],[0 0 0 0],[0 0 0 0],[0 0 0 0],[0 0 0 0],[0 0 0 0],[0 0 0 0],[0 0 0 0],[0 0 0 0],76210.2355330306,38105.1177665153,6350.852961085884,33333333.33333333,50,[0.005508461128587473 0.005508461128587473 0.005508461128587473],[0.0004307569633531134 0.0004307569633531134 0.0004307569633531134],[6350.852961085884000 6350.852961085884000 6350.852961085884000]
xf_1587_1328_1067_1,0.0,Yg,[0 0 0],[0.02660659107874017 0.02660659107874017 0.02660659107874017],[43820.88543149259000 43820.88543149259000 43820.88543149259000],Yg,[0 0 0],[0.1166780150947758 0.1166780150947758 0.1166780150947758],[76210.2355330306000 76210.2355330306000 76210.2355330306000],[43560000 43560000 43560000],[138655.7864216592 138655.7864216592 138655.7864216592],Yg,[0 0 0 0],[0 0 0 0],[0 0 0 0],[0 0 0 0],[0 0 0 0],[0 0 0 0],[0 0 0 0],[0 0 0 0],[0 0 0 0],38105.1177665153,76210.2355330306,6350.852961085884,33333333.33333333,50,[0 0 0],[1.537990941186496e-005 1.537990941186496e-005 1.537990941186496e-005],[6350.852961085884000 6350.852961085884000 6350.852961085884000]
xf_1588_1327_1068_2,0.0,Yg,[0 0 0],[0.02729615691657774 0.02729615691657774 0.02729615691657774],[38105.1177665153000 38105.1177665153000 38105.1177665153000],Yg,[0 0 0],[0.1229023969149549 0.1229023969149549 0.1229023969149549],[76210.2355330306000 76210.2355330306000 76210.2355330306000],[43560000 43560000 43560000],[138655.7864216592 138655.7864216592 138655.7864216592],Yg,[0 0 0 0],[0 0 0 0],[0 0 0 0],[0 0 0 0],[0 0 0 0],[0 0 0 0],[0 0 0 0],[0 0 0 0],[0 0 0 0],38105.1177665153,76210.2355330306,6350.852961085884,33333333.33333333,50,[0 0 0],[2.041421955913871e-005 2.041421955913871e-005 2.041421955913871e-005],[6350.852961085884000 6350.852961085884000 6350.852961085884000]
xf_1616_1027_1618_1,0.0,Yg,[0.275309476514261 0.275309476514261 0.275309476514261],[0.0131665829138138 0.0131665829138138 0.0131665829138138],[37724.06658885016000 37724.06658885016000 37724.06658885016000],Yg,[0.8962066430117279 0.8962066430117279 0.8962066430117279],[0.1162840450592101 0.1162840450592101 0.1162840450592101],[76210.2355330306000 76210.2355330306000 76210.2355330306000],[43560000 43560000 43560000],[138655.7864216592 138655.7864216592 138655.7864216592],Yg,[0 0 0 0],[0 0 0 0],[0 0 0 0],[0 0 0 0],[0 0 0 0],[0 0 0 0],[0 0 0 0],[0 0 0 0],[0 0 0 0],38105.1177665153,76210.2355330306,6350.852961085884,33333333.33333333,50,[0.01183102095803591 0.01183102095803591 0.01183102095803591],[0.0005072179660866371 0.0005072179660866371 0.0005072179660866371],[6581.793068761734000 6581.793068761734000 6581.793068761734000]
xf_1617_1027_1619_2,0.0,Yg,[0.2638523855319187 0.2638523855319187 0.2638523855319187],[0.01168139948524357 0.01168139948524357 0.01168139948524357],[38105.1177665153000 38105.1177665153000 38105.1177665153000],Yg,[0.8710830936685588 0.8710830936685588 0.8710830936685588],[0.123107182995713 0.123107182995713 0.123107182995713],[76210.2355330306000 76210.2355330306000 76210.2355330306000],[43560000 43560000 43560000],[138655.7864216592 138655.7864216592 138655.7864216592],Yg,[0 0 0 0],[0 0 0 0],[0 0 0 0],[0 0 0 0],[0 0 0 0],[0 0 0 0],[0 0 0 0],[0 0 0 0],[0 0 0 0],38105.1177665153,76210.2355330306,6350.852961085884,33333333.33333333,50,[0.01263163221260977 0.01263163221260977 0.01263163221260977],[0.0005526011241764869 0.0005526011241764869 0.0005526011241764869],[6581.793068761734000 6581.793068761734000 6581.793068761734000]
xf_2077_2205_2346_2,0.0,Yg,[0.112858241051304 0.112858241051304 0.112858241051304],[0.004683501781995523 0.004683501781995523 0.004683501781995523],[128922.3151100434000 128922.3151100434000 128922.3151100434000],Yg,[0.1816755467740587 0.1816755467740587 0.1816755467740587],[0.2204401876554764 0.2204401876554764 0.2204401876554764],[288675.1345948128000 288675.1345948128000 288675.1345948128000],[484000000.0000001 484000000.0000001 484000000.0000001],[1540619.849129547 1540619.849129547 1540619.849129547],Yg,[0 0 0 0],[0 0 0 0],[0 0 0 0],[0 0 0 0],[0 0 0 0],[0 0 0 0],[0 0 0 0],[0 0 0 0],[0 0 0 0],127017.0592217177,288675.1345948129,19052.55888325765,33333333.33333333,50,[0.007652614456520055 0.007652614456520055 0.007652614456520055],[0.00145151293359754 0.00145151293359754 0.00145151293359754],[19052.55888325765000 19052.55888325765000 19052.55888325765000]
xf_2077_2205_2347_1,0.0,Yg,[0.1096531223746985 0.1096531223746985 0.1096531223746985],[0.005165221427399586 0.005165221427399586 0.005165221427399586],[128922.3151100434000 128922.3151100434000 128922.3151100434000],Yg,[0.199839134037145 0.199839134037145 0.199839134037145],[0.2272454218748971 0.2272454218748971 0.2272454218748971],[288675.1345948128000 288675.1345948128000 288675.1345948128000],[484000000.0000001 484000000.0000001 484000000.0000001],[1540619.849129547 1540619.849129547 1540619.849129547],Yg,[0 0 0 0],[0 0 0 0],[0 0 0 0],[0 0 0 0],[0 0 0 0],[0 0 0 0],[0 0 0 0],[0 0 0 0],[0 0 0 0],127017.0592217177,288675.1345948129,19052.55888325765,33333333.33333333,50,[0.007652143205158477 0.007652143205158477 0.007652143205158477],[0.001475962739001596 0.001475962739001596 0.001475962739001596],[19052.55888325765000 19052.55888325765000 19052.55888325765000]
xf_2077_2205_2349_3,0.0,Yg,[0.1271365870349436 0.1271365870349436 0.1271365870349436],[0.003718739883227927 0.003718739883227927 0.003718739883227927],[128922.3151100434000 128922.3151100434000 128922.3151100434000],Yg,[0.1415386098314773 0.1415386098314773 0.1415386098314773],[0.2352437564682876 0.2352437564682876 0.2352437564682876],[288675.1345948128000 288675.1345948128000 288675.1345948128000],[484000000.0000001 484000000.0000001 484000000.0000001],[1540619.849129547 1540619.849129547 1540619.849129547],Yg,[0 0 0 0],[0 0 0 0],[0 0 0 0],[0 0 0 0],[0 0 0 0],[0 0 0 0],[0 0 0 0],[0 0 0 0],[0 0 0 0],127017.0592217177,288675.1345948129,19052.55888325765,33333333.33333333,50,[0.007940193857571273 0.007940193857571273 0.007940193857571273],[0.001432285668923942 0.001432285668923942 0.001432285668923942],[19052.55888325765000 19052.55888325765000 19052.55888325765000]
xf_2145_2243_2306_1,0.0,Yg,[3.999934364744196 3.999934364744196 3.999934364744196],[0.5896068297423371 0.5896068297423371 0.5896068297423371],[137400.4151379585000 137400.4151379585000 137400.4151379585000],Yg,[0.1924676072774548 0.1924676072774548 0.1924676072774548],[0.001617669264218238 0.001617669264218238 0.001617669264218238],[38105.1177665153000 38105.1177665153000 38105.1177665153000],[484000000.0000001 484000000.0000001 484000000.0000001],[1540619.849129547 1540619.849129547 1540619.849129547],Yg,[0 0 0 0],[0 0 0 0],[0 0 0 0],[0 0 0 0],[0 0 0 0],[0 0 0 0],[0 0 0 0],[0 0 0 0],[0 0 0 0],127017.0592217177,38105.1177665153,12701.70592217177,33333333.33333333,50,[0.04439376083118861 0.04439376083118861 0.04439376083118861],[0.004719659905514264 0.004719659905514264 0.004719659905514264],[12701.70592217177000 12701.70592217177000 12701.70592217177000]
xf_2145_2243_2306_2,0.0,Yg,[3.874819722086019 3.874819722086019 3.874819722086019],[0.4578084762432634 0.4578084762432634 0.4578084762432634],[137400.4151379585000 137400.4151379585000 137400.4151379585000],Yg,[0.187243011095179 0.187243011095179 0.187243011095179],[0.003639580442020084 0.003639580442020084 0.003639580442020084],[38105.1177665153000 38105.1177665153000 38105.1177665153000],[484000000.0000001 484000000.0000001 484000000.0000001],[1540619.849129547 1540619.849129547 1540619.849129547],Yg,[0 0 0 0],[0 0 0 0],[0 0 0 0],[0 0 0 0],[0 0 0 0],[0 0 0 0],[0 0 0 0],[0 0 0 0],[0 0 0 0],127017.0592217177,38105.1177665153,12701.70592217177,33333333.33333333,50,[0.04478249807877147 0.04478249807877147 0.04478249807877147],[0.004359474507498108 0.004359474507498108 0.004359474507498108],[12701.70592217177000 12701.70592217177000 12701.70592217177000]
xf_2145_2243_2306_3,0.0,Yg,[6.342588835744715 6.342588835744715 6.342588835744715],[0.5095989984533902 0.5095989984533902 0.5095989984533902],[137400.4151379585000 137400.4151379585000 137400.4151379585000],Yg,[0.4079746950665601 0.4079746950665601 0.4079746950665601],[0.00445925405552814 0.00445925405552814 0.00445925405552814],[38105.1177665153000 38105.1177665153000 38105.1177665153000],[484000000.0000001 484000000.0000001 484000000.0000001],[1540619.849129547 1540619.849129547 1540619.849129547],Yg,[0 0 0 0],[0 0 0 0],[0 0 0 0],[0 0 0 0],[0 0 0 0],[0 0 0 0],[0 0 0 0],[0 0 0 0],[0 0 0 0],127017.0592217177,38105.1177665153,12701.70592217177,33333333.33333333,50,[0.06396643985444599 0.06396643985444599 0.06396643985444599],[0.005917020566207892 0.005917020566207892 0.005917020566207892],[12701.70592217177000 12701.70592217177000 12701.70592217177000]
xf_2162_2271_2315_5,0.0,Yg,[0.6540021312657019 0.6540021312657019 0.6540021312657019],[0.1096857980107614 0.1096857980107614 0.1096857980107614],[122869.3748878594000 122869.3748878594000 122869.3748878594000],Yg,[0.0322020978964283 0.0322020978964283 0.0322020978964283],[0.0007836100716413246 0.0007836100716413246 0.0007836100716413246],[38105.1177665153000 38105.1177665153000 38105.1177665153000],[484000000.0000001 484000000.0000001 484000000.0000001],[1540619.849129547 1540619.849129547 1540619.849129547],Yg,[0 0 0 0],[0 0 0 0],[0 0 0 0],[0 0 0 0],[0 0 0 0],[0 0 0 0],[0 0 0 0],[0 0 0 0],[0 0 0 0],127017.0592217177,38105.1177665153,12701.70592217177,33333333.33333333,50,[0.007885205044361316 0.007885205044361316 0.007885205044361316],[0.001153556301714569 0.001153556301714569 0.001153556301714569],[12701.70592217177000 12701.70592217177000 12701.70592217177000]
xf_2191_2018_2019_6,0.0,Yg,[0.4295567169575655 0.4295567169575655 0.4295567169575655],[0.03086889176771542 0.03086889176771542 0.03086889176771542],[199763.1931396106000 199763.1931396106000 199763.1931396106000],Yg,[0.003633082455581614 0.003633082455581614 0.003633082455581614],[0.0006073640321995971 0.0006073640321995971 0.0006073640321995971],[9814.95457622364000 9814.95457622364000 9814.95457622364000],[1089000000 1089000000 1089000000],[3466394.660541481 3466394.660541481 3466394.660541481],Yg,[0 0 0 0],[0 0 0 0],[0 0 0 0],[0 0 0 0],[0 0 0 0],[0 0 0 0],[0 0 0 0],[0 0 0 0],[0 0 0 0],190525.5888325765,9814.954576223639,9814.954576223639,33333333.33333333,50,[0.003373990074986833 0.003373990074986833 0.003373990074986833],[0.0006274337288741651 0.0006274337288741651 0.0006274337288741651],[9814.95457622364000 9814.95457622364000 9814.95457622364000]
xf_2191_2020_2021_7,0.0,Yg,[0.4162720862875632 0.4162720862875632 0.4162720862875632],[0.04661833690737402 0.04661833690737402 0.04661833690737402],[199763.1931396106000 199763.1931396106000 199763.1931396106000],Yg,[0.003631912115658738 0.003631912115658738 0.003631912115658738],[0.0005386629609660609 0.0005386629609660609 0.0005386629609660609],[9814.95457622364000 9814.95457622364000 9814.95457622364000],[1089000000 1089000000 1089000000],[3466394.660541481 3466394.660541481 3466394.660541481],Yg,[0 0 0 0],[0 0 0 0],[0 0 0 0],[0 0 0 0],[0 0 0 0],[0 0 0 0],[0 0 0 0],[0 0 0 0],[0 0 0 0],190525.5888325765,9814.954576223639,9814.954576223639,33333333.33333333,50,[0.00340285166835059 0.00340285166835059 0.00340285166835059],[0.0005466045277303429 0.0005466045277303429 0.0005466045277303429],[9814.95457622364000 9814.95457622364000 9814.95457622364000]
xf_2191_2023_2024_1,0.0,Yg,[0.2335981571862203 0.2335981571862203 0.2335981571862203],[0.01243220793095063 0.01243220793095063 0.01243220793095063],[199763.1931396106000 199763.1931396106000 199763.1931396106000],Yg,[0.005939776805316109 0.005939776805316109 0.005939776805316109],[0.0006446842846706769 0.0006446842846706769 0.0006446842846706769],[8660.254037844386000 8660.254037844386000 8660.254037844386000],[1089000000 1089000000 1089000000],[3466394.660541481 3466394.660541481 3466394.660541481],Yg,[0 0 0 0],[0 0 0 0],[0 0 0 0],[0 0 0 0],[0 0 0 0],[0 0 0 0],[0 0 0 0],[0 0 0 0],[0 0 0 0],190525.5888325765,8660.254037844386,8660.254037844386,33333333.33333333,50,[0.00551663398569916 0.00551663398569916 0.00551663398569916],[0.0006486249584842481 0.0006486249584842481 0.0006486249584842481],[8660.254037844386000 8660.254037844386000 8660.254037844386000]
xf_2191_2025_2026_2,0.0,Yg,[0.2907693135954279 0.2907693135954279 0.2907693135954279],[0.009800241234966502 0.009800241234966502 0.009800241234966502],[199763.1931396106000 199763.1931396106000 199763.1931396106000],Yg,[0.005297294198412787 0.005297294198412787 0.005297294198412787],[0.000648980576516619 0.000648980576516619 0.000648980576516619],[8660.254037844386000 8660.254037844386000 8660.254037844386000],[1089000000 1089000000 1089000000],[3466394.660541481 3466394.660541481 3466394.660541481],Yg,[0 0 0 0],[0 0 0 0],[0 0 0 0],[0 0 0 0],[0 0 0 0],[0 0 0 0],[0 0 0 0],[0 0 0 0],[0 0 0 0],190525.5888325765,8660.254037844386,8660.254037844386,33333333.33333333,50,[0.005514296408265016 0.005514296408265016 0.005514296408265016],[0.0006971184039762579 0.0006971184039762579 0.0006971184039762579],[8660.254037844386000 8660.254037844386000 8660.254037844386000]
xf_2191_2027_2028_3,0.0,Yg,[0.06847822819088474 0.06847822819088474 0.06847822819088474],[0.02612325488655785 0.02612325488655785 0.02612325488655785],[199763.1931396106000 199763.1931396106000 199763.1931396106000],Yg,[0.006165448391437763 0.006165448391437763 0.006165448391437763],[0.000650227097113623 0.000650227097113623 0.000650227097113623],[8660.254037844386000 8660.254037844386000 8660.254037844386000],[1089000000 1089000000 1089000000],[3466394.660541481 3466394.660541481 3466394.660541481],Yg,[0 0 0 0],[0 0 0 0],[0 0 0 0],[0 0 0 0],[0 0 0 0],[0 0 0 0],[0 0 0 0],[0 0 0 0],[0 0 0 0],190525.5888325765,8660.254037844386,8660.254037844386,33333333.33333333,50,[0.00623450724577416 0.00623450724577416 0.00623450724577416],[0.0006681354161553709 0.0006681354161553709 0.0006681354161553709],[8660.254037844386000 8660.254037844386000 8660.254037844386000]
xf_2191_2029_2030_4,0.0,Yg,[0.1633015431386539 0.1633015431386539 0.1633015431386539],[0.02129563105149044 0.02129563105149044 0.02129563105149044],[199763.1931396106000 199763.1931396106000 199763.1931396106000],Yg,[0.005773748084777835 0.005773748084777835 0.005773748084777835],[0.0006743416008771495 0.0006743416008771495 0.0006743416008771495],[8660.254037844386000 8660.254037844386000 8660.254037844386000],[1089000000 1089000000 1089000000],[3466394.660541481 3466394.660541481 3466394.660541481],Yg,[0 0 0 0],[0 0 0 0],[0 0 0 0],[0 0 0 0],[0 0 0 0],[0 0 0 0],[0 0 0 0],[0 0 0 0],[0 0 0 0],190525.5888325765,8660.254037844386,8660.254037844386,33333333.33333333,50,[0.006125001741743289 0.006125001741743289 0.006125001741743289],[0.0006232777811756388 0.0006232777811756388 0.0006232777811756388],[8660.254037844386000 8660.254037844386000 8660.254037844386000]
xf_2191_2031_2022_5,0.0,Yg,[0.08008386841452278 0.08008386841452278 0.08008386841452278],[0.003098409667850579 0.003098409667850579 0.003098409667850579],[199763.1931396106000 199763.1931396106000 199763.1931396106000],Yg,[0.005993640020248244 0.005993640020248244 0.005993640020248244],[0.0006801894494655639 0.0006801894494655639 0.0006801894494655639],[8660.254037844386000 8660.254037844386000 8660.254037844386000],[1089000000 1089000000 1089000000],[3466394.660541481 3466394.660541481 3466394.660541481],Yg,[0 0 0 0],[0 0 0 0],[0 0 0 0],[0 0 0 0],[0 0 0 0],[0 0 0 0],[0 0 0 0],[0 0 0 0],[0 0 0 0],190525.5888325765,8660.254037844386,8660.254037844386,33333333.33333333,50,[0.006272768043169988 0.006272768043169988 0.006272768043169988],[0.0006637928793814081 0.0006637928793814081 0.0006637928793814081],[8660.254037844386000 8660.254037844386000 8660.254037844386000]
xf_2195_2293_2332_1,0.0,Yg,[4.363235460131297 4.363235460131297 4.363235460131297],[0.7883716981226135 0.7883716981226135 0.7883716981226135],[193210.2675843082000 193210.2675843082000 193210.2675843082000],Yg,[0.09654477164256429 0.09654477164256429 0.09654477164256429],[0.002021630227185087 0.002021630227185087 0.002021630227185087],[38105.1177665153000 38105.1177665153000 38105.1177665153000],[1089000000 1089000000 1089000000],[3466394.660541481 3466394.660541481 3466394.660541481],Yg,[0 0 0 0],[0 0 0 0],[0 0 0 0],[0 0 0 0],[0 0 0 0],[0 0 0 0],[0 0 0 0],[0 0 0 0],[0 0 0 0],190525.5888325765,38105.1177665153,12701.70592217177,33333333.33333333,50,[0.03153724166604262 0.03153724166604262 0.03153724166604262],[0.002988766414246706 0.002988766414246706 0.002988766414246706],[12990.38105676658000 12990.38105676658000 12990.38105676658000]
xf_2195_2293_2332_2,0.0,Yg,[4.123494805361222 4.123494805361222 4.123494805361222],[0.8311614616551806 0.8311614616551806 0.8311614616551806],[193210.2675843082000 193210.2675843082000 193210.2675843082000],Yg,[0.09768331565910343 0.09768331565910343 0.09768331565910343],[0.0003122566833787604 0.0003122566833787604 0.0003122566833787604],[38105.1177665153000 38105.1177665153000 38105.1177665153000],[1089000000 1089000000 1089000000],[3466394.660541481 3466394.660541481 3466394.660541481],Yg,[0 0 0 0],[0 0 0 0],[0 0 0 0],[0 0 0 0],[0 0 0 0],[0 0 0 0],[0 0 0 0],[0 0 0 0],[0 0 0 0],190525.5888325765,38105.1177665153,12701.70592217177,33333333.33333333,50,[0.03299398466659682 0.03299398466659682 0.03299398466659682],[0.003283383912332805 0.003283383912332805 0.003283383912332805],[12990.38105676658000 12990.38105676658000 12990.38105676658000]
xf_2200_2196_2304_3,0.0,Yg,[0.2769832579273523 0.2769832579273523 0.2769832579273523],[0.1468528413172682 0.1468528413172682 0.1468528413172682],[277849.8170475074000 277849.8170475074000 277849.8170475074000],Yg,[0.1625449537670483 0.1625449537670483 0.1625449537670483],[0.007017898152123773 0.007017898152123773 0.007017898152123773],[158771.3240271471000 158771.3240271471000 158771.3240271471000],[2500000000 2500000000 2500000000],[7957747.154594767 7957747.154594767 7957747.154594767],Yg,[0 0 0 0],[0 0 0 0],[0 0 0 0],[0 0 0 0],[0 0 0 0],[0 0 0 0],[0 0 0 0],[0 0 0 0],[0 0 0 0],288675.1345948129,158771.3240271471,12701.70592217177,33333333.33333333,50,[0.006336699783937835 0.006336699783937835 0.006336699783937835],[0.0005976529698126545 0.0005976529698126545 0.0005976529698126545],[12701.70592217177000 12701.70592217177000 12701.70592217177000]
xf_2200_2196_2305_2,0.0,Yg,[0.4311818016116735 0.4311818016116735 0.4311818016116735],[0.1569772333419772 0.1569772333419772 0.1569772333419772],[277849.8170475074000 277849.8170475074000 277849.8170475074000],Yg,[0.1180871848257424 0.1180871848257424 0.1180871848257424],[0.003845790634795443 0.003845790634795443 0.003845790634795443],[158771.3240271471000 158771.3240271471000 158771.3240271471000],[2500000000 2500000000 2500000000],[7957747.154594767 7957747.154594767 7957747.154594767],Yg,[0 0 0 0],[0 0 0 0],[0 0 0 0],[0 0 0 0],[0 0 0 0],[0 0 0 0],[0 0 0 0],[0 0 0 0],[0 0 0 0],288675.1345948129,158771.3240271471,12701.70592217177,33333333.33333333,50,[0.006122084899309941 0.006122084899309941 0.006122084899309941],[0.0006292355576287043 0.0006292355576287043 0.0006292355576287043],[12701.70592217177000 12701.70592217177000 12701.70592217177000]
xf_3134_3135_3136_1,0.0,Yg,[0.1117607440773621 0.1117607440773621 0.1117607440773621],[0.09551121914731242 0.09551121914731242 0.09551121914731242],[62077.04735343007000 62077.04735343007000 62077.04735343007000],Yg,[0.03389065874600813 0.03389065874600813 0.03389065874600813],[0.004196618606017953 0.004196618606017953 0.004196618606017953],[6350.852961085884000 6350.852961085884000 6350.852961085884000],[121000000 121000000 121000000],[385154.9622823868 385154.9622823868 385154.9622823868],Yg,[0 0 0 0],[0 0 0 0],[0 0 0 0],[0 0 0 0],[0 0 0 0],[0 0 0 0],[0 0 0 0],[0 0 0 0],[0 0 0 0],63508.52961085884,6350.852961085884,6350.852961085884,33333333.33333333,50,[0.03227771315013942 0.03227771315013942 0.03227771315013942],[0.003924832789536846 0.003924832789536846 0.003924832789536846],[6350.852961085884000 6350.852961085884000 6350.852961085884000]
xf_3134_3135_3136_2,0.0,Yg,[0.3198103966983703 0.3198103966983703 0.3198103966983703],[0.08654859108317631 0.08654859108317631 0.08654859108317631],[62077.04735343007000 62077.04735343007000 62077.04735343007000],Yg,[0.029404376743003 0.029404376743003 0.029404376743003],[0.004039178264193509 0.004039178264193509 0.004039178264193509],[6350.852961085884000 6350.852961085884000 6350.852961085884000],[121000000 121000000 121000000],[385154.9622823868 385154.9622823868 385154.9622823868],Yg,[0 0 0 0],[0 0 0 0],[0 0 0 0],[0 0 0 0],[0 0 0 0],[0 0 0 0],[0 0 0 0],[0 0 0 0],[0 0 0 0],63508.52961085884,6350.852961085884,6350.852961085884,33333333.33333333,50,[0.02925175970431557 0.02925175970431557 0.02925175970431557],[0.004181831617610644 0.004181831617610644 0.004181831617610644],[6350.852961085884000 6350.852961085884000 6350.852961085884000]
xf_3177_3179_3178_1,0.0,Yg,[0.2717348730999263 0.2717348730999263 0.2717348730999263],[0.08694696637027773 0.08694696637027773 0.08694696637027773],[63508.52961085884000 63508.52961085884000 63508.52961085884000],Yg,[0.02683501579484237 0.02683501579484237 0.02683501579484237],[0.004044318609776766 0.004044318609776766 0.004044318609776766],[6350.852961085884000 6350.852961085884000 6350.852961085884000],[121000000 121000000 121000000],[385154.9622823868 385154.9622823868 385154.9622823868],Yg,[0 0 0 0],[0 0 0 0],[0 0 0 0],[0 0 0 0],[0 0 0 0],[0 0 0 0],[0 0 0 0],[0 0 0 0],[0 0 0 0],63508.52961085884,6350.852961085884,6350.852961085884,33333333.33333333,50,[0.02800111079065291 0.02800111079065291 0.02800111079065291],[0.00391951503488961 0.00391951503488961 0.00391951503488961],[6350.852961085884000 6350.852961085884000 6350.852961085884000]
xf_3177_3179_3178_2,0.0,Yg,[0.272588593217776 0.272588593217776 0.272588593217776],[0.06169345818253266 0.06169345818253266 0.06169345818253266],[63508.52961085884000 63508.52961085884000 63508.52961085884000],Yg,[0.02802653332834119 0.02802653332834119 0.02802653332834119],[0.004343683473302198 0.004343683473302198 0.004343683473302198],[6350.852961085884000 6350.852961085884000 6350.852961085884000],[121000000 121000000 121000000],[385154.9622823868 385154.9622823868 385154.9622823868],Yg,[0 0 0 0],[0 0 0 0],[0 0 0 0],[0 0 0 0],[0 0 0 0],[0 0 0 0],[0 0 0 0],[0 0 0 0],[0 0 0 0],63508.52961085884,6350.852961085884,6350.852961085884,33333333.33333333,50,[0.02625915325538676 0.02625915325538676 0.02625915325538676],[0.004021793610969189 0.004021793610969189 0.004021793610969189],[6350.852961085884000 6350.852961085884000 6350.852961085884000]
xf_3226_3227_3228_1,0.0,Yg,[0.2281730159669393 0.2281730159669393 0.2281730159669393],[0.1079019333462142 0.1079019333462142 0.1079019333462142],[65096.2428511303000 65096.2428511303000 65096.2428511303000],Yg,[0.03015289578243968 0.03015289578243968 0.03015289578243968],[0.004033874762671265 0.004033874762671265 0.004033874762671265],[6350.852961085884000 6350.852961085884000 6350.852961085884000],[121000000 121000000 121000000],[385154.9622823868 385154.9622823868 385154.9622823868],Yg,[0 0 0 0],[0 0 0 0],[0 0 0 0],[0 0 0 0],[0 0 0 0],[0 0 0 0],[0 0 0 0],[0 0 0 0],[0 0 0 0],63508.52961085884,6350.852961085884,6350.852961085884,33333333.33333333,50,[0.0292394424475611 0.0292394424475611 0.0292394424475611],[0.004035466997657544 0.004035466997657544 0.004035466997657544],[6350.852961085884000 6350.852961085884000 6350.852961085884000]
xf_3226_3227_3228_2,0.0,Yg,[0.1001334524743027 0.1001334524743027 0.1001334524743027],[0.08943301939731284 0.08943301939731284 0.08943301939731284],[65096.2428511303000 65096.2428511303000 65096.2428511303000],Yg,[0.03180686982697001 0.03180686982697001 0.03180686982697001],[0.004173482163913126 0.004173482163913126 0.004173482163913126],[6350.852961085884000 6350.852961085884000 6350.852961085884000],[121000000 121000000 121000000],[385154.9622823868 385154.9622823868 385154.9622823868],Yg,[0 0 0 0],[0 0 0 0],[0 0 0 0],[0 0 0 0],[0 0 0 0],[0 0 0 0],[0 0 0 0],[0 0 0 0],[0 0 0 0],63508.52961085884,6350.852961085884,6350.852961085884,33333333.33333333,50,[0.03247560925846624 0.03247560925846624 0.03247560925846624],[0.004267890113252646 0.004267890113252646 0.004267890113252646],[6350.852961085884000 6350.852961085884000 6350.852961085884000]
xf_3231_3644_3645_1,0.0,Yg,[0.1055630341680156 0.1055630341680156 0.1055630341680156],[0.07726643258352962 0.07726643258352962 0.07726643258352962],[63508.52961085884000 63508.52961085884000 63508.52961085884000],Yg,[0.03327315776650158 0.03327315776650158 0.03327315776650158],[0.00412900766366011 0.00412900766366011 0.00412900766366011],[6350.852961085884000 6350.852961085884000 6350.852961085884000],[121000000 121000000 121000000],[385154.9622823868 385154.9622823868 385154.9622823868],Yg,[0 0 0 0],[0 0 0 0],[0 0 0 0],[0 0 0 0],[0 0 0 0],[0 0 0 0],[0 0 0 0],[0 0 0 0],[0 0 0 0],63508.52961085884,6350.852961085884,6350.852961085884,33333333.33333333,50,[0.03147442530584808 0.03147442530584808 0.03147442530584808],[0.004218851840314404 0.004218851840314404 0.004218851840314404],[6350.852961085884000 6350.852961085884000 6350.852961085884000]
xf_3231_3644_3645_2,0.0,Yg,[0.3454359818214425 0.3454359818214425 0.3454359818214425],[0.1018262626601534 0.1018262626601534 0.1018262626601534],[63508.52961085884000 63508.52961085884000 63508.52961085884000],Yg,[0.03022912374921454 0.03022912374921454 0.03022912374921454],[0.00380500311242228 0.00380500311242228 0.00380500311242228],[6350.852961085884000 6350.852961085884000 6350.852961085884000],[121000000 121000000 121000000],[385154.9622823868 385154.9622823868 385154.9622823868],Yg,[0 0 0 0],[0 0 0 0],[0 0 0 0],[0 0 0 0],[0 0 0 0],[0 0 0 0],[0 0 0 0],[0 0 0 0],[0 0 0 0],63508.52961085884,6350.852961085884,6350.852961085884,33333333.33333333,50,[0.02896214707531568 0.02896214707531568 0.02896214707531568],[0.004172542380578086 0.004172542380578086 0.004172542380578086],[6350.852961085884000 6350.852961085884000 6350.852961085884000]
xf_3266_3154_3155_1,0.0,Yg,[0.3044235636172694 0.3044235636172694 0.3044235636172694],[0.009855939961147114 0.009855939961147114 0.009855939961147114],[78115.49142135637000 78115.49142135637000 78115.49142135637000],Yg,[0.01354440166579295 0.01354440166579295 0.01354440166579295],[0.001222374348024246 0.001222374348024246 0.001222374348024246],[6350.852961085884000 6350.852961085884000 6350.852961085884000],[174240000 174240000 174240000],[554623.1456866369 554623.1456866369 554623.1456866369],Yg,[0 0 0 0],[0 0 0 0],[0 0 0 0],[0 0 0 0],[0 0 0 0],[0 0 0 0],[0 0 0 0],[0 0 0 0],[0 0 0 0],76210.2355330306,6350.852961085884,6350.852961085884,33333333.33333333,50,[0.01460512173555459 0.01460512173555459 0.01460512173555459],[0.001273835399260446 0.001273835399260446 0.001273835399260446],[6350.852961085884000 6350.852961085884000 6350.852961085884000]
xf_3302_3304_3303_1,0.0,Yg,[0.2972310912710992 0.2972310912710992 0.2972310912710992],[0.07118926546657969 0.07118926546657969 0.07118926546657969],[64305.56165747512000 64305.56165747512000 64305.56165747512000],Yg,[0.02690181805270062 0.02690181805270062 0.02690181805270062],[0.004047785207254325 0.004047785207254325 0.004047785207254325],[6350.852961085884000 6350.852961085884000 6350.852961085884000],[121000000 121000000 121000000],[385154.9622823868 385154.9622823868 385154.9622823868],Yg,[0 0 0 0],[0 0 0 0],[0 0 0 0],[0 0 0 0],[0 0 0 0],[0 0 0 0],[0 0 0 0],[0 0 0 0],[0 0 0 0],63508.52961085884,6350.852961085884,6350.852961085884,33333333.33333333,50,[0.02727541740547753 0.02727541740547753 0.02727541740547753],[0.004100558133041081 0.004100558133041081 0.004100558133041081],[6350.852961085884000 6350.852961085884000 6350.852961085884000]
xf_3302_3304_3303_2,0.0,Yg,[0.4137626851842403 0.4137626851842403 0.4137626851842403],[0.08755678873819389 0.08755678873819389 0.08755678873819389],[64305.56165747512000 64305.56165747512000 64305.56165747512000],Yg,[0.02460309384341261 0.02460309384341261 0.02460309384341261],[0.003710555344996648 0.003710555344996648 0.003710555344996648],[6350.852961085884000 6350.852961085884000 6350.852961085884000],[121000000 121000000 121000000],[385154.9622823868 385154.9622823868 385154.9622823868],Yg,[0 0 0 0],[0 0 0 0],[0 0 0 0],[0 0 0 0],[0 0 0 0],[0 0 0 0],[0 0 0 0],[0 0 0 0],[0 0 0 0],63508.52961085884,6350.852961085884,6350.852961085884,33333333.33333333,50,[0.02461235162059229 0.02461235162059229 0.02461235162059229],[0.003977438237066015 0.003977438237066015 0.003977438237066015],[6350.852961085884000 6350.852961085884000 6350.852961085884000]
xf_3302_3304_3303_3,0.0,Yg,[0.420241658473829 0.420241658473829 0.420241658473829],[0.0940888754871545 0.0940888754871545 0.0940888754871545],[64305.56165747512000 64305.56165747512000 64305.56165747512000],Yg,[0.02567222323550274 0.02567222323550274 0.02567222323550274],[0.003751994816059877 0.003751994816059877 0.003751994816059877],[6350.852961085884000 6350.852961085884000 6350.852961085884000],[121000000 121000000 121000000],[385154.9622823868 385154.9622823868 385154.9622823868],Yg,[0 0 0 0],[0 0 0 0],[0 0 0 0],[0 0 0 0],[0 0 0 0],[0 0 0 0],[0 0 0 0],[0 0 0 0],[0 0 0 0],63508.52961085884,6350.852961085884,6350.852961085884,33333333.33333333,50,[0.02510216650373288 0.02510216650373288 0.02510216650373288],[0.003969160177246407 0.003969160177246407 0.003969160177246407],[6350.852961085884000 6350.852961085884000 6350.852961085884000]
xf_3333_3335_3336_2,0.0,Yg,[0.3282098063265139 0.3282098063265139 0.3282098063265139],[0.04802155611095104 0.04802155611095104 0.04802155611095104],[62711.49756424256000 62711.49756424256000 62711.49756424256000],Yg,[0.02660445255669537 0.02660445255669537 0.02660445255669537],[0.004169985836205573 0.004169985836205573 0.004169985836205573],[6350.852961085884000 6350.852961085884000 6350.852961085884000],[121000000 121000000 121000000],[385154.9622823868 385154.9622823868 385154.9622823868],Yg,[0 0 0 0],[0 0 0 0],[0 0 0 0],[0 0 0 0],[0 0 0 0],[0 0 0 0],[0 0 0 0],[0 0 0 0],[0 0 0 0],63508.52961085884,6350.852961085884,6350.852961085884,33333333.33333333,50,[0.0274327048225226 0.0274327048225226 0.0274327048225226],[0.004266395585440786 0.004266395585440786 0.004266395585440786],[6350.852961085884000 6350.852961085884000 6350.852961085884000]
xf_3333_3336_3335_1,0.0,Yg,[0.3884875936565389 0.3884875936565389 0.3884875936565389],[0.05730610796717293 0.05730610796717293 0.05730610796717293],[62711.49756424256000 62711.49756424256000 62711.49756424256000],Yg,[0.02667938346349949 0.02667938346349949 0.02667938346349949],[0.004066350397736679 0.004066350397736679 0.004066350397736679],[6350.852961085884000 6350.852961085884000 6350.852961085884000],[121000000 121000000 121000000],[385154.9622823868 385154.9622823868 385154.9622823868],Yg,[0 0 0 0],[0 0 0 0],[0 0 0 0],[0 0 0 0],[0 0 0 0],[0 0 0 0],[0 0 0 0],[0 0 0 0],[0 0 0 0],63508.52961085884,6350.852961085884,6350.852961085884,33333333.33333333,50,[0.02546734062108718 0.02546734062108718 0.02546734062108718],[0.004117898430242197 0.004117898430242197 0.004117898430242197],[6350.852961085884000 6350.852961085884000 6350.852961085884000]
xf_3333_3336_3335_3,0.0,Yg,[0.2707296117496261 0.2707296117496261 0.2707296117496261],[0.07165484287798218 0.07165484287798218 0.07165484287798218],[62711.49756424256000 62711.49756424256000 62711.49756424256000],Yg,[0.02655926687141551 0.02655926687141551 0.02655926687141551],[0.004162401204601885 0.004162401204601885 0.004162401204601885],[6350.852961085884000 6350.852961085884000 6350.852961085884000],[121000000 121000000 121000000],[385154.9622823868 385154.9622823868 385154.9622823868],Yg,[0 0 0 0],[0 0 0 0],[0 0 0 0],[0 0 0 0],[0 0 0 0],[0 0 0 0],[0 0 0 0],[0 0 0 0],[0 0 0 0],63508.52961085884,6350.852961085884,6350.852961085884,33333333.33333333,50,[0.02647364441651078 0.02647364441651078 0.02647364441651078],[0.003882013292570534 0.003882013292570534 0.003882013292570534],[6350.852961085884000 6350.852961085884000 6350.852961085884000]
xf_3358_3360_3361_1,0.0,Yg,[0.107832235740125 0.107832235740125 0.107832235740125],[0.08393119071590058 0.08393119071590058 0.08393119071590058],[65096.2428511303000 65096.2428511303000 65096.2428511303000],Yg,[0.03612329799096953 0.03612329799096953 0.03612329799096953],[0.004369122832650825 0.004369122832650825 0.004369122832650825],[6350.852961085884000 6350.852961085884000 6350.852961085884000],[121000000 121000000 121000000],[385154.9622823868 385154.9622823868 385154.9622823868],Yg,[0 0 0 0],[0 0 0 0],[0 0 0 0],[0 0 0 0],[0 0 0 0],[0 0 0 0],[0 0 0 0],[0 0 0 0],[0 0 0 0],63508.52961085884,6350.852961085884,6350.852961085884,33333333.33333333,50,[0.03886927925526128 0.03886927925526128 0.03886927925526128],[0.004442738847583215 0.004442738847583215 0.004442738847583215],[6350.852961085884000 6350.852961085884000 6350.852961085884000]
xf_3359_3360_3361_2,0.0,Yg,[0.3440079797359242 0.3440079797359242 0.3440079797359242],[0.09106312756378422 0.09106312756378422 0.09106312756378422],[65096.2428511303000 65096.2428511303000 65096.2428511303000],Yg,[0.03243371310769938 0.03243371310769938 0.03243371310769938],[0.004120542886864479 0.004120542886864479 0.004120542886864479],[6350.852961085884000 6350.852961085884000 6350.852961085884000],[121000000 121000000 121000000],[385154.9622823868 385154.9622823868 385154.9622823868],Yg,[0 0 0 0],[0 0 0 0],[0 0 0 0],[0 0 0 0],[0 0 0 0],[0 0 0 0],[0 0 0 0],[0 0 0 0],[0 0 0 0],63508.52961085884,6350.852961085884,6350.852961085884,33333333.33333333,50,[0.0352463777659875 0.0352463777659875 0.0352463777659875],[0.004551958905813691 0.004551958905813691 0.004551958905813691],[6350.852961085884000 6350.852961085884000 6350.852961085884000]
xf_3359_3360_3361_3,0.0,Yg,[0.006899684008291178 0.006899684008291178 0.006899684008291178],[0.0676927130611316 0.0676927130611316 0.0676927130611316],[62714.67299072311000 62714.67299072311000 62714.67299072311000],Yg,[0.03643434661075826 0.03643434661075826 0.03643434661075826],[0.004660305025917353 0.004660305025917353 0.004660305025917353],[6350.852961085884000 6350.852961085884000 6350.852961085884000],[121000000 121000000 121000000],[385154.9622823868 385154.9622823868 385154.9622823868],Yg,[0 0 0 0],[0 0 0 0],[0 0 0 0],[0 0 0 0],[0 0 0 0],[0 0 0 0],[0 0 0 0],[0 0 0 0],[0 0 0 0],63508.52961085884,6350.852961085884,6350.852961085884,33333333.33333333,50,[0.03986458497296434 0.03986458497296434 0.03986458497296434],[0.004687093334832512 0.004687093334832512 0.004687093334832512],[6350.852961085884000 6350.852961085884000 6350.852961085884000]
xf_3362_3364_3363_1,0.0,Yg,[0.1670372263473172 0.1670372263473172 0.1670372263473172],[0.05768528854601937 0.05768528854601937 0.05768528854601937],[62711.49756424256000 62711.49756424256000 62711.49756424256000],Yg,[0.02773647512680801 0.02773647512680801 0.02773647512680801],[0.00405514582738966 0.00405514582738966 0.00405514582738966],[6350.852961085884000 6350.852961085884000 6350.852961085884000],[121000000 121000000 121000000],[385154.9622823868 385154.9622823868 385154.9622823868],Yg,[0 0 0 0],[0 0 0 0],[0 0 0 0],[0 0 0 0],[0 0 0 0],[0 0 0 0],[0 0 0 0],[0 0 0 0],[0 0 0 0],63508.52961085884,6350.852961085884,6350.852961085884,33333333.33333333,50,[0.02829435034096426 0.02829435034096426 0.02829435034096426],[0.004413713749600922 0.004413713749600922 0.004413713749600922],[6350.852961085884000 6350.852961085884000 6350.852961085884000]
xf_3362_3364_3363_2,0.0,Yg,[0.2511932306699147 0.2511932306699147 0.2511932306699147],[0.07882599053771021 0.07882599053771021 0.07882599053771021],[62711.49756424256000 62711.49756424256000 62711.49756424256000],Yg,[0.02680175005339047 0.02680175005339047 0.02680175005339047],[0.004185414978011728 0.004185414978011728 0.004185414978011728],[6350.852961085884000 6350.852961085884000 6350.852961085884000],[121000000 121000000 121000000],[385154.9622823868 385154.9622823868 385154.9622823868],Yg,[0 0 0 0],[0 0 0 0],[0 0 0 0],[0 0 0 0],[0 0 0 0],[0 0 0 0],[0 0 0 0],[0 0 0 0],[0 0 0 0],63508.52961085884,6350.852961085884,6350.852961085884,33333333.33333333,50,[0.02693525479684095 0.02693525479684095 0.02693525479684095],[0.003940856762850378 0.003940856762850378 0.003940856762850378],[6350.852961085884000 6350.852961085884000 6350.852961085884000]
xf_3371_3372_3373_1,0.0,Yg,[0.3398371660177011 0.3398371660177011 0.3398371660177011],[0.10208578769866 0.10208578769866 0.10208578769866],[64305.56165747512000 64305.56165747512000 64305.56165747512000],Yg,[0.03059641418071669 0.03059641418071669 0.03059641418071669],[0.004117229157211274 0.004117229157211274 0.004117229157211274],[6350.852961085884000 6350.852961085884000 6350.852961085884000],[121000000 121000000 121000000],[385154.9622823868 385154.9622823868 385154.9622823868],Yg,[0 0 0 0],[0 0 0 0],[0 0 0 0],[0 0 0 0],[0 0 0 0],[0 0 0 0],[0 0 0 0],[0 0 0 0],[0 0 0 0],63508.52961085884,6350.852961085884,6350.852961085884,33333333.33333333,50,[0.0278857474683555 0.0278857474683555 0.0278857474683555],[0.00396681433638663 0.00396681433638663 0.00396681433638663],[6350.852961085884000 6350.852961085884000 6350.852961085884000]
xf_3371_3372_3373_2,0.0,Yg,[0.02000555806229147 0.02000555806229147 0.02000555806229147],[0.1146049008610829 0.1146049008610829 0.1146049008610829],[64305.56165747512000 64305.56165747512000 64305.56165747512000],Yg,[0.03229564250491456 0.03229564250491456 0.03229564250491456],[0.004119101819817452 0.004119101819817452 0.004119101819817452],[6350.852961085884000 6350.852961085884000 6350.852961085884000],[121000000 121000000 121000000],[385154.9622823868 385154.9622823868 385154.9622823868],Yg,[0 0 0 0],[0 0 0 0],[0 0 0 0],[0 0 0 0],[0 0 0 0],[0 0 0 0],[0 0 0 0],[0 0 0 0],[0 0 0 0],63508.52961085884,6350.852961085884,6350.852961085884,33333333.33333333,50,[0.03225750631736651 0.03225750631736651 0.03225750631736651],[0.00405032426136586 0.00405032426136586 0.00405032426136586],[6350.852961085884000 6350.852961085884000 6350.852961085884000]
xf_3379_3380_3381_3,0.0,Yg,[0.3491093386555277 0.3491093386555277 0.3491093386555277],[0.05992790620477844 0.05992790620477844 0.05992790620477844],[62711.49756424256000 62711.49756424256000 62711.49756424256000],Yg,[0.02555302183583683 0.02555302183583683 0.02555302183583683],[0.004197272684559879 0.004197272684559879 0.004197272684559879],[6350.852961085884000 6350.852961085884000 6350.852961085884000],[121000000 121000000 121000000],[385154.9622823868 385154.9622823868 385154.9622823868],Yg,[0 0 0 0],[0 0 0 0],[0 0 0 0],[0 0 0 0],[0 0 0 0],[0 0 0 0],[0 0 0 0],[0 0 0 0],[0 0 0 0],63508.52961085884,6350.852961085884,6350.852961085884,33333333.33333333,50,[0.02557301383012976 0.02557301383012976 0.02557301383012976],[0.004036685721184674 0.004036685721184674 0.004036685721184674],[6350.852961085884000 6350.852961085884000 6350.852961085884000]
xf_3413_3415_3414_1,0.0,Yg,[0.3614874722750947 0.3614874722750947 0.3614874722750947],[0.08265813402634431 0.08265813402634431 0.08265813402634431],[61914.46551762628000 61914.46551762628000 61914.46551762628000],Yg,[0.02880683902917064 0.02880683902917064 0.02880683902917064],[0.004272912152594519 0.004272912152594519 0.004272912152594519],[6350.852961085884000 6350.852961085884000 6350.852961085884000],[121000000 121000000 121000000],[385154.9622823868 385154.9622823868 385154.9622823868],Yg,[0 0 0 0],[0 0 0 0],[0 0 0 0],[0 0 0 0],[0 0 0 0],[0 0 0 0],[0 0 0 0],[0 0 0 0],[0 0 0 0],63508.52961085884,6350.852961085884,6350.852961085884,33333333.33333333,50,[0.02972408100458039 0.02972408100458039 0.02972408100458039],[0.003942777781419983 0.003942777781419983 0.003942777781419983],[6350.852961085884000 6350.852961085884000 6350.852961085884000]
xf_3413_3415_3414_2,0.0,Yg,[0.242790918174283 0.242790918174283 0.242790918174283],[0.09475822592141496 0.09475822592141496 0.09475822592141496],[61914.46551762628000 61914.46551762628000 61914.46551762628000],Yg,[0.03078262822620477 0.03078262822620477 0.03078262822620477],[0.004075721417524709 0.004075721417524709 0.004075721417524709],[6350.852961085884000 6350.852961085884000 6350.852961085884000],[121000000 121000000 121000000],[385154.9622823868 385154.9622823868 385154.9622823868],Yg,[0 0 0 0],[0 0 0 0],[0 0 0 0],[0 0 0 0],[0 0 0 0],[0 0 0 0],[0 0 0 0],[0 0 0 0],[0 0 0 0],63508.52961085884,6350.852961085884,6350.852961085884,33333333.33333333,50,[0.02880123669805369 0.02880123669805369 0.02880123669805369],[0.003857921083792272 0.003857921083792272 0.003857921083792272],[6350.852961085884000 6350.852961085884000 6350.852961085884000]
xf_3483_3558_3484_3,0.0,Yg,[0.05066411957785959 0.05066411957785959 0.05066411957785959],[0.002372327465649478 0.002372327465649478 0.002372327465649478],[73352.35170054196000 73352.35170054196000 73352.35170054196000],Yg,[0.2513850539270444 0.2513850539270444 0.2513850539270444],[0.1098710309994698 0.1098710309994698 0.1098710309994698],[158771.3240271471000 158771.3240271471000 158771.3240271471000],[174240000 174240000 174240000],[554623.1456866369 554623.1456866369 554623.1456866369],Yg,[0 0 0 0],[0 0 0 0],[0 0 0 0],[0 0 0 0],[0 0 0 0],[0 0 0 0],[0 0 0 0],[0 0 0 0],[0 0 0 0],76210.2355330306,158771.3240271471,11027.39014152185,33333333.33333333,50,[0.009409950454256825 0.009409950454256825 0.009409950454256825],[0.001612339758776363 0.001612339758776363 0.001612339758776363],[11027.39014152185000 11027.39014152185000 11027.39014152185000]
xf_3483_3558_3485_2,0.0,Yg,[0.04903271772364015 0.04903271772364015 0.04903271772364015],[0.003040339230737307 0.003040339230737307 0.003040339230737307],[73352.35170054196000 73352.35170054196000 73352.35170054196000],Yg,[0.2753904147426707 0.2753904147426707 0.2753904147426707],[0.102958328183725 0.102958328183725 0.102958328183725],[158771.3240271471000 158771.3240271471000 158771.3240271471000],[174240000 174240000 174240000],[554623.1456866369 554623.1456866369 554623.1456866369],Yg,[0 0 0 0],[0 0 0 0],[0 0 0 0],[0 0 0 0],[0 0 0 0],[0 0 0 0],[0 0 0 0],[0 0 0 0],[0 0 0 0],76210.2355330306,158771.3240271471,11027.39014152185,33333333.33333333,50,[0.008227917305855918 0.008227917305855918 0.008227917305855918],[0.001688585275098997 0.001688585275098997 0.001688585275098997],[11027.39014152185000 11027.39014152185000 11027.39014152185000]
xf_3486_3561_3487_1,0.0,Yg,[0.1539883027785795 0.1539883027785795 0.1539883027785795],[0.001477179840667627 0.001477179840667627 0.001477179840667627],[78678.40793381626000 78678.40793381626000 78678.40793381626000],Yg,[0.6311699478496802 0.6311699478496802 0.6311699478496802],[0.1822430163208804 0.1822430163208804 0.1822430163208804],[166276.8775266122000 166276.8775266122000 166276.8775266122000],[174240000 174240000 174240000],[554623.1456866369 554623.1456866369 554623.1456866369],Yg,[0 0 0 0],[0 0 0 0],[0 0 0 0],[0 0 0 0],[0 0 0 0],[0 0 0 0],[0 0 0 0],[0 0 0 0],[0 0 0 0],76210.2355330306,158771.3240271471,11027.39014152185,33333333.33333333,50,[0.0232084847338939 0.0232084847338939 0.0232084847338939],[0.003477465854826757 0.003477465854826757 0.003477465854826757],[11027.39014152185000 11027.39014152185000 11027.39014152185000]
xf_3486_3561_3488_2,0.0,Yg,[0.1964679770956468 0.1964679770956468 0.1964679770956468],[0.03682600967188225 0.03682600967188225 0.03682600967188225],[78678.40793381626000 78678.40793381626000 78678.40793381626000],Yg,[0.4478086489000891 0.4478086489000891 0.4478086489000891],[0.01493437116883896 0.01493437116883896 0.01493437116883896],[166276.8775266122000 166276.8775266122000 166276.8775266122000],[174240000 174240000 174240000],[554623.1456866369 554623.1456866369 554623.1456866369],Yg,[0 0 0 0],[0 0 0 0],[0 0 0 0],[0 0 0 0],[0 0 0 0],[0 0 0 0],[0 0 0 0],[0 0 0 0],[0 0 0 0],76210.2355330306,158771.3240271471,11027.39014152185,33333333.33333333,50,[0.02346977714969087 0.02346977714969087 0.02346977714969087],[0.003437010186117745 0.003437010186117745 0.003437010186117745],[11027.39014152185000 11027.39014152185000 11027.39014152185000]
xf_3486_3561_3489_3,0.0,Yg,[0.09387827681969231 0.09387827681969231 0.09387827681969231],[0.03500724139926431 0.03500724139926431 0.03500724139926431],[78678.40793381626000 78678.40793381626000 78678.40793381626000],Yg,[0.7486381751937481 0.7486381751937481 0.7486381751937481],[0.02665320419810436 0.02665320419810436 0.02665320419810436],[166276.8775266122000 166276.8775266122000 166276.8775266122000],[174240000 174240000 174240000],[554623.1456866369 554623.1456866369 554623.1456866369],Yg,[0 0 0 0],[0 0 0 0],[0 0 0 0],[0 0 0 0],[0 0 0 0],[0 0 0 0],[0 0 0 0],[0 0 0 0],[0 0 0 0],76210.2355330306,158771.3240271471,11027.39014152185,33333333.33333333,50,[0.01620795192347788 0.01620795192347788 0.01620795192347788],[0.002871514804932317 0.002871514804932317 0.002871514804932317],[11027.39014152185000 11027.39014152185000 11027.39014152185000]
xf_3492_3565_3494_2,0.0,Yg,[0.06040368177157406 0.06040368177157406 0.06040368177157406],[0.0044368562909024 0.0044368562909024 0.0044368562909024],[73352.35170054196000 73352.35170054196000 73352.35170054196000],Yg,[0.1829913265590998 0.1829913265590998 0.1829913265590998],[0.09255595688493819 0.09255595688493819 0.09255595688493819],[158771.3240271471000 158771.3240271471000 158771.3240271471000],[174240000 174240000 174240000],[554623.1456866369 554623.1456866369 554623.1456866369],Yg,[0 0 0 0],[0 0 0 0],[0 0 0 0],[0 0 0 0],[0 0 0 0],[0 0 0 0],[0 0 0 0],[0 0 0 0],[0 0 0 0],76210.2355330306,158771.3240271471,10969.65511460289,33333333.33333333,50,[0.01053255962962539 0.01053255962962539 0.01053255962962539],[0.001675542069233586 0.001675542069233586 0.001675542069233586],[11027.39014152185000 11027.39014152185000 11027.39014152185000]
xf_3492_3565_3495_1,0.0,Yg,[0.05272900941650296 0.05272900941650296 0.05272900941650296],[0.002089226780691067 0.002089226780691067 0.002089226780691067],[73352.35170054196000 73352.35170054196000 73352.35170054196000],Yg,[0.2463572144322017 0.2463572144322017 0.2463572144322017],[0.1060331516644125 0.1060331516644125 0.1060331516644125],[158771.3240271471000 158771.3240271471000 158771.3240271471000],[174240000 174240000 174240000],[554623.1456866369 554623.1456866369 554623.1456866369],Yg,[0 0 0 0],[0 0 0 0],[0 0 0 0],[0 0 0 0],[0 0 0 0],[0 0 0 0],[0 0 0 0],[0 0 0 0],[0 0 0 0],76210.2355330306,158771.3240271471,10969.65511460289,33333333.33333333,50,[0.01044752213869931 0.01044752213869931 0.01044752213869931],[0.001795049089736728 0.001795049089736728 0.001795049089736728],[11027.39014152185000 11027.39014152185000 11027.39014152185000]
xf_3516_3584_3517_1,0.0,Yg,[0.1576720859350786 0.1576720859350786 0.1576720859350786],[0.003224901238540158 0.003224901238540158 0.003224901238540158],[73352.35170054196000 73352.35170054196000 73352.35170054196000],Yg,[0.5417109320463755 0.5417109320463755 0.5417109320463755],[0.1549724461369926 0.1549724461369926 0.1549724461369926],[158771.3240271471000 158771.3240271471000 158771.3240271471000],[174240000 174240000 174240000],[554623.1456866369 554623.1456866369 554623.1456866369],Yg,[0 0 0 0],[0 0 0 0],[0 0 0 0],[0 0 0 0],[0 0 0 0],[0 0 0 0],[0 0 0 0],[0 0 0 0],[0 0 0 0],76210.2355330306,158771.3240271471,11027.39014152185,33333333.33333333,50,[0.02010754305768203 0.02010754305768203 0.02010754305768203],[0.002987420538426778 0.002987420538426778 0.002987420538426778],[11027.39014152185000 11027.39014152185000 11027.39014152185000]
xf_3628_3455_3453_1,0.0,Yg,[0.4393778062061926 0.4393778062061926 0.4393778062061926],[0.04828566650682845 0.04828566650682845 0.04828566650682845],[82878.63114217078000 82878.63114217078000 82878.63114217078000],Yg,[0.01269233975092248 0.01269233975092248 0.01269233975092248],[0.001010757540180005 0.001010757540180005 0.001010757540180005],[6350.852961085884000 6350.852961085884000 6350.852961085884000],[174240000 174240000 174240000],[554623.1456866369 554623.1456866369 554623.1456866369],Yg,[0 0 0 0],[0 0 0 0],[0 0 0 0],[0 0 0 0],[0 0 0 0],[0 0 0 0],[0 0 0 0],[0 0 0 0],[0 0 0 0],76210.2355330306,6350.852961085884,6350.852961085884,33333333.33333333,50,[0.01313145851753972 0.01313145851753972 0.01313145851753972],[0.001002336701670295 0.001002336701670295 0.001002336701670295],[6350.852961085884000 6350.852961085884000 6350.852961085884000]
xf_3629_3454_3456_2,0.0,Yg,[0.4781139094013437 0.4781139094013437 0.4781139094013437],[0.03587716277362536 0.03587716277362536 0.03587716277362536],[82878.63114217078000 82878.63114217078000 82878.63114217078000],Yg,[0.01345085302941458 0.01345085302941458 0.01345085302941458],[0.00112732286118816 0.00112732286118816 0.00112732286118816],[6350.852961085884000 6350.852961085884000 6350.852961085884000],[174240000 174240000 174240000],[554623.1456866369 554623.1456866369 554623.1456866369],Yg,[0 0 0 0],[0 0 0 0],[0 0 0 0],[0 0 0 0],[0 0 0 0],[0 0 0 0],[0 0 0 0],[0 0 0 0],[0 0 0 0],76210.2355330306,6350.852961085884,6350.852961085884,33333333.33333333,50,[0.01202278819376267 0.01202278819376267 0.01202278819376267],[0.001126757301362139 0.001126757301362139 0.001126757301362139],[6350.852961085884000 6350.852961085884000 6350.852961085884000]
xf_3633_3514_3513_4,0.0,Yg,[0.1364345891026189 0.1364345891026189 0.1364345891026189],[0.09457858850472553 0.09457858850472553 0.09457858850472553],[61914.46551762628000 61914.46551762628000 61914.46551762628000],Yg,[0.03264836848755059 0.03264836848755059 0.03264836848755059],[0.004408458409928048 0.004408458409928048 0.004408458409928048],[6350.852961085884000 6350.852961085884000 6350.852961085884000],[121000000 121000000 121000000],[385154.9622823868 385154.9622823868 385154.9622823868],Yg,[0 0 0 0],[0 0 0 0],[0 0 0 0],[0 0 0 0],[0 0 0 0],[0 0 0 0],[0 0 0 0],[0 0 0 0],[0 0 0 0],63508.52961085884,6350.852961085884,6350.852961085884,33333333.33333333,50,[0.0306601420847291 0.0306601420847291 0.0306601420847291],[0.004318639766743486 0.004318639766743486 0.004318639766743486],[6350.852961085884000 6350.852961085884000 6350.852961085884000]
xf_4031_4028_4027_2,0.0,Yg,[0 0 0],[0.00515215339305097 0.00515215339305097 0.00515215339305097],[40010.37365484107000 40010.37365484107000 40010.37365484107000],Yg,[0 0 0],[0.0007401413402351415 0.0007401413402351415 0.0007401413402351415],[6639.528095680697000 6639.528095680697000 6639.528095680697000],[43560000 43560000 43560000],[138655.7864216592 138655.7864216592 138655.7864216592],Yg,[0 0 0 0],[0 0 0 0],[0 0 0 0],[0 0 0 0],[0 0 0 0],[0 0 0 0],[0 0 0 0],[0 0 0 0],[0 0 0 0],38105.1177665153,6639.528095680696,6639.528095680696,33333333.33333333,50,[0 0 0],[0.000750412576930202 0.000750412576930202 0.000750412576930202],[6639.528095680697000 6639.528095680697000 6639.528095680697000]
xf_4031_4030_4029_1,0.0,Yg,[0 0 0],[0.004001461904711521 0.004001461904711521 0.004001461904711521],[40010.37365484107000 40010.37365484107000 40010.37365484107000],Yg,[0 0 0],[0.0007402701382310931 0.0007402701382310931 0.0007402701382310931],[6639.528095680697000 6639.528095680697000 6639.528095680697000],[43560000 43560000 43560000],[138655.7864216592 138655.7864216592 138655.7864216592],Yg,[0 0 0 0],[0 0 0 0],[0 0 0 0],[0 0 0 0],[0 0 0 0],[0 0 0 0],[0 0 0 0],[0 0 0 0],[0 0 0 0],38105.1177665153,6639.528095680696,6639.528095680696,33333333.33333333,50,[0 0 0],[0.0007786191474150982 0.0007786191474150982 0.0007786191474150982],[6639.528095680697000 6639.528095680697000 6639.528095680697000]
xf_4038_4034_4033_3,0.0,Yg,[0 0 0],[0.004572637724016401 0.004572637724016401 0.004572637724016401],[40010.37365484107000 40010.37365484107000 40010.37365484107000],Yg,[0 0 0],[0.0007351473676847313 0.0007351473676847313 0.0007351473676847313],[6639.528095680697000 6639.528095680697000 6639.528095680697000],[43560000 43560000 43560000],[138655.7864216592 138655.7864216592 138655.7864216592],Yg,[0 0 0 0],[0 0 0 0],[0 0 0 0],[0 0 0 0],[0 0 0 0],[0 0 0 0],[0 0 0 0],[0 0 0 0],[0 0 0 0],38105.1177665153,6639.528095680696,6639.528095680696,33333333.33333333,50,[0 0 0],[0.0007999712334959675 0.0007999712334959675 0.0007999712334959675],[6639.528095680697000 6639.528095680697000 6639.528095680697000]
xf_4038_4035_4036_2,0.0,Yg,[0 0 0],[0.003277401209965839 0.003277401209965839 0.003277401209965839],[40010.37365484107000 40010.37365484107000 40010.37365484107000],Yg,[0 0 0],[0.0007964912275430987 0.0007964912275430987 0.0007964912275430987],[6639.528095680697000 6639.528095680697000 6639.528095680697000],[43560000 43560000 43560000],[138655.7864216592 138655.7864216592 138655.7864216592],Yg,[0 0 0 0],[0 0 0 0],[0 0 0 0],[0 0 0 0],[0 0 0 0],[0 0 0 0],[0 0 0 0],[0 0 0 0],[0 0 0 0],38105.1177665153,6639.528095680696,6639.528095680696,33333333.33333333,50,[0 0 0],[0.0007759929355631843 0.0007759929355631843 0.0007759929355631843],[6639.528095680697000 6639.528095680697000 6639.528095680697000]
xf_4104_4039_4040_1,0.0,Yg,[1.854008134976698 1.854008134976698 1.854008134976698],[0.08582282655849319 0.08582282655849319 0.08582282655849319],[168694.5317788438000 168694.5317788438000 168694.5317788438000],Yg,[0.001925920590877647 0.001925920590877647 0.001925920590877647],[0.001524070666423048 0.001524070666423048 0.001524070666423048],[7621.023553303061000 7621.023553303061000 7621.023553303061000],[756250000 756250000 756250000],[2407218.514264917 2407218.514264917 2407218.514264917],Yg,[0 0 0 0],[0 0 0 0],[0 0 0 0],[0 0 0 0],[0 0 0 0],[0 0 0 0],[0 0 0 0],[0 0 0 0],[0 0 0 0],158771.3240271471,7621.023553303061,7621.023553303061,33333333.33333333,50,[0.001601292737295957 0.001601292737295957 0.001601292737295957],[0.001486483506101775 0.001486483506101775 0.001486483506101775],[7621.023553303061000 7621.023553303061000 7621.023553303061000]
xf_4104_4041_4042_2,0.0,Yg,[1.69498260418457 1.69498260418457 1.69498260418457],[0.01404575358631393 0.01404575358631393 0.01404575358631393],[168694.5317788438000 168694.5317788438000 168694.5317788438000],Yg,[0.001152191213724191 0.001152191213724191 0.001152191213724191],[0.0010225615466229 0.0010225615466229 0.0010225615466229],[6062.177826491071000 6062.177826491071000 6062.177826491071000],[756250000 756250000 756250000],[2407218.514264917 2407218.514264917 2407218.514264917],Yg,[0 0 0 0],[0 0 0 0],[0 0 0 0],[0 0 0 0],[0 0 0 0],[0 0 0 0],[0 0 0 0],[0 0 0 0],[0 0 0 0],158771.3240271471,6062.177826491071,6062.177826491071,33333333.33333333,50,[0.001095360129969668 0.001095360129969668 0.001095360129969668],[0.001047056921474144 0.001047056921474144 0.001047056921474144],[6062.177826491071000 6062.177826491071000 6062.177826491071000]
xf_4104_4043_4044_3,0.0,Yg,[3.419406844190726 3.419406844190726 3.419406844190726],[0.09219255208802603 0.09219255208802603 0.09219255208802603],[168694.5317788438000 168694.5317788438000 168694.5317788438000],Yg,[0.0007949071315119978 0.0007949071315119978 0.0007949071315119978],[0.0007970222543109121 0.0007970222543109121 0.0007970222543109121],[5484.827557301445000 5484.827557301445000 5484.827557301445000],[756250000 756250000 756250000],[2407218.514264917 2407218.514264917 2407218.514264917],Yg,[0 0 0 0],[0 0 0 0],[0 0 0 0],[0 0 0 0],[0 0 0 0],[0 0 0 0],[0 0 0 0],[0 0 0 0],[0 0 0 0],158771.3240271471,5484.827557301445,5484.827557301445,33333333.33333333,50,[0.001006071800075894 0.001006071800075894 0.001006071800075894],[0.000785716150960162 0.000785716150960162 0.000785716150960162],[5484.827557301445000 5484.827557301445000 5484.827557301445000]
xf_4104_4045_4046_4,0.0,Yg,[1.807369392722729 1.807369392722729 1.807369392722729],[0.05311245282157755 0.05311245282157755 0.05311245282157755],[168694.5317788438000 168694.5317788438000 168694.5317788438000],Yg,[0.001016173761106656 0.001016173761106656 0.001016173761106656],[0.0009979700026113037 0.0009979700026113037 0.0009979700026113037],[6062.177826491071000 6062.177826491071000 6062.177826491071000],[756250000 756250000 756250000],[2407218.514264917 2407218.514264917 2407218.514264917],Yg,[0 0 0 0],[0 0 0 0],[0 0 0 0],[0 0 0 0],[0 0 0 0],[0 0 0 0],[0 0 0 0],[0 0 0 0],[0 0 0 0],158771.3240271471,6062.177826491071,6062.177826491071,33333333.33333333,50,[0.001239817475383779 0.001239817475383779 0.001239817475383779],[0.001013152685977046 0.001013152685977046 0.001013152685977046],[6062.177826491071000 6062.177826491071000 6062.177826491071000]
xf_4109_4357_4358_1,0.0,Yg,[0.007758860199035992 0.007758860199035992 0.007758860199035992],[0.02183698647662805 0.02183698647662805 0.02183698647662805],[162740.6071278258000 162740.6071278258000 162740.6071278258000],Yg,[0.04988827932603723 0.04988827932603723 0.04988827932603723],[0.006380786770254157 0.006380786770254157 0.006380786770254157],[19052.55888325765000 19052.55888325765000 19052.55888325765000],[756250000 756250000 756250000],[2407218.514264917 2407218.514264917 2407218.514264917],Yg,[0 0 0 0],[0 0 0 0],[0 0 0 0],[0 0 0 0],[0 0 0 0],[0 0 0 0],[0 0 0 0],[0 0 0 0],[0 0 0 0],158771.3240271471,19052.55888325765,19052.55888325765,33333333.33333333,50,[0.04841243406284432 0.04841243406284432 0.04841243406284432],[0.0065444877442962 0.0065444877442962 0.0065444877442962],[19052.55888325765000 19052.55888325765000 19052.55888325765000]
xf_4160_4097_4400_2,0.0,Yg,[2.716584743132769 2.716584743132769 2.716584743132769],[0.1407512944746979 0.1407512944746979 0.1407512944746979],[76210.2355330306000 76210.2355330306000 76210.2355330306000],Yg,[0.4946418721376492 0.4946418721376492 0.4946418721376492],[0.009578766209691227 0.009578766209691227 0.009578766209691227],[38105.1177665153000 38105.1177665153000 38105.1177665153000],[174240000 174240000 174240000],[554623.1456866369 554623.1456866369 554623.1456866369],Yg,[0 0 0 0],[0 0 0 0],[0 0 0 0],[0 0 0 0],[0 0 0 0],[0 0 0 0],[0 0 0 0],[0 0 0 0],[0 0 0 0],76210.2355330306,38105.1177665153,6350.852961085884,33333333.33333333,50,[0.0306310101065785 0.0306310101065785 0.0306310101065785],[0.002072735400129739 0.002072735400129739 0.002072735400129739],[6350.852961085884000 6350.852961085884000 6350.852961085884000]
xf_4160_4097_4401_1,0.0,Yg,[2.98309379539564 2.98309379539564 2.98309379539564],[0.1357061471871294 0.1357061471871294 0.1357061471871294],[76210.2355330306000 76210.2355330306000 76210.2355330306000],Yg,[0.4617243235680825 0.4617243235680825 0.4617243235680825],[0.008366557165129254 0.008366557165129254 0.008366557165129254],[38105.1177665153000 38105.1177665153000 38105.1177665153000],[174240000 174240000 174240000],[554623.1456866369 554623.1456866369 554623.1456866369],Yg,[0 0 0 0],[0 0 0 0],[0 0 0 0],[0 0 0 0],[0 0 0 0],[0 0 0 0],[0 0 0 0],[0 0 0 0],[0 0 0 0],76210.2355330306,38105.1177665153,6350.852961085884,33333333.33333333,50,[0.02963490535355246 0.02963490535355246 0.02963490535355246],[0.002063542591393714 0.002063542591393714 0.002063542591393714],[6350.852961085884000 6350.852961085884000 6350.852961085884000]
xf_4166_4356_4491_3,0.0,Yg,[2.659418652358093 2.659418652358093 2.659418652358093],[0.2823950111309108 0.2823950111309108 0.2823950111309108],[76210.2355330306000 76210.2355330306000 76210.2355330306000],Yg,[0.08588918213218674 0.08588918213218674 0.08588918213218674],[0.001518414322091418 0.001518414322091418 0.001518414322091418],[19052.55888325765000 19052.55888325765000 19052.55888325765000],[174240000 174240000 174240000],[554623.1456866369 554623.1456866369 554623.1456866369],Yg,[0 0 0 0],[0 0 0 0],[0 0 0 0],[0 0 0 0],[0 0 0 0],[0 0 0 0],[0 0 0 0],[0 0 0 0],[0 0 0 0],76210.2355330306,19052.55888325765,6350.852961085884,33333333.33333333,50,[0.01932026307210066 0.01932026307210066 0.01932026307210066],[0.0009570358431098628 0.0009570358431098628 0.0009570358431098628],[6350.852961085884000 6350.852961085884000 6350.852961085884000]
xf_4166_4356_4492_4,0.0,Yg,[2.670649643629005 2.670649643629005 2.670649643629005],[0.271995426055113 0.271995426055113 0.271995426055113],[76210.2355330306000 76210.2355330306000 76210.2355330306000],Yg,[0.08945474826338379 0.08945474826338379 0.08945474826338379],[0.0009667222559225495 0.0009667222559225495 0.0009667222559225495],[19052.55888325765000 19052.55888325765000 19052.55888325765000],[174240000 174240000 174240000],[554623.1456866369 554623.1456866369 554623.1456866369],Yg,[0 0 0 0],[0 0 0 0],[0 0 0 0],[0 0 0 0],[0 0 0 0],[0 0 0 0],[0 0 0 0],[0 0 0 0],[0 0 0 0],76210.2355330306,19052.55888325765,6350.852961085884,33333333.33333333,50,[0.02145277457719209 0.02145277457719209 0.02145277457719209],[0.001037637625490149 0.001037637625490149 0.001037637625490149],[6350.852961085884000 6350.852961085884000 6350.852961085884000]
xf_4186_4230_4494_1,0.0,Yg,[0.7101727007260508 0.7101727007260508 0.7101727007260508],[0.07484833617922923 0.07484833617922923 0.07484833617922923],[77543.91465485864000 77543.91465485864000 77543.91465485864000],Yg,[0.1091876406608325 0.1091876406608325 0.1091876406608325],[0.00138536396755306 0.00138536396755306 0.00138536396755306],[38105.1177665153000 38105.1177665153000 38105.1177665153000],[174240000 174240000 174240000],[554623.1456866369 554623.1456866369 554623.1456866369],Yg,[0 0 0 0],[0 0 0 0],[0 0 0 0],[0 0 0 0],[0 0 0 0],[0 0 0 0],[0 0 0 0],[0 0 0 0],[0 0 0 0],76210.2355330306,38105.1177665153,6350.852961085884,33333333.33333333,50,[0.02372187823370979 0.02372187823370979 0.02372187823370979],[0.001097443860325855 0.001097443860325855 0.001097443860325855],[6350.852961085884000 6350.852961085884000 6350.852961085884000]
xf_4187_4230_4495_2,0.0,Yg,[0.4517907311490314 0.4517907311490314 0.4517907311490314],[0.06901402191914241 0.06901402191914241 0.06901402191914241],[77543.91465485864000 77543.91465485864000 77543.91465485864000],Yg,[0.1812805800763904 0.1812805800763904 0.1812805800763904],[0.002871618145729566 0.002871618145729566 0.002871618145729566],[38105.1177665153000 38105.1177665153000 38105.1177665153000],[174240000 174240000 174240000],[554623.1456866369 554623.1456866369 554623.1456866369],Yg,[0 0 0 0],[0 0 0 0],[0 0 0 0],[0 0 0 0],[0 0 0 0],[0 0 0 0],[0 0 0 0],[0 0 0 0],[0 0 0 0],76210.2355330306,38105.1177665153,6350.852961085884,33333333.33333333,50,[0.0266626283357374 0.0266626283357374 0.0266626283357374],[0.001054083784591335 0.001054083784591335 0.001054083784591335],[6350.852961085884000 6350.852961085884000 6350.852961085884000]
xf_4218_4392_4496_1,0.0,Yg,[1.342686839056348 1.342686839056348 1.342686839056348],[0.1558670007586159 0.1558670007586159 0.1558670007586159],[76210.2355330306000 76210.2355330306000 76210.2355330306000],Yg,[0.02691777316655958 0.02691777316655958 0.02691777316655958],[0.0007599414728981607 0.0007599414728981607 0.0007599414728981607],[19052.55888325765000 19052.55888325765000 19052.55888325765000],[174240000 174240000 174240000],[554623.1456866369 554623.1456866369 554623.1456866369],Yg,[0 0 0 0],[0 0 0 0],[0 0 0 0],[0 0 0 0],[0 0 0 0],[0 0 0 0],[0 0 0 0],[0 0 0 0],[0 0 0 0],76210.2355330306,19052.55888325765,6350.852961085884,33333333.33333333,50,[0.02306234162167003 0.02306234162167003 0.02306234162167003],[0.0005835293389582707 0.0005835293389582707 0.0005835293389582707],[6350.852961085884000 6350.852961085884000 6350.852961085884000]
xf_4220_4074_4498_3,0.0,Yg,[2.496996708329283 2.496996708329283 2.496996708329283],[0.1820474599517741 0.1820474599517741 0.1820474599517741],[77537.81783601599000 77537.81783601599000 77537.81783601599000],Yg,[0.1082618530994355 0.1082618530994355 0.1082618530994355],[0.003060666502569861 0.003060666502569861 0.003060666502569861],[19052.55888325765000 19052.55888325765000 19052.55888325765000],[174240000 174240000 174240000],[554623.1456866369 554623.1456866369 554623.1456866369],Yg,[0 0 0 0],[0 0 0 0],[0 0 0 0],[0 0 0 0],[0 0 0 0],[0 0 0 0],[0 0 0 0],[0 0 0 0],[0 0 0 0],76210.2355330306,19052.55888325765,6350.852961085884,33333333.33333333,50,[0.03020128929081968 0.03020128929081968 0.03020128929081968],[0.0006736854229688167 0.0006736854229688167 0.0006736854229688167],[6350.852961085884000 6350.852961085884000 6350.852961085884000]
xf_4220_4074_4499_5,0.0,Yg,[6.52047086319412 6.52047086319412 6.52047086319412],[0.1748170137964708 0.1748170137964708 0.1748170137964708],[77537.81783601599000 77537.81783601599000 77537.81783601599000],Yg,[0.1123500820592694 0.1123500820592694 0.1123500820592694],[0.002122930010895807 0.002122930010895807 0.002122930010895807],[19052.55888325765000 19052.55888325765000 19052.55888325765000],[174240000 174240000 174240000],[554623.1456866369 554623.1456866369 554623.1456866369],Yg,[0 0 0 0],[0 0 0 0],[0 0 0 0],[0 0 0 0],[0 0 0 0],[0 0 0 0],[0 0 0 0],[0 0 0 0],[0 0 0 0],76210.2355330306,19052.55888325765,6350.852961085884,33333333.33333333,50,[0.03029906682987199 0.03029906682987199 0.03029906682987199],[0.0007539298826196517 0.0007539298826196517 0.0007539298826196517],[6350.852961085884000 6350.852961085884000 6350.852961085884000]
xf_4220_4394_4497_1,0.0,Yg,[2.828129370140591 2.828129370140591 2.828129370140591],[0.2066749738959366 0.2066749738959366 0.2066749738959366],[76210.2355330306000 76210.2355330306000 76210.2355330306000],Yg,[0.09915992108265964 0.09915992108265964 0.09915992108265964],[0.002923273110965889 0.002923273110965889 0.002923273110965889],[19052.55888325765000 19052.55888325765000 19052.55888325765000],[174240000 174240000 174240000],[554623.1456866369 554623.1456866369 554623.1456866369],Yg,[0 0 0 0],[0 0 0 0],[0 0 0 0],[0 0 0 0],[0 0 0 0],[0 0 0 0],[0 0 0 0],[0 0 0 0],[0 0 0 0],76210.2355330306,19052.55888325765,6350.852961085884,33333333.33333333,50,[0.03077827195491914 0.03077827195491914 0.03077827195491914],[0.0006736633739164604 0.0006736633739164604 0.0006736633739164604],[6350.852961085884000 6350.852961085884000 6350.852961085884000]
xf_4254_4377_4432_1,0.0,Yg,[0.2531233673436444 0.2531233673436444 0.2531233673436444],[0.02817793599562925 0.02817793599562925 0.02817793599562925],[39057.74571067818000 39057.74571067818000 39057.74571067818000],Yg,[0.1070901882991647 0.1070901882991647 0.1070901882991647],[0.002027016082501167 0.002027016082501167 0.002027016082501167],[19052.55888325765000 19052.55888325765000 19052.55888325765000],[43560000 43560000 43560000],[138655.7864216592 138655.7864216592 138655.7864216592],Yg,[0 0 0 0],[0 0 0 0],[0 0 0 0],[0 0 0 0],[0 0 0 0],[0 0 0 0],[0 0 0 0],[0 0 0 0],[0 0 0 0],38105.1177665153,19052.55888325765,4387.862045841156,33333333.33333333,50,[0.02586480579702422 0.02586480579702422 0.02586480579702422],[0.001038062535912599 0.001038062535912599 0.001038062535912599],[4387.862045841156000 4387.862045841156000 4387.862045841156000]
xf_4257_4379_4434_1,0.0,Yg,[0.2090624105796021 0.2090624105796021 0.2090624105796021],[0.03034551016275039 0.03034551016275039 0.03034551016275039],[38581.43173859673000 38581.43173859673000 38581.43173859673000],Yg,[0.115987406467122 0.115987406467122 0.115987406467122],[0.001607223860851051 0.001607223860851051 0.001607223860851051],[19052.55888325765000 19052.55888325765000 19052.55888325765000],[43560000 43560000 43560000],[138655.7864216592 138655.7864216592 138655.7864216592],Yg,[0 0 0 0],[0 0 0 0],[0 0 0 0],[0 0 0 0],[0 0 0 0],[0 0 0 0],[0 0 0 0],[0 0 0 0],[0 0 0 0],38105.1177665153,19052.55888325765,4387.862045841156,33333333.33333333,50,[0.02794939727615187 0.02794939727615187 0.02794939727615187],[0.001152061493400848 0.001152061493400848 0.001152061493400848],[4387.862045841156000 4387.862045841156000 4387.862045841156000]
xf_4257_4379_4434_2,0.0,Yg,[0.3290860877119764 0.3290860877119764 0.3290860877119764],[0.03366198680322492 0.03366198680322492 0.03366198680322492],[38581.43173859673000 38581.43173859673000 38581.43173859673000],Yg,[0.09438666436561534 0.09438666436561534 0.09438666436561534],[0.0007078103573777995 0.0007078103573777995 0.0007078103573777995],[19052.55888325765000 19052.55888325765000 19052.55888325765000],[43560000 43560000 43560000],[138655.7864216592 138655.7864216592 138655.7864216592],Yg,[0 0 0 0],[0 0 0 0],[0 0 0 0],[0 0 0 0],[0 0 0 0],[0 0 0 0],[0 0 0 0],[0 0 0 0],[0 0 0 0],38105.1177665153,19052.55888325765,4387.862045841156,33333333.33333333,50,[0.02715057658399484 0.02715057658399484 0.02715057658399484],[0.001224184968456054 0.001224184968456054 0.001224184968456054],[4387.862045841156000 4387.862045841156000 4387.862045841156000]
xf_4257_4379_4434_3,0.0,Yg,[0.2434659268703448 0.2434659268703448 0.2434659268703448],[0.03278340638184141 0.03278340638184141 0.03278340638184141],[38581.43173859673000 38581.43173859673000 38581.43173859673000],Yg,[0.1064512329305579 0.1064512329305579 0.1064512329305579],[0.001037631948288849 0.001037631948288849 0.001037631948288849],[19052.55888325765000 19052.55888325765000 19052.55888325765000],[43560000 43560000 43560000],[138655.7864216592 138655.7864216592 138655.7864216592],Yg,[0 0 0 0],[0 0 0 0],[0 0 0 0],[0 0 0 0],[0 0 0 0],[0 0 0 0],[0 0 0 0],[0 0 0 0],[0 0 0 0],38105.1177665153,19052.55888325765,4387.862045841156,33333333.33333333,50,[0.02910347203905821 0.02910347203905821 0.02910347203905821],[0.001144045799944184 0.001144045799944184 0.001144045799944184],[4387.862045841156000 4387.862045841156000 4387.862045841156000]
xf_5087_5175_5176_3,0.0,Yg,[0.4196067877680217 0.4196067877680217 0.4196067877680217],[0.02513021127133367 0.02513021127133367 0.02513021127133367],[64175.36917177286000 64175.36917177286000 64175.36917177286000],Yg,[0.006767067468714057 0.006767067468714057 0.006767067468714057],[0.0004148757521021193 0.0004148757521021193 0.0004148757521021193],[3810.511776651531000 3810.511776651531000 3810.511776651531000],[121000000 121000000 121000000],[385154.9622823868 385154.9622823868 385154.9622823868],Yg,[0 0 0 0],[0 0 0 0],[0 0 0 0],[0 0 0 0],[0 0 0 0],[0 0 0 0],[0 0 0 0],[0 0 0 0],[0 0 0 0],63508.52961085884,3810.51177665153,3810.51177665153,33333333.33333333,50,[0.006257260639270732 0.006257260639270732 0.006257260639270732],[0.0004008681879937511 0.0004008681879937511 0.0004008681879937511],[3810.511776651531000 3810.511776651531000 3810.511776651531000]
xf_5088_5175_5241_4,0.0,Yg,[0.3634067940203586 0.3634067940203586 0.3634067940203586],[0.02109883492361494 0.02109883492361494 0.02109883492361494],[64175.36917177286000 64175.36917177286000 64175.36917177286000],Yg,[0.007385912721398337 0.007385912721398337 0.007385912721398337],[0.0004261087131134287 0.0004261087131134287 0.0004261087131134287],[3810.511776651531000 3810.511776651531000 3810.511776651531000],[121000000 121000000 121000000],[385154.9622823868 385154.9622823868 385154.9622823868],Yg,[0 0 0 0],[0 0 0 0],[0 0 0 0],[0 0 0 0],[0 0 0 0],[0 0 0 0],[0 0 0 0],[0 0 0 0],[0 0 0 0],63508.52961085884,3810.51177665153,3810.51177665153,33333333.33333333,50,[0.007252536156363232 0.007252536156363232 0.007252536156363232],[0.0004304441149169789 0.0004304441149169789 0.0004304441149169789],[3810.511776651531000 3810.511776651531000 3810.511776651531000]
xf_5090_5200_5201_5,0.0,Yg,[0.05970537934331731 0.05970537934331731 0.05970537934331731],[0.03095087378670613 0.03095087378670613 0.03095087378670613],[62732.45537901414000 62732.45537901414000 62732.45537901414000],Yg,[0.0216810795651862 0.0216810795651862 0.0216810795651862],[0.002268424013596208 0.002268424013596208 0.002268424013596208],[6350.852961085884000 6350.852961085884000 6350.852961085884000],[121000000 121000000 121000000],[385154.9622823868 385154.9622823868 385154.9622823868],Yg,[0 0 0 0],[0 0 0 0],[0 0 0 0],[0 0 0 0],[0 0 0 0],[0 0 0 0],[0 0 0 0],[0 0 0 0],[0 0 0 0],63508.52961085884,6350.852961085884,6350.852961085884,33333333.33333333,50,[0.02289881543504423 0.02289881543504423 0.02289881543504423],[0.002209642961924832 0.002209642961924832 0.002209642961924832],[6350.852961085884000 6350.852961085884000 6350.852961085884000]
xf_5090_5200_5201_6,0.0,Yg,[0.1136320063044052 0.1136320063044052 0.1136320063044052],[0.0372357749630744 0.0372357749630744 0.0372357749630744],[61956.38114716945000 61956.38114716945000 61956.38114716945000],Yg,[0.02046240106570867 0.02046240106570867 0.02046240106570867],[0.002123056829406615 0.002123056829406615 0.002123056829406615],[6350.852961085884000 6350.852961085884000 6350.852961085884000],[121000000 121000000 121000000],[385154.9622823868 385154.9622823868 385154.9622823868],Yg,[0 0 0 0],[0 0 0 0],[0 0 0 0],[0 0 0 0],[0 0 0 0],[0 0 0 0],[0 0 0 0],[0 0 0 0],[0 0 0 0],63508.52961085884,6350.852961085884,6350.852961085884,33333333.33333333,50,[0.02199893414147527 0.02199893414147527 0.02199893414147527],[0.002128243586801365 0.002128243586801365 0.002128243586801365],[6350.852961085884000 6350.852961085884000 6350.852961085884000]
xf_5093_5202_5203_1,0.0,Yg,[0.1584189470816754 0.1584189470816754 0.1584189470816754],[0.2018871054136084 0.2018871054136084 0.2018871054136084],[62727.37469664528000 62727.37469664528000 62727.37469664528000],Yg,[0.008892437658446127 0.008892437658446127 0.008892437658446127],[0.001540904160322326 0.001540904160322326 0.001540904160322326],[6350.852961085884000 6350.852961085884000 6350.852961085884000],[121000000 121000000 121000000],[385154.9622823868 385154.9622823868 385154.9622823868],Yg,[0 0 0 0],[0 0 0 0],[0 0 0 0],[0 0 0 0],[0 0 0 0],[0 0 0 0],[0 0 0 0],[0 0 0 0],[0 0 0 0],63508.52961085884,6350.852961085884,6350.852961085884,33333333.33333333,50,[0.008902834985553209 0.008902834985553209 0.008902834985553209],[0.001714301173160658 0.001714301173160658 0.001714301173160658],[6350.852961085884000 6350.852961085884000 6350.852961085884000]
xf_5094_5202_5203_2,0.0,Yg,[0.09726814868282646 0.09726814868282646 0.09726814868282646],[0.199282531173587 0.199282531173587 0.199282531173587],[62727.37469664528000 62727.37469664528000 62727.37469664528000],Yg,[0.009662108419785828 0.009662108419785828 0.009662108419785828],[0.001548849145524437 0.001548849145524437 0.001548849145524437],[6350.852961085884000 6350.852961085884000 6350.852961085884000],[121000000 121000000 121000000],[385154.9622823868 385154.9622823868 385154.9622823868],Yg,[0 0 0 0],[0 0 0 0],[0 0 0 0],[0 0 0 0],[0 0 0 0],[0 0 0 0],[0 0 0 0],[0 0 0 0],[0 0 0 0],63508.52961085884,6350.852961085884,6350.852961085884,33333333.33333333,50,[0.009994114170400834 0.009994114170400834 0.009994114170400834],[0.001617019254049848 0.001617019254049848 0.001617019254049848],[6350.852961085884000 6350.852961085884000 6350.852961085884000]
