elm_loc_name,con_bus1,elm_ushnm,elm_shtype,elm_ccap,elm_rlrea,msc_powermodels_index,elm_desc,elm_ncapx,elm_ncapa,grf_rCenterX,grf_rCenterY,grf_sSymNam,gco_rX,gco_rY
fSH_1209_C1,bus_1164,132.0,2,4.491905743891944,0,24,PowerModels index: 24,1,1,26368.125,39230.625,d_shunt,"[26368.125, 26368.125]","[39230.625, 39248.125]"
fSH_1217_R1,bus_1007,22.0,2,185.675013607114,0,1,PowerModels index: 1,1,1,18935.0,15938.125,d_shunt,"[18935.0, 18935.0]","[15938.125, 15955.625]"
fSH_1606_C1,bus_1166,132.0,2,22.63430811182282,0,25,PowerModels index: 25,1,1,22491.875,26022.5,d_shunt,"[22491.875, 22491.875]","[26022.5, 26040.0]"
fSH_1606_C2,bus_1167,220.0,1,0,4448.488605603634,26,PowerModels index: 26,1,1,21498.75,18921.875,d_shunt,"[21498.75, 21498.75]","[18921.875, 18939.375]"
fSH_1628_C2,bus_1168,132.0,2,7.021351392667542,0,27,PowerModels index: 27,1,1,21691.25,20081.25,d_shunt,"[21691.25, 21691.25]","[20081.25, 20098.75]"
fSH_2000_C2,bus_1169,132.0,1,0,533.7651724785669,28,PowerModels index: 28,1,1,23349.375,26928.125,d_shunt,"[23349.375, 23349.375]","[26928.125, 26945.625]"
fSH_2000_C3,bus_1173,132.0,2,5.629515592163052,0,29,PowerModels index: 29,1,1,27881.875,40250.0,d_shunt,"[27881.875, 27881.875]","[40250.0, 40267.5]"
fSH_2000_R1,bus_1015,0.6899999999999998,1,0,0.6716103192980817,2,PowerModels index: 2,1,1,30065.0,39357.5,d_shunt,"[30065.0, 30065.0]","[39357.5, 39375.0]"
fSH_2000_R2,bus_1016,0.6899999999999998,1,0,0.3867689766669511,3,PowerModels index: 3,1,1,30082.5,39138.75,d_shunt,"[30082.5, 30082.5]","[39138.75, 39156.25]"
fSH_2000_R3,bus_1021,33.0,1,0,295.30928491371924,4,PowerModels index: 4,1,1,29833.125,21840.0,d_shunt,"[29833.125, 29833.125]","[21840.0, 21857.5]"
fSH_2005_C1,bus_1184,132.0,2,15.064146517135153,0,30,PowerModels index: 30,1,1,22036.875,30830.625,d_shunt,"[22036.875, 22036.875]","[30830.625, 30848.125]"
fSH_2006_C2,bus_1185,132.0,2,20.138931733925183,0,31,PowerModels index: 31,1,1,18843.125,31513.125,d_shunt,"[18843.125, 18843.125]","[31513.125, 31530.625]"
fSH_2082_C1,bus_1186,132.0,2,22.652177493830152,0,32,PowerModels index: 32,1,1,20282.5,28975.625,d_shunt,"[20282.5, 20282.5]","[28975.625, 28993.125]"
fSH_2082_C2,bus_1189,132.0,2,21.67068411535262,0,33,PowerModels index: 33,1,1,20995.625,27238.75,d_shunt,"[20995.625, 20995.625]","[27238.75, 27256.25]"
fSH_2082_C3,bus_1190,132.0,2,30.5871019259742,0,34,PowerModels index: 34,1,1,20116.25,31128.125,d_shunt,"[20116.25, 20116.25]","[31128.125, 31145.625]"
fSH_2112_C1,bus_1191,132.0,2,29.345180322409682,0,35,PowerModels index: 35,1,1,19175.625,30887.5,d_shunt,"[19175.625, 19175.625]","[30887.5, 30905.0]"
fSH_2168_C1,bus_1198,132.0,2,10.88696911874272,0,36,PowerModels index: 36,1,1,20111.875,32112.5,d_shunt,"[20111.875, 20111.875]","[32112.5, 32130.0]"
fSH_2203_R1,bus_1033,11.0,2,342.91706804567735,0,5,PowerModels index: 5,1,1,22006.25,22513.75,d_shunt,"[22006.25, 22006.25]","[22513.75, 22531.25]"
fSH_2203_R2,bus_1048,22.0,2,0.4105286382880403,0,6,PowerModels index: 6,1,1,21013.125,22688.75,d_shunt,"[21013.125, 21013.125]","[22688.75, 22706.25]"
fSH_2205_R1,bus_1054,22.0,1,0,393.9602709808045,7,PowerModels index: 7,1,1,19206.25,15688.75,d_shunt,"[19206.25, 19206.25]","[15688.75, 15706.25]"
fSH_2205_R2,bus_1055,22.0,1,0,418.56819368434833,8,PowerModels index: 8,1,1,18948.125,15741.25,d_shunt,"[18948.125, 18948.125]","[15741.25, 15758.75]"
fSH_2246_C1,bus_1199,132.0,2,14.426711706922472,0,37,PowerModels index: 37,1,1,21931.875,21301.875,d_shunt,"[21931.875, 21931.875]","[21301.875, 21319.375]"
fSH_2246_R1,bus_1056,11.0,1,0,83.81379560243718,9,PowerModels index: 9,1,1,22133.125,21306.25,d_shunt,"[22133.125, 22133.125]","[21306.25, 21323.75]"
fSH_2247_C2,bus_1205,132.0,2,3.5271728525760024,0,38,PowerModels index: 38,1,1,18410.0,27943.125,d_shunt,"[18410.0, 18410.0]","[27943.125, 27960.625]"
fSH_2247_R2,bus_1062,12.0,1,0,111.88822076120968,10,PowerModels index: 10,1,1,20899.375,22723.75,d_shunt,"[20899.375, 20899.375]","[22723.75, 22741.25]"
fSH_2248_C1,bus_1209,66.0,2,4.53632224637448,0,39,PowerModels index: 39,1,1,28647.5,22299.375,d_shunt,"[28647.5, 28647.5]","[22299.375, 22316.875]"
fSH_2348_C3,bus_1217,220.0,1,0,6088.822982837585,40,PowerModels index: 40,1,1,19705.0,16340.625,d_shunt,"[19705.0, 19705.0]","[16340.625, 16358.125]"
fSH_2355_C1,bus_1221,132.0,2,28.154662198632057,0,41,PowerModels index: 41,1,1,23218.125,27260.625,d_shunt,"[23218.125, 23218.125]","[27260.625, 27278.125]"
fSH_2355_C2,bus_1222,220.0,1,0,2841.08558585596,42,PowerModels index: 42,1,1,20256.25,16603.125,d_shunt,"[20256.25, 20256.25]","[16603.125, 16620.625]"
fSH_2355_C3,bus_1228,132.0,2,2.2589628871248015,0,43,PowerModels index: 43,1,1,16848.125,27951.875,d_shunt,"[16848.125, 16848.125]","[27951.875, 27969.375]"
fSH_3007_C1,bus_1255,132.0,2,21.314578272884063,0,44,PowerModels index: 44,1,1,26446.875,23454.375,d_shunt,"[26446.875, 26446.875]","[23454.375, 23471.875]"
fSH_3020_C1,bus_1318,33.0,2,46.28526733826164,0,45,PowerModels index: 45,1,1,20741.875,19158.125,d_shunt,"[20741.875, 20741.875]","[19158.125, 19175.625]"
fSH_3029_C2,bus_1409,132.0,1,0,559.0562369990962,46,PowerModels index: 46,1,1,17635.625,28625.625,d_shunt,"[17635.625, 17635.625]","[28625.625, 28643.125]"
fSH_3049_C2,bus_1436,33.0,1,0,249.698908335521,47,PowerModels index: 47,1,1,14857.5,27877.5,d_shunt,"[14857.5, 14857.5]","[27877.5, 27895.0]"
fSH_3193_C1,bus_1525,33.0,1,0,25.13032088903326,48,PowerModels index: 48,1,1,20921.25,29907.5,d_shunt,"[20921.25, 20921.25]","[29907.5, 29925.0]"
fSH_3228_C2,bus_1565,33.0,2,44.23771588733563,0,49,PowerModels index: 49,1,1,24456.25,24469.375,d_shunt,"[24456.25, 24456.25]","[24469.375, 24486.875]"
fSH_3303_C2,bus_1568,66.0,2,7.550060324979463,0,50,PowerModels index: 50,1,1,17815.0,28389.375,d_shunt,"[17815.0, 17815.0]","[28389.375, 28406.875]"
fSH_3304_C1,bus_1591,66.0,2,5.926303471075002,0,51,PowerModels index: 51,1,1,27173.125,40035.625,d_shunt,"[27173.125, 27173.125]","[40035.625, 40053.125]"
fSH_3320_C1,bus_1622,66.0,2,5.781147919828688,0,52,PowerModels index: 52,1,1,27816.25,39178.125,d_shunt,"[27816.25, 27816.25]","[39178.125, 39195.625]"
fSH_3331_C2,bus_1623,66.0,2,9.147785297459787,0,53,PowerModels index: 53,1,1,26228.125,37318.75,d_shunt,"[26228.125, 26228.125]","[37318.75, 37336.25]"
fSH_3331_C7,bus_1625,66.0,2,5.868156270818532,0,54,PowerModels index: 54,1,1,19245.625,28704.375,d_shunt,"[19245.625, 19245.625]","[28704.375, 28721.875]"
fSH_3335_C6,bus_1626,66.0,2,6.9469621915422985,0,55,PowerModels index: 55,1,1,19363.75,27063.75,d_shunt,"[19363.75, 19363.75]","[27063.75, 27081.25]"
fSH_3336_14,bus_1633,66.0,2,5.839070964758683,0,56,PowerModels index: 56,1,1,26363.75,23690.625,d_shunt,"[26363.75, 26363.75]","[23690.625, 23708.125]"
fSH_3339_C1,bus_1651,66.0,2,14.331711351382237,0,57,PowerModels index: 57,1,1,12871.25,38088.75,d_shunt,"[12871.25, 12871.25]","[38088.75, 38106.25]"
fSH_3347_C2,bus_2000,33.0,1,0,300.30038041038597,58,PowerModels index: 58,1,1,18095.0,8710.625,d_shunt,"[18095.0, 18095.0]","[8710.625, 8728.125]"
fSH_3351_C1,bus_2005,33.0,2,59.35506929229999,0,59,PowerModels index: 59,1,1,18558.75,10521.875,d_shunt,"[18558.75, 18558.75]","[10521.875, 10539.375]"
fSH_3355_C2,bus_2006,33.0,2,55.955259221544765,0,60,PowerModels index: 60,1,1,18501.875,10513.125,d_shunt,"[18501.875, 18501.875]","[10513.125, 10530.625]"
fSH_3361_C6,bus_2072,0.6899999999999998,1,0,0.7593235333611235,61,PowerModels index: 61,1,1,17959.375,9174.375,d_shunt,"[17959.375, 17959.375]","[9174.375, 9191.875]"
fSH_3361_C7,bus_2074,0.65,1,0,0.26458052190420595,62,PowerModels index: 62,1,1,17745.0,12761.875,d_shunt,"[17745.0, 17745.0]","[12761.875, 12779.375]"
fSH_3365_C1,bus_2075,0.65,1,0,0.4521147104929328,63,PowerModels index: 63,1,1,17661.875,12880.0,d_shunt,"[17661.875, 17661.875]","[12880.0, 12897.5]"
fSH_3367_C3,bus_2078,22.0,1,0,2400.526884344997,64,PowerModels index: 64,1,1,15697.5,13750.625,d_shunt,"[15697.5, 15697.5]","[13750.625, 13768.125]"
fSH_3388_C2,bus_2079,22.0,1,0,3822.1321897516896,65,PowerModels index: 65,1,1,15771.875,13746.25,d_shunt,"[15771.875, 15771.875]","[13746.25, 13763.75]"
fSH_3389_C5,bus_2080,22.0,1,0,5715.926594152884,66,PowerModels index: 66,1,1,15723.75,13820.625,d_shunt,"[15723.75, 15723.75]","[13820.625, 13838.125]"
fSH_3396_C1,bus_2081,22.0,1,0,5472.477810421149,67,PowerModels index: 67,1,1,15662.5,13851.25,d_shunt,"[15662.5, 15662.5]","[13851.25, 13868.75]"
fSH_3409_C3,bus_2082,165.0,2,8.772811881110407,0,68,PowerModels index: 68,1,1,18768.75,15128.75,d_shunt,"[18768.75, 18768.75]","[15128.75, 15146.25]"
fSH_3410_C1,bus_2104,220.0,2,13.120131246332468,0,69,PowerModels index: 69,1,1,19757.5,11278.75,d_shunt,"[19757.5, 19757.5]","[11278.75, 11296.25]"
fSH_3505_C1,bus_2111,220.0,2,12.813520153121306,0,70,PowerModels index: 70,1,1,20151.25,11239.375,d_shunt,"[20151.25, 20151.25]","[11239.375, 11256.875]"
fSH_3521_C2,bus_2121,220.0,2,27.002973758514212,0,71,PowerModels index: 71,1,1,21848.75,11873.75,d_shunt,"[21848.75, 21848.75]","[11873.75, 11891.25]"
fSH_3558_R3,bus_1066,330.0,2,11.749292920540647,0,11,PowerModels index: 11,1,1,20776.875,30616.25,d_shunt,"[20776.875, 20776.875]","[30616.25, 30633.75]"
fSH_3561_R3,bus_1083,66.0,1,0,2776.404977404495,12,PowerModels index: 12,1,1,22133.125,21861.875,d_shunt,"[22133.125, 22133.125]","[21861.875, 21879.375]"
fSH_3573_R1,bus_1093,330.0,2,12.043415478614458,0,13,PowerModels index: 13,1,1,20877.5,29404.375,d_shunt,"[20877.5, 20877.5]","[29404.375, 29421.875]"
fSH_3573_R2,bus_1107,330.0,1,0,2232.5340851117776,14,PowerModels index: 14,1,1,18016.25,29207.5,d_shunt,"[18016.25, 18016.25]","[29207.5, 29225.0]"
fSH_3591_R1,bus_1109,330.0,1,0,5577.397445740925,15,PowerModels index: 15,1,1,22443.75,39869.375,d_shunt,"[22443.75, 22443.75]","[39869.375, 39886.875]"
fSH_3642_C2,bus_2128,220.0,2,9.409816102437686,0,72,PowerModels index: 72,1,1,19293.75,12639.375,d_shunt,"[19293.75, 19293.75]","[12639.375, 12656.875]"
fSH_4001_C1,bus_2146,220.0,2,13.081755748953967,0,73,PowerModels index: 73,1,1,19831.875,12425.0,d_shunt,"[19831.875, 19831.875]","[12425.0, 12442.5]"
fSH_4096_C4,bus_2164,220.0,2,13.100613724264875,0,74,PowerModels index: 74,1,1,21879.375,12845.0,d_shunt,"[21879.375, 21879.375]","[12845.0, 12862.5]"
fSH_4131_C1,bus_2168,220.0,2,12.652595795144919,0,75,PowerModels index: 75,1,1,21529.375,13251.875,d_shunt,"[21529.375, 21529.375]","[13251.875, 13269.375]"
fSH_4185_C1,bus_2170,220.0,2,12.910711929075637,0,76,PowerModels index: 76,1,1,21306.25,15203.125,d_shunt,"[21306.25, 21306.25]","[15203.125, 15220.625]"
fSH_4260_C1,bus_2191,330.0,1,0,2285.55134913633,77,PowerModels index: 77,1,1,21043.75,21004.375,d_shunt,"[21043.75, 21043.75]","[21004.375, 21021.875]"
fSH_4351_C1,bus_2203,500.0,1,0,3829.1145624216,78,PowerModels index: 78,1,1,18445.0,14940.625,d_shunt,"[18445.0, 18445.0]","[14940.625, 14958.125]"
fSH_4356_R1,bus_1116,330.0,1,0,3462.604971218667,16,PowerModels index: 16,1,1,26486.25,39493.125,d_shunt,"[26486.25, 26486.25]","[39493.125, 39510.625]"
fSH_4356_R2,bus_1140,330.0,1,0,1403.8172028279387,17,PowerModels index: 17,1,1,21415.625,28153.125,d_shunt,"[21415.625, 21415.625]","[28153.125, 28170.625]"
fSH_4359_R2,bus_1146,330.0,2,6.475839215639817,0,18,PowerModels index: 18,1,1,22439.375,34378.75,d_shunt,"[22439.375, 22439.375]","[34378.75, 34396.25]"
fSH_4360_R1,bus_1149,330.0,2,5.616635616296547,0,19,PowerModels index: 19,1,1,20965.0,32191.25,d_shunt,"[20965.0, 20965.0]","[32191.25, 32208.75]"
fSH_4363_C5,bus_2205,500.0,1,0,4009.6291013819728,79,PowerModels index: 79,1,1,16253.125,15461.25,d_shunt,"[16253.125, 16253.125]","[15461.25, 15478.75]"
fSH_4367_C3,bus_2220,66.0,2,35.99337879504418,0,80,PowerModels index: 80,1,1,19525.625,13973.75,d_shunt,"[19525.625, 19525.625]","[13973.75, 13991.25]"
fSH_4367_C6,bus_2231,66.0,2,37.393410511614505,0,81,PowerModels index: 81,1,1,21923.125,11392.5,d_shunt,"[21923.125, 21923.125]","[11392.5, 11410.0]"
fSH_4368_C2,bus_2232,66.0,2,31.701149193602745,0,82,PowerModels index: 82,1,1,21870.625,11392.5,d_shunt,"[21870.625, 21870.625]","[11392.5, 11410.0]"
fSH_4368_C5,bus_2241,66.0,2,33.33503453042036,0,83,PowerModels index: 83,1,1,22636.25,11480.0,d_shunt,"[22636.25, 22636.25]","[11480.0, 11497.5]"
fSH_4369_C1,bus_2243,66.0,2,22.28442739185917,0,84,PowerModels index: 84,1,1,19263.125,13781.25,d_shunt,"[19263.125, 19263.125]","[13781.25, 13798.75]"
fSH_4369_C4,bus_2246,33.0,1,0,10379.177636947557,85,PowerModels index: 85,1,1,24412.5,9248.75,d_shunt,"[24412.5, 24412.5]","[9248.75, 9266.25]"
fSH_4372_R1,bus_1155,330.0,1,0,3395.1267355843866,20,PowerModels index: 20,1,1,19416.25,28765.625,d_shunt,"[19416.25, 19416.25]","[28765.625, 28783.125]"
fSH_4373_C1,bus_2247,33.0,2,3.854783534782705,0,86,PowerModels index: 86,1,1,24517.5,9550.625,d_shunt,"[24517.5, 24517.5]","[9550.625, 9568.125]"
fSH_4373_R1,bus_1159,132.0,2,14.629310452049433,0,21,PowerModels index: 21,1,1,25768.75,38841.25,d_shunt,"[25768.75, 25768.75]","[38841.25, 38858.75]"
fSH_4395_C1,bus_2248,66.0,2,37.69481122930247,0,87,PowerModels index: 87,1,1,19915.0,12057.5,d_shunt,"[19915.0, 19915.0]","[12057.5, 12075.0]"
fSH_4396_C2,bus_2273,66.0,2,32.52979150372351,0,88,PowerModels index: 88,1,1,21520.625,12866.875,d_shunt,"[21520.625, 21520.625]","[12866.875, 12884.375]"
fSH_4397_C3,bus_2279,66.0,2,31.769369996430243,0,89,PowerModels index: 89,1,1,22321.25,10635.625,d_shunt,"[22321.25, 22321.25]","[10635.625, 10653.125]"
fSH_4400_R1,bus_1161,33.0,1,0,26.461041077438978,22,PowerModels index: 22,1,1,21393.75,28350.0,d_shunt,"[21393.75, 21393.75]","[28350.0, 28367.5]"
fSH_4401_R2,bus_1163,132.0,1,0,560.816149840628,23,PowerModels index: 23,1,1,23751.875,26853.75,d_shunt,"[23751.875, 23751.875]","[26853.75, 26871.25]"
fSH_4440_C1,bus_2280,66.0,2,17.742090348302046,0,90,PowerModels index: 90,1,1,18471.25,11445.0,d_shunt,"[18471.25, 18471.25]","[11445.0, 11462.5]"
fSH_4498_C2,bus_2284,66.0,2,38.21502416670081,0,91,PowerModels index: 91,1,1,21896.875,13374.375,d_shunt,"[21896.875, 21896.875]","[13374.375, 13391.875]"
fSH_4499_C3,bus_2289,66.0,2,34.23833031336262,0,92,PowerModels index: 92,1,1,21345.625,14144.375,d_shunt,"[21345.625, 21345.625]","[14144.375, 14161.875]"
shunt_branch_1015_bus_3539,bus_3539,132.0,2,2.0934489166251513,0,NA,PowerModels index: NA,1,1,23625.0,48461.875,d_shunt,"[23625.0, 23625.0]","[48461.875, 48479.375]"
shunt_branch_1015_bus_3617,bus_3617,275.0,2,0.4823306303904349,0,NA,PowerModels index: NA,1,1,22715.0,47849.375,d_shunt,"[22715.0, 22715.0]","[47849.375, 47866.875]"
shunt_branch_1020_bus_3652,bus_3652,330.0,2,1.0e-7,0,NA,PowerModels index: NA,1410065407,122796,18790.625,41746.25,d_shunt,"[18790.625, 18790.625]","[41746.25, 41763.75]"
shunt_branch_1020_bus_3656,bus_3656,19.0,2,1.0e-7,0,NA,PowerModels index: NA,1410065407,37042987,19661.25,41860.0,d_shunt,"[19661.25, 19661.25]","[41860.0, 41877.5]"
shunt_branch_1066_bus_4160,bus_4160,132.0,2,0.14083977700478853,0,NA,PowerModels index: NA,1,1,1675.625,21608.125,d_shunt,"[1675.625, 1675.625]","[21608.125, 21625.625]"
shunt_branch_1066_bus_4347,bus_4347,33.0,2,2.2534364320766165,0,NA,PowerModels index: NA,1,1,1036.875,21109.375,d_shunt,"[1036.875, 1036.875]","[21109.375, 21126.875]"
shunt_branch_1077_bus_4171,bus_4171,132.0,2,0.031247115541204466,0,NA,PowerModels index: NA,1,1,6195.0,23270.625,d_shunt,"[6195.0, 6195.0]","[23270.625, 23288.125]"
shunt_branch_1077_bus_4366,bus_4366,33.0,2,0.49995384865927145,0,NA,PowerModels index: NA,1,1,5670.0,23642.5,d_shunt,"[5670.0, 5670.0]","[23642.5, 23660.0]"
shunt_branch_113_bus_1159,bus_1159,132.0,2,1.0e-7,0,NA,PowerModels index: NA,1410065407,6448736,25777.5,38841.25,d_shunt,"[25777.5, 25777.5]","[38841.25, 38858.75]"
shunt_branch_113_bus_1334,bus_1334,132.0,2,1.0e-7,0,NA,PowerModels index: NA,1410065407,6448736,26446.875,38351.25,d_shunt,"[26446.875, 26446.875]","[38351.25, 38368.75]"
shunt_branch_1167_bus_4267,bus_4267,66.0,2,0.1114310922729056,0,NA,PowerModels index: NA,1,1,8264.375,14647.5,d_shunt,"[8264.375, 8264.375]","[14647.5, 14665.0]"
shunt_branch_1167_bus_4443,bus_4443,11.0,2,4.011519321824602,0,NA,PowerModels index: NA,1,1,7665.0,13803.125,d_shunt,"[7665.0, 7665.0]","[13803.125, 13820.625]"
shunt_branch_1171_bus_4276,bus_4276,66.0,2,0.007411392233319283,0,NA,PowerModels index: NA,1,1,8728.125,18016.25,d_shunt,"[8728.125, 8728.125]","[18016.25, 18033.75]"
shunt_branch_1171_bus_4454,bus_4454,11.0,2,0.26681012039949425,0,NA,PowerModels index: NA,1,1,8365.0,17517.5,d_shunt,"[8365.0, 8365.0]","[17517.5, 17535.0]"
shunt_branch_1204_bus_4147,bus_4147,275.0,2,0.024893819934712055,0,NA,PowerModels index: NA,1,1,10421.25,17609.375,d_shunt,"[10421.25, 10421.25]","[17609.375, 17626.875]"
shunt_branch_1204_bus_4261,bus_4261,66.0,2,0.4321843738665287,0,NA,PowerModels index: NA,1,1,11007.5,14822.5,d_shunt,"[11007.5, 11007.5]","[14822.5, 14840.0]"
shunt_branch_1252_bus_5019,bus_5019,11.0,2,1.7811412634124362,0,NA,PowerModels index: NA,1,1,24491.25,1343.125,d_shunt,"[24491.25, 24491.25]","[1343.125, 1360.625]"
shunt_branch_1252_bus_5077,bus_5077,110.0,2,0.01781141263412436,0,NA,PowerModels index: NA,1,1,23983.75,1811.25,d_shunt,"[23983.75, 23983.75]","[1811.25, 1828.75]"
shunt_branch_1282_bus_5100,bus_5100,110.0,2,0.044479948499670595,0,NA,PowerModels index: NA,1,1,23275.0,2410.625,d_shunt,"[23275.0, 23275.0]","[2410.625, 2428.125]"
shunt_branch_1282_bus_5213,bus_5213,22.0,2,1.111998712491765,0,NA,PowerModels index: NA,1,1,22885.625,2165.625,d_shunt,"[22885.625, 22885.625]","[2165.625, 2183.125]"
shunt_branch_1312_bus_5149,bus_5149,220.0,2,0.16306578186971296,0,NA,PowerModels index: NA,1,1,22855.0,5166.875,d_shunt,"[22855.0, 22855.0]","[5166.875, 5184.375]"
shunt_branch_1312_bus_5229,bus_5229,11.0,2,65.22631274788519,0,NA,PowerModels index: NA,1,1,22697.5,4843.125,d_shunt,"[22697.5, 22697.5]","[4843.125, 4860.625]"
shunt_branch_1314_bus_5061,bus_5061,110.0,2,0.8332294187940632,0,NA,PowerModels index: NA,1,1,24731.875,4917.5,d_shunt,"[24731.875, 24731.875]","[4917.5, 4935.0]"
shunt_branch_1314_bus_5149,bus_5149,220.0,2,0.2083073546985158,0,NA,PowerModels index: NA,1,1,22863.75,5166.875,d_shunt,"[22863.75, 22863.75]","[5166.875, 5184.375]"
shunt_branch_1329_bus_5039,bus_5039,16.0,2,5.457719589838579,0,NA,PowerModels index: NA,1,1,21787.5,4221.875,d_shunt,"[21787.5, 21787.5]","[4221.875, 4239.375]"
shunt_branch_1329_bus_5169,bus_5169,220.0,2,0.028867277169394134,0,NA,PowerModels index: NA,1,1,22400.0,4471.25,d_shunt,"[22400.0, 22400.0]","[4471.25, 4488.75]"
shunt_branch_1330_bus_5041,bus_5041,16.0,2,5.348966352476435,0,NA,PowerModels index: NA,1,1,21958.125,4217.5,d_shunt,"[21958.125, 21958.125]","[4217.5, 4235.0]"
shunt_branch_1330_bus_5169,bus_5169,220.0,2,0.028292053434586097,0,NA,PowerModels index: NA,1,1,22408.75,4471.25,d_shunt,"[22408.75, 22408.75]","[4471.25, 4488.75]"
shunt_branch_1339_bus_1234,bus_1234,132.0,2,0.00035022312021022,0,NA,PowerModels index: NA,1,1,17937.5,30931.25,d_shunt,"[17937.5, 17937.5]","[30931.25, 30948.75]"
shunt_branch_1339_bus_1647,bus_1647,11.0,2,0.05043212931027169,0,NA,PowerModels index: NA,1,1,17053.75,31325.0,d_shunt,"[17053.75, 17053.75]","[31325.0, 31342.5]"
shunt_branch_1344_bus_1385,bus_1385,132.0,2,8.883455003613014e-5,0,NA,PowerModels index: NA,1,1,27286.875,38727.5,d_shunt,"[27286.875, 27286.875]","[38727.5, 38745.0]"
shunt_branch_1344_bus_1607,bus_1607,33.0,2,0.0014213528005780822,0,NA,PowerModels index: NA,1,1,29067.5,38985.625,d_shunt,"[29067.5, 29067.5]","[38985.625, 39003.125]"
shunt_branch_1367_bus_3319,bus_3319,110.0,2,0.0025769156328969652,0,NA,PowerModels index: NA,1,1,15115.625,47013.75,d_shunt,"[15115.625, 15115.625]","[47013.75, 47031.25]"
shunt_branch_1367_bus_3320,bus_3320,33.0,2,0.02863239592107739,0,NA,PowerModels index: NA,1,1,15111.25,47254.375,d_shunt,"[15111.25, 15111.25]","[47254.375, 47271.875]"
shunt_branch_1369_bus_3344,bus_3344,110.0,2,0.0002509167263477009,0,NA,PowerModels index: NA,1,1,16576.875,42625.625,d_shunt,"[16576.875, 16576.875]","[42625.625, 42643.125]"
shunt_branch_1369_bus_3347,bus_3347,33.0,2,0.002787963626085566,0,NA,PowerModels index: NA,1,1,16716.875,42756.875,d_shunt,"[16716.875, 16716.875]","[42756.875, 42774.375]"
shunt_branch_140_bus_1177,bus_1177,132.0,2,0.1877097900802214,0,NA,PowerModels index: NA,1,1,20978.125,25309.375,d_shunt,"[20978.125, 20978.125]","[25309.375, 25326.875]"
shunt_branch_140_bus_1383,bus_1383,33.0,2,3.0033566412835424,0,NA,PowerModels index: NA,1,1,19595.625,24171.875,d_shunt,"[19595.625, 19595.625]","[24171.875, 24189.375]"
shunt_branch_1454_bus_1111,bus_1111,330.0,2,1.0e-7,0,NA,PowerModels index: NA,1410065407,39739,18803.75,30143.75,d_shunt,"[18803.75, 18803.75]","[30143.75, 30161.25]"
shunt_branch_1454_bus_1234,bus_1234,132.0,2,1.0e-7,0,NA,PowerModels index: NA,1410065407,248369,17946.25,30931.25,d_shunt,"[17946.25, 17946.25]","[30931.25, 30948.75]"
shunt_branch_1468_bus_1117,bus_1117,330.0,2,1.0e-7,0,NA,PowerModels index: NA,1410065407,42084,21140.0,29325.625,d_shunt,"[21140.0, 21140.0]","[29325.625, 29343.125]"
shunt_branch_1468_bus_1252,bus_1252,132.0,2,1.0e-7,0,NA,PowerModels index: NA,1410065407,263024,21643.125,29837.5,d_shunt,"[21643.125, 21643.125]","[29837.5, 29855.0]"
shunt_branch_1545_bus_1158,bus_1158,330.0,2,1.0e-7,0,NA,PowerModels index: NA,1410065407,78512382,22763.125,24136.875,d_shunt,"[22763.125, 22763.125]","[24136.875, 24154.375]"
shunt_branch_1545_bus_1206,bus_1206,132.0,2,1.0e-7,0,NA,PowerModels index: NA,1410065407,490702388,21612.5,23393.125,d_shunt,"[21612.5, 21612.5]","[23393.125, 23410.625]"
shunt_branch_1751_bus_2101,bus_2101,132.0,2,0.15734297434576583,0,NA,PowerModels index: NA,1,1,17985.625,12735.625,d_shunt,"[17985.625, 17985.625]","[12735.625, 12753.125]"
shunt_branch_1751_bus_2106,bus_2106,220.0,2,0.0566434707644757,0,NA,PowerModels index: NA,1,1,18445.0,13759.375,d_shunt,"[18445.0, 18445.0]","[13759.375, 13776.875]"
shunt_branch_1817_bus_2143,bus_2143,220.0,2,0.012517217313582641,0,NA,PowerModels index: NA,1,1,23248.75,10823.75,d_shunt,"[23248.75, 23248.75]","[10823.75, 10841.25]"
shunt_branch_1817_bus_2262,bus_2262,66.0,2,0.13908019237314045,0,NA,PowerModels index: NA,1,1,23511.25,9686.25,d_shunt,"[23511.25, 23511.25]","[9686.25, 9703.75]"
shunt_branch_1937_bus_2066,bus_2066,11.0,2,1.4276680637725394,0,NA,PowerModels index: NA,1,1,23839.375,8610.0,d_shunt,"[23839.375, 23839.375]","[8610.0, 8627.5]"
shunt_branch_1937_bus_2311,bus_2311,22.0,2,0.35691701594313485,0,NA,PowerModels index: NA,1,1,24023.125,8540.0,d_shunt,"[24023.125, 24023.125]","[8540.0, 8557.5]"
shunt_branch_195_bus_1149,bus_1149,330.0,2,1.0e-7,0,NA,PowerModels index: NA,1410065407,306505,20973.75,32191.25,d_shunt,"[20973.75, 20973.75]","[32191.25, 32208.75]"
shunt_branch_195_bus_1463,bus_1463,132.0,2,1.0e-7,0,NA,PowerModels index: NA,1410065407,1915654,20881.875,32921.875,d_shunt,"[20881.875, 20881.875]","[32921.875, 32939.375]"
shunt_branch_1964_bus_3029,bus_3029,33.0,2,0.12215520835741422,0,NA,PowerModels index: NA,1,1,12228.125,47468.75,d_shunt,"[12228.125, 12228.125]","[47468.75, 47486.25]"
shunt_branch_1964_bus_3072,bus_3072,132.0,2,0.007634700522338389,0,NA,PowerModels index: NA,1,1,12770.625,46939.375,d_shunt,"[12770.625, 12770.625]","[46939.375, 46956.875]"
shunt_branch_1969_bus_3038,bus_3038,11.0,2,1.0e-7,0,NA,PowerModels index: NA,1410065407,6519524,10298.75,50605.625,d_shunt,"[10298.75, 10298.75]","[50605.625, 50623.125]"
shunt_branch_1969_bus_3220,bus_3220,132.0,2,1.0e-7,0,NA,PowerModels index: NA,1410065407,45281,9948.75,50868.125,d_shunt,"[9948.75, 9948.75]","[50868.125, 50885.625]"
shunt_branch_1976_bus_3046,bus_3046,66.0,2,1.0e-7,0,NA,PowerModels index: NA,1410065407,3745060,13475.0,52793.125,d_shunt,"[13475.0, 13475.0]","[52793.125, 52810.625]"
shunt_branch_1976_bus_3482,bus_3482,132.0,2,1.0e-7,0,NA,PowerModels index: NA,1410065407,936265,13492.5,52115.0,d_shunt,"[13492.5, 13492.5]","[52115.0, 52132.5]"
shunt_branch_2011_bus_3089,bus_3089,132.0,2,0.024558080695959973,0,NA,PowerModels index: NA,1,1,10587.5,61210.625,d_shunt,"[10587.5, 10587.5]","[61210.625, 61228.125]"
shunt_branch_2011_bus_3449,bus_3449,11.0,2,3.5363636202182365,0,NA,PowerModels index: NA,1,1,10285.625,62304.375,d_shunt,"[10285.625, 10285.625]","[62304.375, 62321.875]"
shunt_branch_2057_bus_3176,bus_3176,66.0,2,1.0e-7,0,NA,PowerModels index: NA,1410065407,2249935,13015.625,52915.625,d_shunt,"[13015.625, 13015.625]","[52915.625, 52933.125]"
shunt_branch_2057_bus_3482,bus_3482,132.0,2,1.0e-7,0,NA,PowerModels index: NA,1410065407,562484,13501.25,52115.0,d_shunt,"[13501.25, 13501.25]","[52115.0, 52132.5]"
shunt_branch_2061_bus_3186,bus_3186,66.0,2,1.0e-7,0,NA,PowerModels index: NA,1410065407,291084,11003.125,49398.125,d_shunt,"[11003.125, 11003.125]","[49398.125, 49415.625]"
shunt_branch_2061_bus_3263,bus_3263,132.0,2,1.0e-7,0,NA,PowerModels index: NA,1410065407,72771,11812.5,49288.75,d_shunt,"[11812.5, 11812.5]","[49288.75, 49306.25]"
shunt_branch_2093_bus_3220,bus_3220,132.0,2,0.009122233875531868,0,NA,PowerModels index: NA,1,1,9957.5,50868.125,d_shunt,"[9957.5, 9957.5]","[50868.125, 50885.625]"
shunt_branch_2093_bus_3251,bus_3251,33.0,2,0.1459557420085099,0,NA,PowerModels index: NA,1,1,9493.75,51489.375,d_shunt,"[9493.75, 9493.75]","[51489.375, 51506.875]"
shunt_branch_2106_bus_3323,bus_3323,33.0,2,1.1913522952267606,0,NA,PowerModels index: NA,1,1,16244.375,41146.875,d_shunt,"[16244.375, 16244.375]","[41146.875, 41164.375]"
shunt_branch_2106_bus_3504,bus_3504,110.0,2,0.10722170657040846,0,NA,PowerModels index: NA,1,1,15693.125,41370.0,d_shunt,"[15693.125, 15693.125]","[41370.0, 41387.5]"
shunt_branch_2113_bus_3339,bus_3339,33.0,2,0.7452988133929869,0,NA,PowerModels index: NA,1,1,16095.625,41864.375,d_shunt,"[16095.625, 16095.625]","[41864.375, 41881.875]"
shunt_branch_2113_bus_3471,bus_3471,110.0,2,0.06707689320536882,0,NA,PowerModels index: NA,1,1,15706.25,42026.25,d_shunt,"[15706.25, 15706.25]","[42026.25, 42043.75]"
shunt_branch_2121_bus_3319,bus_3319,110.0,2,0.18171848658621925,0,NA,PowerModels index: NA,1,1,15124.375,47013.75,d_shunt,"[15124.375, 15124.375]","[47013.75, 47031.25]"
shunt_branch_2121_bus_3351,bus_3351,33.0,2,1.5492541130271862,0,NA,PowerModels index: NA,1,1,15474.375,47193.125,d_shunt,"[15474.375, 15474.375]","[47193.125, 47210.625]"
shunt_branch_2122_bus_3353,bus_3353,33.0,2,1.008077081094771,0,NA,PowerModels index: NA,1,1,16117.5,40149.375,d_shunt,"[16117.5, 16117.5]","[40149.375, 40166.875]"
shunt_branch_2122_bus_3385,bus_3385,110.0,2,0.0907269372985294,0,NA,PowerModels index: NA,1,1,15631.875,40621.875,d_shunt,"[15631.875, 15631.875]","[40621.875, 40639.375]"
shunt_branch_2126_bus_3370,bus_3370,33.0,2,12.181545207318187,0,NA,PowerModels index: NA,1,1,15592.5,48400.625,d_shunt,"[15592.5, 15592.5]","[48400.625, 48418.125]"
shunt_branch_2126_bus_3382,bus_3382,110.0,2,1.096339068658637,0,NA,PowerModels index: NA,1,1,15430.625,47600.0,d_shunt,"[15430.625, 15430.625]","[47600.0, 47617.5]"
shunt_branch_2172_bus_3314,bus_3314,110.0,2,0.024907343287551693,0,NA,PowerModels index: NA,1,1,14074.375,47302.5,d_shunt,"[14074.375, 14074.375]","[47302.5, 47320.0]"
shunt_branch_2172_bus_3479,bus_3479,132.0,2,0.017296766171910897,0,NA,PowerModels index: NA,1,1,13356.875,46672.5,d_shunt,"[13356.875, 13356.875]","[46672.5, 46690.0]"
shunt_branch_2215_bus_3039,bus_3039,132.0,2,0.005197645201607025,0,NA,PowerModels index: NA,1,1,17998.75,50929.375,d_shunt,"[17998.75, 17998.75]","[50929.375, 50946.875]"
shunt_branch_2215_bus_3573,bus_3573,275.0,2,0.0011975374544502587,0,NA,PowerModels index: NA,1,1,16401.875,48405.0,d_shunt,"[16401.875, 16401.875]","[48405.0, 48422.5]"
shunt_branch_2216_bus_3424,bus_3424,20.0,2,1.0e-7,0,NA,PowerModels index: NA,1410065407,9913756,16891.875,45101.875,d_shunt,"[16891.875, 16891.875]","[45101.875, 45119.375]"
shunt_branch_2216_bus_3568,bus_3568,275.0,2,1.0e-7,0,NA,PowerModels index: NA,1410065407,52436,16327.5,44581.25,d_shunt,"[16327.5, 16327.5]","[44581.25, 44598.75]"
shunt_branch_2218_bus_3430,bus_3430,20.0,2,1.0e-7,0,NA,PowerModels index: NA,1410065407,9895308,17171.875,49026.25,d_shunt,"[17171.875, 17171.875]","[49026.25, 49043.75]"
shunt_branch_2218_bus_3573,bus_3573,275.0,2,1.0e-7,0,NA,PowerModels index: NA,1410065407,52339,16410.625,48405.0,d_shunt,"[16410.625, 16410.625]","[48405.0, 48422.5]"
shunt_branch_2219_bus_3431,bus_3431,20.0,2,1.0e-7,0,NA,PowerModels index: NA,1410065407,8365151,16721.25,49367.5,d_shunt,"[16721.25, 16721.25]","[49367.5, 49385.0]"
shunt_branch_2219_bus_3573,bus_3573,275.0,2,1.0e-7,0,NA,PowerModels index: NA,1410065407,44245,16419.375,48405.0,d_shunt,"[16419.375, 16419.375]","[48405.0, 48422.5]"
shunt_branch_2223_bus_3442,bus_3442,19.5,2,0.9518694167951344,0,NA,PowerModels index: NA,1,1,17049.375,49179.375,d_shunt,"[17049.375, 17049.375]","[49179.375, 49196.875]"
shunt_branch_2223_bus_3573,bus_3573,275.0,2,0.004786093827918675,0,NA,PowerModels index: NA,1,1,16428.125,48405.0,d_shunt,"[16428.125, 16428.125]","[48405.0, 48422.5]"
shunt_branch_2225_bus_3295,bus_3295,21.0,2,1.0e-7,0,NA,PowerModels index: NA,1410065407,326590052,20273.75,46208.75,d_shunt,"[20273.75, 20273.75]","[46208.75, 46226.25]"
shunt_branch_2225_bus_3607,bus_3607,275.0,2,1.0e-7,0,NA,PowerModels index: NA,1410065407,1904479,19455.625,45679.375,d_shunt,"[19455.625, 19455.625]","[45679.375, 45696.875]"
shunt_branch_2248_bus_3329,bus_3329,132.0,2,0.02135954061071997,0,NA,PowerModels index: NA,1,1,10399.375,61005.0,d_shunt,"[10399.375, 10399.375]","[61005.0, 61022.5]"
shunt_branch_2248_bus_3331,bus_3331,22.0,2,0.7689434619859191,0,NA,PowerModels index: NA,1,1,10399.375,61425.0,d_shunt,"[10399.375, 10399.375]","[61425.0, 61442.5]"
shunt_branch_2250_bus_3087,bus_3087,22.0,2,0.2038939910515997,0,NA,PowerModels index: NA,1,1,10246.25,61110.0,d_shunt,"[10246.25, 10246.25]","[61110.0, 61127.5]"
shunt_branch_2250_bus_3329,bus_3329,132.0,2,0.005663721973655547,0,NA,PowerModels index: NA,1,1,10408.125,61005.0,d_shunt,"[10408.125, 10408.125]","[61005.0, 61022.5]"
shunt_branch_230_bus_1207,bus_1207,132.0,2,0.006848099340592601,0,NA,PowerModels index: NA,1,1,23611.875,36010.625,d_shunt,"[23611.875, 23611.875]","[36010.625, 36028.125]"
shunt_branch_230_bus_1563,bus_1563,33.0,2,0.10956958944948161,0,NA,PowerModels index: NA,1,1,24075.625,36710.625,d_shunt,"[24075.625, 24075.625]","[36710.625, 36728.125]"
shunt_branch_2340_bus_4150,bus_4150,275.0,2,0.0202089709701722,0,NA,PowerModels index: NA,1,1,7813.75,21179.375,d_shunt,"[7813.75, 7813.75]","[21179.375, 21196.875]"
shunt_branch_2340_bus_4189,bus_4189,132.0,2,0.08771254761359461,0,NA,PowerModels index: NA,1,1,7875.0,22680.0,d_shunt,"[7875.0, 7875.0]","[22680.0, 22697.5]"
shunt_branch_2388_bus_4198,bus_4198,132.0,2,0.128164302591808,0,NA,PowerModels index: NA,1,1,5985.0,26241.25,d_shunt,"[5985.0, 5985.0]","[26241.25, 26258.75]"
shunt_branch_2388_bus_4423,bus_4423,1.0,2,2233.134808359663,0,NA,PowerModels index: NA,1,1,5250.0,27173.125,d_shunt,"[5250.0, 5250.0]","[27173.125, 27190.625]"
shunt_branch_2498_bus_4276,bus_4276,66.0,2,0.021170827935682285,0,NA,PowerModels index: NA,1,1,8736.875,18016.25,d_shunt,"[8736.875, 8736.875]","[18016.25, 18033.75]"
shunt_branch_2498_bus_4453,bus_4453,11.0,2,0.7621498056845623,0,NA,PowerModels index: NA,1,1,8063.125,17788.75,d_shunt,"[8063.125, 8063.125]","[17788.75, 17806.25]"
shunt_branch_2535_bus_4261,bus_4261,66.0,2,0.37202968623548516,0,NA,PowerModels index: NA,1,1,11016.25,14822.5,d_shunt,"[11016.25, 11016.25]","[14822.5, 14840.0]"
shunt_branch_2535_bus_4468,bus_4468,11.0,2,13.393068704477468,0,NA,PowerModels index: NA,1,1,11458.125,15023.75,d_shunt,"[11458.125, 11458.125]","[15023.75, 15041.25]"
shunt_branch_2636_bus_5020,bus_5020,11.0,2,1.3142702365111134,0,NA,PowerModels index: NA,1,1,24167.5,1833.125,d_shunt,"[24167.5, 24167.5]","[1833.125, 1850.625]"
shunt_branch_2636_bus_5223,bus_5223,110.0,2,0.013142702365111133,0,NA,PowerModels index: NA,1,1,23432.5,2148.125,d_shunt,"[23432.5, 23432.5]","[2148.125, 2165.625]"
shunt_branch_2637_bus_5021,bus_5021,11.0,2,0.1160363364251868,0,NA,PowerModels index: NA,1,1,23931.25,1719.375,d_shunt,"[23931.25, 23931.25]","[1719.375, 1736.875]"
shunt_branch_2637_bus_5223,bus_5223,110.0,2,0.001160363364251868,0,NA,PowerModels index: NA,1,1,23441.25,2148.125,d_shunt,"[23441.25, 23441.25]","[2148.125, 2165.625]"
shunt_branch_2695_bus_5136,bus_5136,110.0,2,0.06338671374626666,0,NA,PowerModels index: NA,1,1,20658.75,525.0,d_shunt,"[20658.75, 20658.75]","[525.0, 542.5]"
shunt_branch_2695_bus_5222,bus_5222,11.0,2,6.338671374626665,0,NA,PowerModels index: NA,1,1,20195.0,65.625,d_shunt,"[20195.0, 20195.0]","[65.625, 83.125]"
shunt_branch_2704_bus_5010,bus_5010,13.8,2,26.874553871206565,0,NA,PowerModels index: NA,1,1,22386.875,4900.0,d_shunt,"[22386.875, 22386.875]","[4900.0, 4917.5]"
shunt_branch_2704_bus_5149,bus_5149,220.0,2,0.10574359585191279,0,NA,PowerModels index: NA,1,1,22872.5,5166.875,d_shunt,"[22872.5, 22872.5]","[5166.875, 5184.375]"
shunt_branch_2722_bus_5028,bus_5028,11.0,2,4.766637345878514,0,NA,PowerModels index: NA,1,1,19709.375,2038.75,d_shunt,"[19709.375, 19709.375]","[2038.75, 2056.25]"
shunt_branch_2722_bus_5159,bus_5159,220.0,2,0.011916593364696283,0,NA,PowerModels index: NA,1,1,20488.125,2401.875,d_shunt,"[20488.125, 20488.125]","[2401.875, 2419.375]"
shunt_branch_2732_bus_5040,bus_5040,16.0,2,5.278930885797415,0,NA,PowerModels index: NA,1,1,21665.0,4510.625,d_shunt,"[21665.0, 21665.0]","[4510.625, 4528.125]"
shunt_branch_2732_bus_5169,bus_5169,220.0,2,0.02792161790834996,0,NA,PowerModels index: NA,1,1,22417.5,4471.25,d_shunt,"[22417.5, 22417.5]","[4471.25, 4488.75]"
shunt_branch_280_bus_1247,bus_1247,132.0,2,0.06298581532941641,0,NA,PowerModels index: NA,1,1,22741.25,19652.5,d_shunt,"[22741.25, 22741.25]","[19652.5, 19670.0]"
shunt_branch_280_sb_1588_1327_1068_2,sb_1588_1327_1068_2,66.0,2,0.25194326131766565,0,NA,PowerModels index: NA,1,1,23100.0,18799.375,d_shunt,"[23100.0, 23100.0]","[18799.375, 18816.875]"
shunt_branch_3084_bus_3332,bus_3332,132.0,2,1.0e-7,0,NA,PowerModels index: NA,1410065407,319010417,8645.0,59718.75,d_shunt,"[8645.0, 8645.0]","[59718.75, 59736.25]"
shunt_branch_3084_bus_3584,bus_3584,275.0,2,1.0e-7,0,NA,PowerModels index: NA,1410065407,73500000,11213.125,58336.25,d_shunt,"[11213.125, 11213.125]","[58336.25, 58353.75]"
shunt_branch_3086_bus_3225,bus_3225,132.0,2,1.0e-7,0,NA,PowerModels index: NA,1410065407,123697917,8999.375,59403.75,d_shunt,"[8999.375, 8999.375]","[59403.75, 59421.25]"
shunt_branch_3086_bus_3583,bus_3583,275.0,2,1.0e-7,0,NA,PowerModels index: NA,1410065407,28500000,13680.625,40836.25,d_shunt,"[13680.625, 13680.625]","[40836.25, 40853.75]"
shunt_branch_3093_bus_3432,bus_3432,132.0,2,1.0e-7,0,NA,PowerModels index: NA,1410065407,221354167,12455.625,52959.375,d_shunt,"[12455.625, 12455.625]","[52959.375, 52976.875]"
shunt_branch_3093_bus_3557,bus_3557,275.0,2,1.0e-7,0,NA,PowerModels index: NA,1410065407,51000000,14161.875,51196.25,d_shunt,"[14161.875, 14161.875]","[51196.25, 51213.75]"
shunt_branch_3100_bus_3573,bus_3573,275.0,2,1.0e-7,0,NA,PowerModels index: NA,1410065407,198347107,16436.875,48405.0,d_shunt,"[16436.875, 16436.875]","[48405.0, 48422.5]"
shunt_branch_3100_bus_Q9,bus_Q9,500.0,2,1.0e-7,0,NA,PowerModels index: NA,1410065407,60000000,16485.0,48448.75,d_shunt,"[16485.0, 16485.0]","[48448.75, 48466.25]"
shunt_branch_3104_bus_2200,bus_2200,500.0,2,1.0e-7,0,NA,PowerModels index: NA,1410065407,27300000,16590.0,16266.25,d_shunt,"[16590.0, 16590.0]","[16266.25, 16283.75]"
shunt_branch_3104_bus_4101,bus_4101,275.0,2,1.0e-7,0,NA,PowerModels index: NA,1410065407,90247934,14713.125,18051.25,d_shunt,"[14713.125, 14713.125]","[18051.25, 18068.75]"
shunt_branch_3115_bus_4107,bus_4107,275.0,2,3.5249999999999995,0,NA,PowerModels index: NA,1,1,5582.5,22001.875,d_shunt,"[5582.5, 5582.5]","[22001.875, 22019.375]"
shunt_branch_3115_bus_4182,bus_4182,132.0,2,15.299479166666663,0,NA,PowerModels index: NA,1,1,3373.125,22824.375,d_shunt,"[3373.125, 3373.125]","[22824.375, 22841.875]"
shunt_branch_3122_bus_5131,bus_5131,110.0,2,7.199999999999999,0,NA,PowerModels index: NA,1,1,23266.25,2502.5,d_shunt,"[23266.25, 23266.25]","[2502.5, 2520.0]"
shunt_branch_3122_bus_T2,bus_T2,220.0,2,1.7999999999999998,0,NA,PowerModels index: NA,1,1,23331.875,2546.25,d_shunt,"[23331.875, 23331.875]","[2546.25, 2563.75]"
shunt_branch_3137_bus_2105,bus_2105,220.0,2,1.0e-7,0,NA,PowerModels index: NA,1410065407,309917355,18965.625,13335.0,d_shunt,"[18965.625, 18965.625]","[13335.0, 13352.5]"
shunt_branch_3137_bus_2200,bus_2200,500.0,2,1.0e-7,0,NA,PowerModels index: NA,1410065407,60000000,16598.75,16266.25,d_shunt,"[16598.75, 16598.75]","[16266.25, 16283.75]"
shunt_branch_3162_bus_1097,bus_1097,500.0,2,1.0e-7,0,NA,PowerModels index: NA,1410065407,92850000,21258.125,28739.375,d_shunt,"[21258.125, 21258.125]","[28739.375, 28756.875]"
shunt_branch_3162_bus_1206,bus_1206,132.0,2,1.0e-7,0,NA,PowerModels index: NA,1410065407,1332214187,21621.25,23393.125,d_shunt,"[21621.25, 21621.25]","[23393.125, 23410.625]"
shunt_branch_365_bus_1354,bus_1354,132.0,2,0.20407270815327508,0,NA,PowerModels index: NA,1,1,16152.5,30870.0,d_shunt,"[16152.5, 16152.5]","[30870.0, 30887.5]"
shunt_branch_365_bus_1624,bus_1624,11.0,2,29.386469974071613,0,NA,PowerModels index: NA,1,1,15330.0,30865.625,d_shunt,"[15330.0, 15330.0]","[30865.625, 30883.125]"
shunt_branch_371_bus_1360,bus_1360,132.0,2,0.21855356423203115,0,NA,PowerModels index: NA,1,1,31180.625,41995.625,d_shunt,"[31180.625, 31180.625]","[41995.625, 42013.125]"
shunt_branch_371_bus_1596,bus_1596,66.0,2,0.8742142569281246,0,NA,PowerModels index: NA,1,1,30856.875,41518.75,d_shunt,"[30856.875, 30856.875]","[41518.75, 41536.25]"
shunt_branch_37_bus_1022,bus_1022,16.0,2,4.313879037958619,0,NA,PowerModels index: NA,1,1,24202.5,25357.5,d_shunt,"[24202.5, 24202.5]","[25357.5, 25375.0]"
shunt_branch_37_bus_1114,bus_1114,330.0,2,0.010140982862418792,0,NA,PowerModels index: NA,1,1,23178.75,25637.5,d_shunt,"[23178.75, 23178.75]","[25637.5, 25655.0]"
shunt_branch_445_bus_1015,bus_1015,0.6899999999999998,2,12868.766399994232,0,NA,PowerModels index: NA,1,1,30073.75,39357.5,d_shunt,"[30073.75, 30073.75]","[39357.5, 39375.0]"
shunt_branch_445_bus_1607,bus_1607,33.0,2,5.626097045947889,0,NA,PowerModels index: NA,1,1,29076.25,38985.625,d_shunt,"[29076.25, 29076.25]","[38985.625, 39003.125]"
shunt_branch_446_bus_1016,bus_1016,0.6899999999999998,2,14995.28814411022,0,NA,PowerModels index: NA,1,1,30091.25,39138.75,d_shunt,"[30091.25, 30091.25]","[39138.75, 39156.25]"
shunt_branch_446_bus_1607,bus_1607,33.0,2,6.555791263003555,0,NA,PowerModels index: NA,1,1,29085.0,38985.625,d_shunt,"[29085.0, 29085.0]","[38985.625, 39003.125]"
shunt_branch_474_bus_2014,bus_2014,15.5,2,37.56979235340288,0,NA,PowerModels index: NA,1,1,21844.375,15601.25,d_shunt,"[21844.375, 21844.375]","[15601.25, 15618.75]"
shunt_branch_474_bus_2107,bus_2107,220.0,2,0.18649054985340996,0,NA,PowerModels index: NA,1,1,21971.25,16034.375,d_shunt,"[21971.25, 21971.25]","[16034.375, 16051.875]"
shunt_branch_492_bus_2143,bus_2143,220.0,2,1.0e-7,0,NA,PowerModels index: NA,1410065407,449557,23257.5,10823.75,d_shunt,"[23257.5, 23257.5]","[10823.75, 10841.25]"
shunt_branch_492_bus_2199,bus_2199,500.0,2,1.0e-7,0,NA,PowerModels index: NA,1410065407,84521,22216.25,14201.25,d_shunt,"[22216.25, 22216.25]","[14201.25, 14218.75]"
shunt_branch_505_bus_2175,bus_2175,132.0,2,0.08933552423138172,0,NA,PowerModels index: NA,1,1,17084.375,14551.25,d_shunt,"[17084.375, 17084.375]","[14551.25, 14568.75]"
shunt_branch_505_bus_2342,bus_2342,33.0,2,1.4293683877021075,0,NA,PowerModels index: NA,1,1,16585.625,13348.125,d_shunt,"[16585.625, 16585.625]","[13348.125, 13365.625]"
shunt_branch_514_bus_2164,bus_2164,220.0,2,1.0e-7,0,NA,PowerModels index: NA,1410065407,197021,21888.125,12845.0,d_shunt,"[21888.125, 21888.125]","[12845.0, 12862.5]"
shunt_branch_514_bus_2206,bus_2206,500.0,2,1.0e-7,0,NA,PowerModels index: NA,1410065407,38143,21651.875,13921.25,d_shunt,"[21651.875, 21651.875]","[13921.25, 13938.75]"
shunt_branch_588_bus_2065,bus_2065,11.0,2,12.740039401729838,0,NA,PowerModels index: NA,1,1,23804.375,9616.25,d_shunt,"[23804.375, 23804.375]","[9616.25, 9633.75]"
shunt_branch_588_bus_2260,bus_2260,66.0,2,0.35388998338138433,0,NA,PowerModels index: NA,1,1,23786.875,10351.25,d_shunt,"[23786.875, 23786.875]","[10351.25, 10368.75]"
shunt_branch_589_bus_2066,bus_2066,11.0,2,11.970341854024085,0,NA,PowerModels index: NA,1,1,23848.125,8610.0,d_shunt,"[23848.125, 23848.125]","[8610.0, 8627.5]"
shunt_branch_589_bus_2262,bus_2262,66.0,2,0.3325094959451134,0,NA,PowerModels index: NA,1,1,23520.0,9686.25,d_shunt,"[23520.0, 23520.0]","[9686.25, 9703.75]"
shunt_branch_604_bus_3016,bus_3016,33.0,2,1.0e-7,0,NA,PowerModels index: NA,1410065407,22766515,13733.125,42310.625,d_shunt,"[13733.125, 13733.125]","[42310.625, 42328.125]"
shunt_branch_604_bus_3074,bus_3074,110.0,2,1.0e-7,0,NA,PowerModels index: NA,1410065407,2048986,13632.5,41483.75,d_shunt,"[13632.5, 13632.5]","[41483.75, 41501.25]"
shunt_branch_681_bus_3088,bus_3088,132.0,2,0.023555240097306966,0,NA,PowerModels index: NA,1,1,10220.0,61009.375,d_shunt,"[10220.0, 10220.0]","[61009.375, 61026.875]"
shunt_branch_681_bus_3448,bus_3448,11.0,2,3.3919545740122037,0,NA,PowerModels index: NA,1,1,9633.75,61871.25,d_shunt,"[9633.75, 9633.75]","[61871.25, 61888.75]"
shunt_branch_704_bus_3108,bus_3108,132.0,2,0.06138383327215859,0,NA,PowerModels index: NA,1,1,14783.125,55142.5,d_shunt,"[14783.125, 14783.125]","[55142.5, 55160.0]"
shunt_branch_704_bus_3659,bus_3659,33.0,2,0.9821413323545375,0,NA,PowerModels index: NA,1,1,15251.25,55899.375,d_shunt,"[15251.25, 15251.25]","[55899.375, 55916.875]"
shunt_branch_715_bus_3128,bus_3128,132.0,2,0.00538089256483433,0,NA,PowerModels index: NA,1,1,12223.75,58633.75,d_shunt,"[12223.75, 12223.75]","[58633.75, 58651.25]"
shunt_branch_715_bus_3292,bus_3292,22.0,2,0.19371213233403592,0,NA,PowerModels index: NA,1,1,11838.75,59517.5,d_shunt,"[11838.75, 11838.75]","[59517.5, 59535.0]"
shunt_branch_735_bus_3147,bus_3147,66.0,2,0.1091243270271634,0,NA,PowerModels index: NA,1,1,14188.125,59583.125,d_shunt,"[14188.125, 14188.125]","[59583.125, 59600.625]"
shunt_branch_735_bus_3209,bus_3209,132.0,2,0.02728108175679085,0,NA,PowerModels index: NA,1,1,13951.875,58668.75,d_shunt,"[13951.875, 13951.875]","[58668.75, 58686.25]"
shunt_branch_786_bus_3267,bus_3267,66.0,2,0.032854947899768824,0,NA,PowerModels index: NA,1,1,13558.125,60650.625,d_shunt,"[13558.125, 13558.125]","[60650.625, 60668.125]"
shunt_branch_786_bus_3463,bus_3463,10.5,2,1.2981056966112745,0,NA,PowerModels index: NA,1,1,13755.0,61713.75,d_shunt,"[13755.0, 13755.0]","[61713.75, 61731.25]"
shunt_branch_816_bus_3466,bus_3466,33.0,2,0.17697619664444347,0,NA,PowerModels index: NA,1,1,10968.125,41803.125,d_shunt,"[10968.125, 10968.125]","[41803.125, 41820.625]"
shunt_branch_816_bus_3625,bus_3625,110.0,2,0.01592785769799991,0,NA,PowerModels index: NA,1,1,12044.375,41737.5,d_shunt,"[12044.375, 12044.375]","[41737.5, 41755.0]"
shunt_branch_821_bus_3263,bus_3263,132.0,2,0.0609004719011159,0,NA,PowerModels index: NA,1,1,11821.25,49288.75,d_shunt,"[11821.25, 11821.25]","[49288.75, 49306.25]"
shunt_branch_821_bus_3604,bus_3604,275.0,2,0.014031468726017106,0,NA,PowerModels index: NA,1,1,13085.625,49651.875,d_shunt,"[13085.625, 13085.625]","[49651.875, 49669.375]"
shunt_branch_851_bus_3312,bus_3312,110.0,2,0.008896143258757587,0,NA,PowerModels index: NA,1,1,13960.625,47280.625,d_shunt,"[13960.625, 13960.625]","[47280.625, 47298.125]"
shunt_branch_851_bus_3316,bus_3316,33.0,2,0.09884603620841763,0,NA,PowerModels index: NA,1,1,13737.5,47993.75,d_shunt,"[13737.5, 13737.5]","[47993.75, 48011.25]"
shunt_branch_852_bus_3312,bus_3312,110.0,2,0.08438954775310674,0,NA,PowerModels index: NA,1,1,13969.375,47280.625,d_shunt,"[13969.375, 13969.375]","[47280.625, 47298.125]"
shunt_branch_852_bus_3479,bus_3479,132.0,2,0.05860385260632412,0,NA,PowerModels index: NA,1,1,13365.625,46672.5,d_shunt,"[13365.625, 13365.625]","[46672.5, 46690.0]"
shunt_branch_863_bus_3351,bus_3351,33.0,2,0.9957764534355272,0,NA,PowerModels index: NA,1,1,15483.125,47193.125,d_shunt,"[15483.125, 15483.125]","[47193.125, 47210.625]"
shunt_branch_863_bus_3354,bus_3354,110.0,2,0.08961988080919746,0,NA,PowerModels index: NA,1,1,15343.125,47061.875,d_shunt,"[15343.125, 15343.125]","[47061.875, 47079.375]"
shunt_branch_880_bus_3392,bus_3392,33.0,2,0.2849993832114752,0,NA,PowerModels index: NA,1,1,13033.125,43085.0,d_shunt,"[13033.125, 13033.125]","[43085.0, 43102.5]"
shunt_branch_880_bus_3534,bus_3534,110.0,2,0.025649944489032774,0,NA,PowerModels index: NA,1,1,13702.5,43128.75,d_shunt,"[13702.5, 13702.5]","[43128.75, 43146.25]"
shunt_branch_927_bus_3344,bus_3344,110.0,2,1.0e-7,0,NA,PowerModels index: NA,1410065407,4391969,16585.625,42625.625,d_shunt,"[16585.625, 16585.625]","[42625.625, 42643.125]"
shunt_branch_927_bus_3545,bus_3545,275.0,2,1.0e-7,0,NA,PowerModels index: NA,1410065407,702715,15172.5,42546.875,d_shunt,"[15172.5, 15172.5]","[42546.875, 42564.375]"
shunt_branch_942_bus_3421,bus_3421,15.75,2,1.0e-7,0,NA,PowerModels index: NA,1410065407,53685838,13212.5,50531.25,d_shunt,"[13212.5, 13212.5]","[50531.25, 50548.75]"
shunt_branch_942_bus_3550,bus_3550,275.0,2,1.0e-7,0,NA,PowerModels index: NA,1410065407,176098,13781.25,50190.0,d_shunt,"[13781.25, 13781.25]","[50190.0, 50207.5]"
shunt_branch_943_bus_3422,bus_3422,15.75,2,1.0e-7,0,NA,PowerModels index: NA,1410065407,44696947,13593.125,50645.0,d_shunt,"[13593.125, 13593.125]","[50645.0, 50662.5]"
shunt_branch_943_bus_3550,bus_3550,275.0,2,1.0e-7,0,NA,PowerModels index: NA,1410065407,146613,13790.0,50190.0,d_shunt,"[13790.0, 13790.0]","[50190.0, 50207.5]"
shunt_branch_945_bus_3477,bus_3477,132.0,2,0.18294788175855983,0,NA,PowerModels index: NA,1,1,13321.875,49586.25,d_shunt,"[13321.875, 13321.875]","[49586.25, 49603.75]"
shunt_branch_945_bus_3598,bus_3598,275.0,2,0.042151191957172186,0,NA,PowerModels index: NA,1,1,14673.75,48820.625,d_shunt,"[14673.75, 14673.75]","[48820.625, 48838.125]"
shunt_branch_969_bus_3490,bus_3490,275.0,2,1.0e-7,0,NA,PowerModels index: NA,1410065407,8745653,15955.625,42490.0,d_shunt,"[15955.625, 15955.625]","[42490.0, 42507.5]"
shunt_branch_969_bus_3652,bus_3652,330.0,2,1.0e-7,0,NA,PowerModels index: NA,1410065407,6073370,18799.375,41746.25,d_shunt,"[18799.375, 18799.375]","[41746.25, 41763.75]"
shunt_branch_972_bus_3496,bus_3496,110.0,2,1.0e-7,0,NA,PowerModels index: NA,1410065407,9168997,13663.125,44178.75,d_shunt,"[13663.125, 13663.125]","[44178.75, 44196.25]"
shunt_branch_972_bus_3593,bus_3593,275.0,2,1.0e-7,0,NA,PowerModels index: NA,1410065407,1467040,15128.75,43850.625,d_shunt,"[15128.75, 15128.75]","[43850.625, 43868.125]"
shunt_branch_973_bus_3425,bus_3425,20.0,2,1.0e-7,0,NA,PowerModels index: NA,1410065407,11208504,16629.375,45469.375,d_shunt,"[16629.375, 16629.375]","[45469.375, 45486.875]"
shunt_branch_973_bus_3568,bus_3568,275.0,2,1.0e-7,0,NA,PowerModels index: NA,1410065407,59285,16336.25,44581.25,d_shunt,"[16336.25, 16336.25]","[44581.25, 44598.75]"
shunt_branch_974_bus_3423,bus_3423,20.0,2,1.0e-7,0,NA,PowerModels index: NA,1410065407,8857787,16751.875,45316.25,d_shunt,"[16751.875, 16751.875]","[45316.25, 45333.75]"
shunt_branch_974_bus_3568,bus_3568,275.0,2,1.0e-7,0,NA,PowerModels index: NA,1410065407,46851,16345.0,44581.25,d_shunt,"[16345.0, 16345.0]","[44581.25, 44598.75]"
shunt_branch_975_bus_3426,bus_3426,20.0,2,1.0e-7,0,NA,PowerModels index: NA,1410065407,16184118,16301.25,45473.75,d_shunt,"[16301.25, 16301.25]","[45473.75, 45491.25]"
shunt_branch_975_bus_3568,bus_3568,275.0,2,1.0e-7,0,NA,PowerModels index: NA,1410065407,85602,16353.75,44581.25,d_shunt,"[16353.75, 16353.75]","[44581.25, 44598.75]"
swSH_1015,bus_2290,66.0,2,32.4895125533085,0,93,PowerModels index: 93,1,1,21354.375,13986.875,d_shunt,"[21354.375, 21354.375]","[13986.875, 14004.375]"
swSH_1016,bus_2291,66.0,2,33.11015695103292,0,94,PowerModels index: 94,1,1,20737.5,11633.125,d_shunt,"[20737.5, 20737.5]","[11633.125, 11650.625]"
swSH_1021,bus_2313,22.0,1,0,1450.8697305172004,95,PowerModels index: 95,1,1,18033.75,9515.625,d_shunt,"[18033.75, 18033.75]","[9515.625, 9533.125]"
swSH_1033,bus_3471,110.0,2,40.01865012591596,0,149,PowerModels index: 149,1,1,15715.0,42026.25,d_shunt,"[15715.0, 15715.0]","[42026.25, 42043.75]"
swSH_1048,bus_3477,132.0,2,42.293958526811444,0,150,PowerModels index: 150,1,1,13330.625,49586.25,d_shunt,"[13330.625, 13330.625]","[49586.25, 49603.75]"
swSH_1054,bus_2315,22.0,2,53.03346155750202,0,96,PowerModels index: 96,1,1,18799.375,15001.875,d_shunt,"[18799.375, 18799.375]","[15001.875, 15019.375]"
swSH_1055,bus_2348,33.0,2,197.82059448530737,0,97,PowerModels index: 97,1,1,15894.375,14555.625,d_shunt,"[15894.375, 15894.375]","[14555.625, 14573.125]"
swSH_1062,bus_3000,132.0,1,0,6461.827246798623,99,PowerModels index: 99,1,1,17036.25,53226.25,d_shunt,"[17036.25, 17036.25]","[53226.25, 53243.75]"
swSH_1083,bus_3001,132.0,1,0,5241.7868369813605,100,PowerModels index: 100,1,1,13781.25,54241.25,d_shunt,"[13781.25, 13781.25]","[54241.25, 54258.75]"
swSH_1093,bus_3479,132.0,2,18.24504428047725,0,151,PowerModels index: 151,1,1,13374.375,46672.5,d_shunt,"[13374.375, 13374.375]","[46672.5, 46690.0]"
swSH_1107,bus_3002,132.0,1,0,10146.067528401472,101,PowerModels index: 101,1,1,12460.0,54989.375,d_shunt,"[12460.0, 12460.0]","[54989.375, 55006.875]"
swSH_1109,bus_3007,33.0,2,14.86788652247748,0,102,PowerModels index: 102,1,1,11637.5,41860.0,d_shunt,"[11637.5, 11637.5]","[41860.0, 41877.5]"
swSH_1116,bus_3020,33.0,2,57.40831255531815,0,103,PowerModels index: 103,1,1,14406.875,47875.625,d_shunt,"[14406.875, 14406.875]","[47875.625, 47893.125]"
swSH_1141,bus_3029,33.0,2,29.504337946020595,0,104,PowerModels index: 104,1,1,12236.875,47468.75,d_shunt,"[12236.875, 12236.875]","[47468.75, 47486.25]"
swSH_1144,bus_3496,110.0,2,12.789191975603623,0,152,PowerModels index: 152,1,1,13671.875,44178.75,d_shunt,"[13671.875, 13671.875]","[44178.75, 44196.25]"
swSH_1146,bus_3504,110.0,2,13.608930672160364,0,153,PowerModels index: 153,1,1,15701.875,41370.0,d_shunt,"[15701.875, 15701.875]","[41370.0, 41387.5]"
swSH_1149,bus_3505,33.0,2,59.98515712524241,0,154,PowerModels index: 154,1,1,15868.125,41400.625,d_shunt,"[15868.125, 15868.125]","[41400.625, 41418.125]"
swSH_1155,bus_3049,33.0,2,58.14416981082227,0,105,PowerModels index: 105,1,1,15400.0,42721.875,d_shunt,"[15400.0, 15400.0]","[42721.875, 42739.375]"
swSH_1159,bus_3517,19.1,1,0,60.24408841800385,155,PowerModels index: 155,1,1,10675.0,58572.5,d_shunt,"[10675.0, 10675.0]","[58572.5, 58590.0]"
swSH_1161,bus_3054,132.0,2,3.719200368888206,0,106,PowerModels index: 106,1,1,18326.875,51988.125,d_shunt,"[18326.875, 18326.875]","[51988.125, 52005.625]"
swSH_1164,bus_3519,110.0,2,13.556885570992257,0,156,PowerModels index: 156,1,1,13930.0,43408.75,d_shunt,"[13930.0, 13930.0]","[43408.75, 43426.25]"
swSH_1165,bus_3520,33.0,2,55.55427091496461,0,157,PowerModels index: 157,1,1,13706.875,43706.25,d_shunt,"[13706.875, 13706.875]","[43706.25, 43723.75]"
swSH_1166,bus_3543,275.0,2,5.265953547357816,0,158,PowerModels index: 158,1,1,14805.0,45285.625,d_shunt,"[14805.0, 14805.0]","[45285.625, 45303.125]"
swSH_1167,bus_3070,33.0,2,45.990001010654495,0,107,PowerModels index: 107,1,1,14765.625,56153.125,d_shunt,"[14765.625, 14765.625]","[56153.125, 56170.625]"
swSH_1168,bus_3545,275.0,2,5.100569314002495,0,159,PowerModels index: 159,1,1,15181.25,42546.875,d_shunt,"[15181.25, 15181.25]","[42546.875, 42564.375]"
swSH_1169,bus_3074,110.0,2,25.66747168237838,0,108,PowerModels index: 108,1,1,13641.25,41483.75,d_shunt,"[13641.25, 13641.25]","[41483.75, 41501.25]"
swSH_1184,bus_3549,275.0,2,4.894568895523386,0,160,PowerModels index: 160,1,1,13798.75,48216.875,d_shunt,"[13798.75, 13798.75]","[48216.875, 48234.375]"
swSH_1185,bus_3558,275.0,1,0,1711.1015035574565,161,PowerModels index: 161,1,1,13995.625,53121.25,d_shunt,"[13995.625, 13995.625]","[53121.25, 53138.75]"
swSH_1186,bus_3560,275.0,2,5.148126794353179,0,162,PowerModels index: 162,1,1,15242.5,44410.625,d_shunt,"[15242.5, 15242.5]","[44410.625, 44428.125]"
swSH_1189,bus_3561,275.0,1,0,1269.0672679033296,163,PowerModels index: 163,1,1,12341.875,57041.25,d_shunt,"[12341.875, 12341.875]","[57041.25, 57058.75]"
swSH_1190,bus_3569,275.0,1,0,4800.0670435566335,164,PowerModels index: 164,1,1,14721.875,51677.5,d_shunt,"[14721.875, 14721.875]","[51677.5, 51695.0]"
swSH_1191,bus_3573,275.0,1,0,3999.377474959504,165,PowerModels index: 165,1,1,16445.625,48405.0,d_shunt,"[16445.625, 16445.625]","[48405.0, 48422.5]"
swSH_1198,bus_3584,275.0,1,0,3928.0303483382268,166,PowerModels index: 166,1,1,11221.875,58336.25,d_shunt,"[11221.875, 11221.875]","[58336.25, 58353.75]"
swSH_1199,bus_3589,275.0,2,5.152346061393181,0,167,PowerModels index: 167,1,1,14564.375,41610.625,d_shunt,"[14564.375, 14564.375]","[41610.625, 41628.125]"
swSH_1205,bus_3591,275.0,1,0,3001.789661764409,168,PowerModels index: 168,1,1,13129.375,55168.75,d_shunt,"[13129.375, 13129.375]","[55168.75, 55186.25]"
swSH_1214,bus_3596,275.0,1,0,11369.959078287553,169,PowerModels index: 169,1,1,11003.125,59360.0,d_shunt,"[11003.125, 11003.125]","[59360.0, 59377.5]"
swSH_1221,bus_3597,275.0,1,0,12140.426777604242,170,PowerModels index: 170,1,1,10955.0,59351.25,d_shunt,"[10955.0, 10955.0]","[59351.25, 59368.75]"
swSH_1222,bus_3075,33.0,2,54.290849147869416,0,109,PowerModels index: 109,1,1,13304.375,41461.875,d_shunt,"[13304.375, 13304.375]","[41461.875, 41479.375]"
swSH_1411,bus_3076,66.0,2,14.507982143582462,0,110,PowerModels index: 110,1,1,13667.5,59132.5,d_shunt,"[13667.5, 13667.5]","[59132.5, 59150.0]"
swSH_1436,bus_3087,22.0,2,45.89679235421681,0,111,PowerModels index: 111,1,1,10255.0,61110.0,d_shunt,"[10255.0, 10255.0]","[61110.0, 61127.5]"
swSH_1511,bus_3096,132.0,2,9.446542842153256,0,112,PowerModels index: 112,1,1,13374.375,58069.375,d_shunt,"[13374.375, 13374.375]","[58069.375, 58086.875]"
swSH_1525,bus_3149,132.0,2,1.1394046843840389,0,113,PowerModels index: 113,1,1,15977.5,53296.25,d_shunt,"[15977.5, 15977.5]","[53296.25, 53313.75]"
swSH_1541,bus_3150,132.0,2,1.633015434624635,0,114,PowerModels index: 114,1,1,17850.0,52806.25,d_shunt,"[17850.0, 17850.0]","[52806.25, 52823.75]"
swSH_1565,bus_3598,275.0,2,10.142736336283276,0,171,PowerModels index: 171,1,1,14682.5,48820.625,d_shunt,"[14682.5, 14682.5]","[48820.625, 48838.125]"
swSH_1568,bus_3633,110.0,2,25.761632892637557,0,172,PowerModels index: 172,1,1,12796.875,40171.25,d_shunt,"[12796.875, 12796.875]","[40171.25, 40188.75]"
swSH_1586,bus_3642,66.0,2,11.34624521472142,0,173,PowerModels index: 173,1,1,13475.0,59723.125,d_shunt,"[13475.0, 13475.0]","[59723.125, 59740.625]"
swSH_1591,bus_3650,330.0,1,0,2884.644138366896,174,PowerModels index: 174,1,1,20628.125,41496.875,d_shunt,"[20628.125, 20628.125]","[41496.875, 41514.375]"
swSH_1606,bus_4001,11.0,2,171.51991348878238,0,175,PowerModels index: 175,1,1,8710.625,19223.75,d_shunt,"[8710.625, 8710.625]","[19223.75, 19241.25]"
swSH_1622,bus_4004,0.4,1,0,0.5202004181299247,176,PowerModels index: 176,1,1,840.0,20930.0,d_shunt,"[840.0, 840.0]","[20930.0, 20947.5]"
swSH_1623,bus_4014,0.48,2,23809.320422102737,0,177,PowerModels index: 177,1,1,4453.75,20706.875,d_shunt,"[4453.75, 4453.75]","[20706.875, 20724.375]"
swSH_1625,bus_4015,0.48,2,23771.57137013508,0,178,PowerModels index: 178,1,1,4410.0,20619.375,d_shunt,"[4410.0, 4410.0]","[20619.375, 20636.875]"
swSH_1626,bus_4016,0.48,2,15272.846959778071,0,179,PowerModels index: 179,1,1,4396.875,21008.75,d_shunt,"[4396.875, 4396.875]","[21008.75, 21026.25]"
swSH_1633,bus_4017,0.48,2,15583.090288552241,0,180,PowerModels index: 180,1,1,4366.25,21122.5,d_shunt,"[4366.25, 4366.25]","[21122.5, 21140.0]"
swSH_1651,bus_4025,33.0,2,4.384172084211009,0,181,PowerModels index: 181,1,1,4856.25,23025.625,d_shunt,"[4856.25, 4856.25]","[23025.625, 23043.125]"
swSH_2072,bus_3152,132.0,2,0.47251230829156204,0,115,PowerModels index: 115,1,1,12621.875,52906.875,d_shunt,"[12621.875, 12621.875]","[52906.875, 52924.375]"
swSH_2074,bus_3159,132.0,2,0.3192362453214771,0,116,PowerModels index: 116,1,1,14945.0,55501.25,d_shunt,"[14945.0, 14945.0]","[55501.25, 55518.75]"
swSH_2075,bus_3162,132.0,1,0,14987.40799541221,117,PowerModels index: 117,1,1,13601.875,54919.375,d_shunt,"[13601.875, 13601.875]","[54919.375, 54936.875]"
swSH_2078,bus_3169,132.0,1,0,69309.97058796983,118,PowerModels index: 118,1,1,12543.125,55098.75,d_shunt,"[12543.125, 12543.125]","[55098.75, 55116.25]"
swSH_2079,bus_3172,132.0,2,3.6855112624176956,0,119,PowerModels index: 119,1,1,11970.0,56245.0,d_shunt,"[11970.0, 11970.0]","[56245.0, 56262.5]"
swSH_2080,bus_3193,33.0,2,56.38205714361686,0,120,PowerModels index: 120,1,1,13225.625,43623.125,d_shunt,"[13225.625, 13225.625]","[43623.125, 43640.625]"
swSH_2081,bus_3220,132.0,2,9.171221257422138,0,121,PowerModels index: 121,1,1,9966.25,50868.125,d_shunt,"[9966.25, 9966.25]","[50868.125, 50885.625]"
swSH_2123,bus_4094,275.0,1,0,4853.216305475212,182,PowerModels index: 182,1,1,8426.25,20020.0,d_shunt,"[8426.25, 8426.25]","[20020.0, 20037.5]"
swSH_2146,bus_4096,33.0,2,118.00482321646426,0,183,PowerModels index: 183,1,1,13728.75,14853.125,d_shunt,"[13728.75, 13728.75]","[14853.125, 14870.625]"
swSH_2154,bus_4101,275.0,1,0,7716.545750624908,184,PowerModels index: 184,1,1,14721.875,18051.25,d_shunt,"[14721.875, 14721.875]","[18051.25, 18068.75]"
swSH_2163,bus_4103,33.0,2,39.05580418053805,0,185,PowerModels index: 185,1,1,13584.375,15636.25,d_shunt,"[13584.375, 13584.375]","[15636.25, 15653.75]"
swSH_2164,bus_4107,275.0,1,0,1677.9666738133064,186,PowerModels index: 186,1,1,5591.25,22001.875,d_shunt,"[5591.25, 5591.25]","[22001.875, 22019.375]"
swSH_2182,bus_4112,275.0,2,2.1138555781643555,0,187,PowerModels index: 187,1,1,9038.75,17850.0,d_shunt,"[9038.75, 9038.75]","[17850.0, 17867.5]"
swSH_2191,bus_3228,11.0,2,134.82929431755193,0,122,PowerModels index: 122,1,1,12932.5,44371.25,d_shunt,"[12932.5, 12932.5]","[44371.25, 44388.75]"
swSH_2220,bus_4123,66.0,1,0,43546.13683234421,188,PowerModels index: 188,1,1,8220.625,16616.25,d_shunt,"[8220.625, 8220.625]","[16616.25, 16633.75]"
swSH_2231,bus_4125,275.0,1,0,189932.85979999497,189,PowerModels index: 189,1,1,8728.125,18755.625,d_shunt,"[8728.125, 8728.125]","[18755.625, 18773.125]"
swSH_2232,bus_4128,275.0,1,0,11039.55751465977,190,PowerModels index: 190,1,1,9235.625,17841.25,d_shunt,"[9235.625, 9235.625]","[17841.25, 17858.75]"
swSH_2241,bus_4131,275.0,2,4.238311216367892,0,191,PowerModels index: 191,1,1,9734.375,20435.625,d_shunt,"[9734.375, 9734.375]","[20435.625, 20453.125]"
swSH_2243,bus_4133,275.0,1,0,140276.46141978013,192,PowerModels index: 192,1,1,8745.625,16778.125,d_shunt,"[8745.625, 8745.625]","[16778.125, 16795.625]"
swSH_2273,bus_4135,275.0,2,1.5362544049999993,0,193,PowerModels index: 193,1,1,9213.75,18760.0,d_shunt,"[9213.75, 9213.75]","[18760.0, 18777.5]"
swSH_2279,bus_4136,275.0,2,1.2247508889999994,0,194,PowerModels index: 194,1,1,8986.25,18755.625,d_shunt,"[8986.25, 8986.25]","[18755.625, 18773.125]"
swSH_2280,bus_4137,275.0,2,0.4673054549999998,0,195,PowerModels index: 195,1,1,10010.0,18777.5,d_shunt,"[10010.0, 10010.0]","[18777.5, 18795.0]"
swSH_2284,bus_4143,275.0,1,0,325470.554712567,196,PowerModels index: 196,1,1,7713.125,20475.0,d_shunt,"[7713.125, 7713.125]","[20475.0, 20492.5]"
swSH_2289,bus_4147,275.0,1,0,6559.409209178688,197,PowerModels index: 197,1,1,10430.0,17609.375,d_shunt,"[10430.0, 10430.0]","[17609.375, 17626.875]"
swSH_2290,bus_4148,275.0,1,0,8546.98789876846,198,PowerModels index: 198,1,1,9598.75,16979.375,d_shunt,"[9598.75, 9598.75]","[16979.375, 16996.875]"
swSH_2291,bus_4149,275.0,1,0,8071.639358847292,199,PowerModels index: 199,1,1,11318.125,19941.25,d_shunt,"[11318.125, 11318.125]","[19941.25, 19958.75]"
swSH_2313,bus_3259,132.0,2,3.575530551291055,0,123,PowerModels index: 123,1,1,13002.5,57106.875,d_shunt,"[13002.5, 13002.5]","[57106.875, 57124.375]"
swSH_2315,bus_4185,132.0,2,3.3519472149552496,0,200,PowerModels index: 200,1,1,8474.375,24893.75,d_shunt,"[8474.375, 8474.375]","[24893.75, 24911.25]"
swSH_2345,bus_4217,132.0,2,2.6195549037526025,0,201,PowerModels index: 201,1,1,13011.25,19862.5,d_shunt,"[13011.25, 13011.25]","[19862.5, 19880.0]"
swSH_3054,bus_4226,66.0,1,0,18298.784021078958,202,PowerModels index: 202,1,1,9016.875,16030.0,d_shunt,"[9016.875, 9016.875]","[16030.0, 16047.5]"
swSH_3061,bus_3271,33.0,2,56.388619856951905,0,124,PowerModels index: 124,1,1,15268.75,40945.625,d_shunt,"[15268.75, 15268.75]","[40945.625, 40963.125]"
swSH_3063,bus_3292,22.0,1,0,221.91109144671708,125,PowerModels index: 125,1,1,11847.5,59517.5,d_shunt,"[11847.5, 11847.5]","[59517.5, 59535.0]"
swSH_3065,bus_3303,11.0,2,355.1315629734146,0,126,PowerModels index: 126,1,1,18462.5,42927.5,d_shunt,"[18462.5, 18462.5]","[42927.5, 42945.0]"
swSH_3070,bus_4233,66.0,1,0,19138.468644956673,203,PowerModels index: 203,1,1,7923.125,19451.25,d_shunt,"[7923.125, 7923.125]","[19451.25, 19468.75]"
swSH_3075,bus_4234,66.0,1,0,27164.488346184007,204,PowerModels index: 204,1,1,7433.125,19477.5,d_shunt,"[7433.125, 7433.125]","[19477.5, 19495.0]"
swSH_3087,bus_4236,66.0,1,0,64775.15977069341,205,PowerModels index: 205,1,1,7328.125,18773.125,d_shunt,"[7328.125, 7328.125]","[18773.125, 18790.625]"
swSH_3096,bus_4243,66.0,1,0,112295.37202880825,206,PowerModels index: 206,1,1,9200.625,14730.625,d_shunt,"[9200.625, 9200.625]","[14730.625, 14748.125]"
swSH_3098,bus_4252,66.0,1,0,38422.5214109286,207,PowerModels index: 207,1,1,9213.75,14590.625,d_shunt,"[9213.75, 9213.75]","[14590.625, 14608.125]"
swSH_3149,bus_4260,66.0,2,22.112118011228098,0,208,PowerModels index: 208,1,1,8500.625,11589.375,d_shunt,"[8500.625, 8500.625]","[11589.375, 11606.875]"
swSH_3150,bus_4275,66.0,1,0,43293.410394591905,209,PowerModels index: 209,1,1,7787.5,16283.75,d_shunt,"[7787.5, 7787.5]","[16283.75, 16301.25]"
swSH_3152,bus_4276,66.0,1,0,27738.661646376408,210,PowerModels index: 210,1,1,8745.625,18016.25,d_shunt,"[8745.625, 8745.625]","[18016.25, 18033.75]"
swSH_3159,bus_4277,66.0,1,0,20614.727681201406,211,PowerModels index: 211,1,1,9651.25,18340.0,d_shunt,"[9651.25, 9651.25]","[18340.0, 18357.5]"
swSH_3162,bus_3304,11.0,2,376.4128276917424,0,127,PowerModels index: 127,1,1,18423.125,43015.0,d_shunt,"[18423.125, 18423.125]","[43015.0, 43032.5]"
swSH_3169,bus_3319,110.0,2,26.81614193348637,0,128,PowerModels index: 128,1,1,15133.125,47013.75,d_shunt,"[15133.125, 15133.125]","[47013.75, 47031.25]"
swSH_3172,bus_4279,66.0,1,0,41555.9987056347,212,PowerModels index: 212,1,1,8684.375,18528.125,d_shunt,"[8684.375, 8684.375]","[18528.125, 18545.625]"
swSH_3216,bus_4280,66.0,1,0,83424.74259180692,213,PowerModels index: 213,1,1,8815.625,18388.125,d_shunt,"[8815.625, 8815.625]","[18388.125, 18405.625]"
swSH_3259,bus_4285,66.0,1,0,15435.720180832148,214,PowerModels index: 214,1,1,9992.5,17823.75,d_shunt,"[9992.5, 9992.5]","[17823.75, 17841.25]"
swSH_3271,bus_4286,66.0,1,0,61440.95525414701,215,PowerModels index: 215,1,1,10233.125,17215.625,d_shunt,"[10233.125, 10233.125]","[17215.625, 17233.125]"
swSH_3292,bus_3320,33.0,2,58.21304347707334,0,129,PowerModels index: 129,1,1,15120.0,47254.375,d_shunt,"[15120.0, 15120.0]","[47254.375, 47271.875]"
swSH_3427,bus_3331,22.0,2,95.5893397199563,0,130,PowerModels index: 130,1,1,10408.125,61425.0,d_shunt,"[10408.125, 10408.125]","[61425.0, 61442.5]"
swSH_3446,bus_3335,11.0,2,123.87329284007131,0,131,PowerModels index: 131,1,1,18046.875,42459.375,d_shunt,"[18046.875, 18046.875]","[42459.375, 42476.875]"
swSH_3471,bus_4289,66.0,1,0,43293.410394591905,216,PowerModels index: 216,1,1,8242.5,17106.25,d_shunt,"[8242.5, 8242.5]","[17106.25, 17123.75]"
swSH_3473,bus_4292,66.0,1,0,35368.19031845449,217,PowerModels index: 217,1,1,8483.125,15728.125,d_shunt,"[8483.125, 8483.125]","[15728.125, 15745.625]"
swSH_3477,bus_4296,66.0,1,0,5263.473755937611,218,PowerModels index: 218,1,1,9585.625,18873.75,d_shunt,"[9585.625, 9585.625]","[18873.75, 18891.25]"
swSH_3479,bus_4326,66.0,1,0,69410.18870696801,219,PowerModels index: 219,1,1,8758.75,15246.875,d_shunt,"[8758.75, 8758.75]","[15246.875, 15264.375]"
swSH_3491,bus_4334,66.0,1,0,5263.473755937611,220,PowerModels index: 220,1,1,10101.875,18138.75,d_shunt,"[10101.875, 10101.875]","[18138.75, 18156.25]"
swSH_3496,bus_4350,33.0,2,36.80273453544351,0,221,PowerModels index: 221,1,1,6685.0,26442.5,d_shunt,"[6685.0, 6685.0]","[26442.5, 26460.0]"
swSH_3503,bus_4356,33.0,1,0,574.984811247897,222,PowerModels index: 222,1,1,555.625,21494.375,d_shunt,"[555.625, 555.625]","[21494.375, 21511.875]"
swSH_3504,bus_4357,33.0,1,0,670.9664407233657,223,PowerModels index: 223,1,1,4781.875,20811.875,d_shunt,"[4781.875, 4781.875]","[20811.875, 20829.375]"
swSH_3517,bus_3336,11.0,2,128.1125779548713,0,132,PowerModels index: 132,1,1,18011.875,42555.625,d_shunt,"[18011.875, 18011.875]","[42555.625, 42573.125]"
swSH_3519,bus_4358,33.0,1,0,705.9519652681746,224,PowerModels index: 224,1,1,4707.5,21061.25,d_shunt,"[4707.5, 4707.5]","[21061.25, 21078.75]"
swSH_3543,bus_4363,33.0,2,38.46143888836725,0,225,PowerModels index: 225,1,1,5753.125,20558.125,d_shunt,"[5753.125, 5753.125]","[20558.125, 20575.625]"
swSH_3545,bus_4367,33.0,2,36.16040081666841,0,226,PowerModels index: 226,1,1,4834.375,23660.0,d_shunt,"[4834.375, 4834.375]","[23660.0, 23677.5]"
swSH_3549,bus_4368,33.0,2,45.02183760509513,0,227,PowerModels index: 227,1,1,4764.375,23485.0,d_shunt,"[4764.375, 4764.375]","[23485.0, 23502.5]"
swSH_3558,bus_3339,33.0,2,58.33726997569114,0,133,PowerModels index: 133,1,1,16104.375,41864.375,d_shunt,"[16104.375, 16104.375]","[41864.375, 41881.875]"
swSH_3560,bus_4369,33.0,2,44.647068837743134,0,228,PowerModels index: 228,1,1,4725.0,23288.125,d_shunt,"[4725.0, 4725.0]","[23288.125, 23305.625]"
swSH_3561,bus_3344,110.0,2,13.702080554607662,0,134,PowerModels index: 134,1,1,16594.375,42625.625,d_shunt,"[16594.375, 16594.375]","[42625.625, 42643.125]"
swSH_3569,bus_3347,33.0,2,57.429260644012835,0,135,PowerModels index: 135,1,1,16725.625,42756.875,d_shunt,"[16725.625, 16725.625]","[42756.875, 42774.375]"
swSH_3584,bus_3351,33.0,2,59.01263550611863,0,136,PowerModels index: 136,1,1,15491.875,47193.125,d_shunt,"[15491.875, 15491.875]","[47193.125, 47210.625]"
swSH_3589,bus_4372,33.0,1,0,450.10242253705303,229,PowerModels index: 229,1,1,5018.125,21227.5,d_shunt,"[5018.125, 5018.125]","[21227.5, 21245.0]"
swSH_3596,bus_3355,33.0,2,58.799326691413356,0,137,PowerModels index: 137,1,1,16703.75,43303.75,d_shunt,"[16703.75, 16703.75]","[43303.75, 43321.25]"
swSH_3597,bus_3361,11.0,2,258.0221565241039,0,138,PowerModels index: 138,1,1,10793.125,44642.5,d_shunt,"[10793.125, 10793.125]","[44642.5, 44660.0]"
swSH_3598,bus_4373,33.0,2,1.9036015229536938,0,230,PowerModels index: 230,1,1,6055.0,24482.5,d_shunt,"[6055.0, 6055.0]","[24482.5, 24500.0]"
swSH_3633,bus_4400,11.0,1,0,72.5272474108261,231,PowerModels index: 231,1,1,1338.75,21621.25,d_shunt,"[1338.75, 1338.75]","[21621.25, 21638.75]"
swSH_3636,bus_4401,11.0,1,0,76.16658398063402,232,PowerModels index: 232,1,1,1417.5,21520.625,d_shunt,"[1417.5, 1417.5]","[21520.625, 21538.125]"
swSH_3650,bus_3365,33.0,2,57.28299864766905,0,139,PowerModels index: 139,1,1,12267.5,39930.625,d_shunt,"[12267.5, 12267.5]","[39930.625, 39948.125]"
swSH_4004,bus_3367,11.0,2,131.98663746328072,0,140,PowerModels index: 140,1,1,12053.125,40359.375,d_shunt,"[12053.125, 12053.125]","[40359.375, 40376.875]"
swSH_4014,bus_4440,11.0,2,168.4746021544224,0,233,PowerModels index: 233,1,1,8111.25,12473.125,d_shunt,"[8111.25, 8111.25]","[12473.125, 12490.625]"
swSH_4015,bus_4498,11.0,2,125.79159662074252,0,234,PowerModels index: 234,1,1,13803.125,16865.625,d_shunt,"[13803.125, 13803.125]","[16865.625, 16883.125]"
swSH_4016,bus_4499,11.0,2,125.67642143989133,0,235,PowerModels index: 235,1,1,13873.125,16843.75,d_shunt,"[13873.125, 13873.125]","[16843.75, 16861.25]"
swSH_4017,bus_5000,33.0,2,31.55573452218207,0,236,PowerModels index: 236,1,1,26026.875,3180.625,d_shunt,"[26026.875, 26026.875]","[3180.625, 3198.125]"
swSH_4107,bus_3388,11.0,2,126.84680111765414,0,141,PowerModels index: 141,1,1,11453.75,40175.625,d_shunt,"[11453.75, 11453.75]","[40175.625, 40193.125]"
swSH_4124,bus_3389,11.0,2,132.2740898579849,0,142,PowerModels index: 142,1,1,11458.125,39987.5,d_shunt,"[11458.125, 11458.125]","[39987.5, 40005.0]"
swSH_4147,bus_3396,33.0,2,58.195778025356475,0,143,PowerModels index: 143,1,1,13295.625,45508.75,d_shunt,"[13295.625, 13295.625]","[45508.75, 45526.25]"
swSH_4149,bus_3405,110.0,2,12.747981769277564,0,144,PowerModels index: 144,1,1,12105.625,39090.625,d_shunt,"[12105.625, 12105.625]","[39090.625, 39108.125]"
swSH_4151,bus_3409,11.0,2,128.79585378563672,0,145,PowerModels index: 145,1,1,12210.625,44555.0,d_shunt,"[12210.625, 12210.625]","[44555.0, 44572.5]"
swSH_4217,bus_5046,13.8,1,0,106.21235555060758,238,PowerModels index: 238,1,1,25943.75,3141.25,d_shunt,"[25943.75, 25943.75]","[3141.25, 3158.75]"
swSH_4476,bus_3410,11.0,2,132.36338804798586,0,146,PowerModels index: 146,1,1,12267.5,44651.25,d_shunt,"[12267.5, 12267.5]","[44651.25, 44668.75]"
swSH_5000,bus_5047,13.8,1,0,100.39911932401583,239,PowerModels index: 239,1,1,25838.75,3132.5,d_shunt,"[25838.75, 25838.75]","[3132.5, 3150.0]"
swSH_5001,bus_5061,110.0,2,7.9570990081466295,0,240,PowerModels index: 240,1,1,24740.625,4917.5,d_shunt,"[24740.625, 24740.625]","[4917.5, 4935.0]"
swSH_5046,bus_3427,6.6,1,0,24.610042883265002,147,PowerModels index: 147,1,1,17570.0,45784.375,d_shunt,"[17570.0, 17570.0]","[45784.375, 45801.875]"
swSH_5047,bus_3446,11.0,1,0,71.72831542236916,148,PowerModels index: 148,1,1,15605.625,40376.875,d_shunt,"[15605.625, 15605.625]","[40376.875, 40394.375]"
swSH_5048,bus_5063,110.0,2,7.86415688377907,0,241,PowerModels index: 241,1,1,24058.125,5101.25,d_shunt,"[24058.125, 24058.125]","[5101.25, 5118.75]"
swSH_5061,bus_5070,110.0,2,7.25455825237339,0,242,PowerModels index: 242,1,1,21214.375,5880.0,d_shunt,"[21214.375, 21214.375]","[5880.0, 5897.5]"
swSH_5063,bus_5092,110.0,2,10.37608829660718,0,243,PowerModels index: 243,1,1,22190.0,2016.875,d_shunt,"[22190.0, 22190.0]","[2016.875, 2034.375]"
swSH_5070,bus_5150,220.0,2,17.731100388104185,0,244,PowerModels index: 244,1,1,21765.625,5827.5,d_shunt,"[21765.625, 21765.625]","[5827.5, 5845.0]"
swSH_5092,bus_2320,22.0,2,65.7665054098741,0,245,PowerModels index: 245,1,1,21608.125,12893.125,d_shunt,"[21608.125, 21608.125]","[12893.125, 12910.625]"
