elm_loc_name,con_bus1,elm_outserv,elm_pgini,elm_qgini,elm_usetp,elm_av_mode,elm_ip_ctrl,typ_sgn,typ_ugn,typ_cosn,typ_Q_min,typ_Q_max,msc_powermodels_index,msc_fuel,msc_powerfactory_model,con_stactrl,msc_frame_type,msc_avr,msc_pss,msc_gov,typ_xl,typ_x0sy,typ_xd,typ_xq,typ_xds,typ_xqs,typ_xdss,typ_xqss,typ_tds,typ_tqs,typ_tdss,typ_tqss,typ_h,typ_iturbo,elm_desc,grf_rCenterX,grf_rCenterY,grf_sSymNam,gco_rX,gco_rY
gen_1002_1,bus_1002,0,431.89334232400006,-24.521463397999998,1.0155600000008822,constv,1,925.7597731235213,23.0,1.0,-240.0,370.0,1,Black Coal,thermal_generator,NA,SYM Frame_no droop_torque_reference,IEEET1,PSS2B,TGOV1,0.2079691687189274,0.56751502476334,2.4764516872894315,2.35513602529034,0.3493181928810928,0.27614045863413417,0.2778908989278463,0.2760025063413524,8.64181632340699,0.375239718798548,0.046943271899363,0.136205370032741,2.904211154337571,1,PowerModels index: 1,21083.125,32746.875,d_symg,"[21083.125, 21083.125]","[32746.875, 32764.375]"
gen_1003_2,bus_1003,0,624.40737834601,64.8168883589584,1.0262600000008077,constv,0,1016.3225437446075,23.0,1.0,-190.0,450.0,2,Black Coal,thermal_generator,NA,SYM Frame_no droop_torque_reference,IEEET1,PSS2B,TGOV1,0.21265196872632544,0.5536047385564725,2.4697026535238287,2.3958576826825073,0.3694952075808865,0.2879794477447898,0.2738837985590555,0.2738837985590555,8.42964508440159,0.389128416377935,0.0462607079501264,0.135833965283772,2.8281728552019345,1,PowerModels index: 2,21166.25,32725.0,d_symg,"[21166.25, 21166.25]","[32725.0, 32742.5]"
gen_1004_3,bus_1004,0,650.401460230983,17.1883693068953,0.9990000000006636,constv,0,994.207572289814,23.0,1.0,-260.0,390.0,3,Black Coal,thermal_generator,NA,SYM Frame_no droop_torque_reference,IEEET1,PSS2B,TGOV1,0.20751415392527112,0.5580462366286325,2.426685802744883,2.341320348339936,0.3610520006761697,0.2765204165143186,0.2732717611917028,0.2732717611917028,8.39777335328609,0.383822161483113,0.0476119478437584,0.135908252601512,2.883390647502045,1,PowerModels index: 3,20798.75,31661.875,d_symg,"[20798.75, 20798.75]","[31661.875, 31679.375]"
gen_1005_4,bus_1005,0,631.7539076734402,37.213374197097096,1.0025100000006752,constv,0,1019.7112881129667,23.0,1.0,-190.0,450.0,4,Black Coal,thermal_generator,NA,SYM Frame_no droop_torque_reference,IEEET1,PSS2B,TGOV1,0.20661069238765192,0.5656604292314275,2.521445525146436,2.4079536253413023,0.35936491346084315,0.2796342228003012,0.27421158421168046,0.27421158421168046,8.39498422758374,0.386250622768421,0.0469641184676904,0.135715317474026,2.8131524534055683,1,PowerModels index: 4,20689.375,31596.25,d_symg,"[20689.375, 20689.375]","[31596.25, 31613.75]"
gen_1012_1,bus_1012,0,30.2265357711347,2.1328312649857297,1.0154599999998417,constv,0,42.300315143547344,0.6899999999999998,1.0,-10.0,10.0,5,Water,hydro_generator,NA,SYM Frame_no droop,IEEET1,PSS2B,HYGOV,0.1620035667883783,0.29039684866072,1.1954735197004307,0.6101744742124162,0.28890131122257096,0.0,0.1944161524677174,0.1944161524677174,9.29781349101104,0.0,0.0539238605838269,0.152946320953779,3.916708489631752,0,PowerModels index: 5,19232.5,23944.375,d_symg,"[19232.5, 19232.5]","[23944.375, 23961.875]"
gen_1013_1,bus_1013,0,32.1221972278725,3.847882429963349,1.0172899999998444,constv,0,46.549655153536165,0.6899999999999998,1.0,-10.0,10.0,6,Water,hydro_generator,NA,SYM Frame_no droop,IEEET1,PSS2B,HYGOV,0.15655070555283246,0.28746587569476,1.1773514829901846,0.6217314001867026,0.287032871916811,0.0,0.19378041021434647,0.19378041021434647,9.44040461014956,0.0,0.0526899192777462,0.15697254223167,4.00807564374247,0,PowerModels index: 6,19341.875,23896.25,d_symg,"[19341.875, 19341.875]","[23896.25, 23913.75]"
gen_1014_1,bus_1014,0,19.277781191996898,0.46368514422499607,1.0125999999998783,constv,0,30.18186918799306,0.6899999999999998,1.0,-10.0,10.0,7,Water,hydro_generator,NA,SYM Frame_no droop,IEEET1,PSS2B,HYGOV,0.16126690071939404,0.283157725875615,1.2004353567899635,0.6159901946169306,0.30492989015235833,0.0,0.1967807960808384,0.1967807960808384,9.42527587695513,0.0,0.0534463943126611,0.156126313571585,3.8418377012252134,0,PowerModels index: 7,19315.625,23813.125,d_symg,"[19315.625, 19315.625]","[23813.125, 23830.625]"
gen_1017_1,bus_1017,0,565.935071064465,76.76821743240511,1.0112200000000926,constv,0,959.9311965106143,23.0,1.0,-280.0,440.00000000000006,8,Black Coal,thermal_generator,NA,SYM Frame_no droop_torque_reference,IEEET1,PSS2B,TGOV1,0.21316951321093192,0.5467449585580625,2.460699609868882,1.8069243301899722,0.36640285355230623,1.2168938665210298,0.22927224120853723,0.22927224120853723,8.39067981701876,2.05102453759257,0.0632392940051854,0.178434604043653,2.927510900558969,1,PowerModels index: 8,22181.25,32156.25,d_symg,"[22181.25, 22181.25]","[32156.25, 32173.75]"
gen_1018_2,bus_1018,0,664.1802905846021,116.850947170548,1.0183700000000653,constv,0,933.5189545206943,23.0,1.0,-280.0,430.0,9,Black Coal,thermal_generator,NA,SYM Frame_no droop_torque_reference,IEEET1,PSS2B,TGOV1,0.2182473313792877,0.543606385216815,2.449791815819904,1.8509139425627588,0.3692397732926292,1.2593684474935662,0.22313792623922352,0.22313792623922352,8.2466536116631,1.97290236046906,0.0611450468741357,0.181748822734552,2.85632456598962,1,PowerModels index: 9,22225.0,32055.625,d_symg,"[22225.0, 22225.0]","[32055.625, 32073.125]"
gen_1019_3,bus_1019,0,630.779430353494,123.09915439605301,1.0233200000000091,constv,0,930.2967519887458,23.0,1.0,-270.0,430.0,10,Black Coal,thermal_generator,NA,SYM Frame_no droop_torque_reference,IEEET1,PSS2B,TGOV1,0.217708543885836,0.55025156856171,2.482059070240784,1.8794175712233678,0.37023583239438895,1.2237843254262477,0.22955683716564643,0.22955683716564643,8.52153833939519,1.99273348299945,0.0631405915910751,0.182128424060997,2.973997128851889,1,PowerModels index: 10,21805.0,30883.125,d_symg,"[21805.0, 21805.0]","[30883.125, 30900.625]"
gen_1020_4,bus_1020,0,660.810311423638,92.7982150761187,1.0157699999999812,constv,0,921.9605202997881,23.0,1.0,-280.0,430.0,11,Black Coal,thermal_generator,NA,SYM Frame_no droop_torque_reference,IEEET1,PSS2B,TGOV1,0.22057147045749498,0.54208183993693,2.4512637521760183,1.865188185218169,0.36470815296522874,1.2435948960663195,0.23468128770586322,0.23468128770586322,8.33145218183744,2.00808816904044,0.0618033530248702,0.180988344361074,2.8997943671694393,1,PowerModels index: 11,21787.5,30988.125,d_symg,"[21787.5, 21787.5]","[30988.125, 31005.625]"
gen_1022_1,bus_1022,0,81.9568333770882,3.7421545503518496,1.026690000000016,constv,0,111.89545670458088,16.0,1.0,-30.0,50.0,12,Water,hydro_generator,NA,SYM Frame_no droop,IEEET1,PSS2B,HYGOV,0.16624091929832976,0.2772817670186625,1.2397868938905736,0.6770344869378853,0.26921410290158937,0.0,0.2102744193637942,0.2102744193637942,6.08867993660417,0.0,0.0768487544256006,0.239980493170395,3.6364774580639794,0,PowerModels index: 12,24185.0,25357.5,d_symg,"[24185.0, 24185.0]","[25357.5, 25375.0]"
gen_1030_4,bus_1030,0,77.3267838781388,-3.50851274594665,1.0191300000000325,constv,0,111.38500975685872,16.0,1.0,-30.0,50.0,13,Water,hydro_generator,NA,SYM Frame_no droop,IEEET1,PSS2B,HYGOV,0.17097982179252402,0.253264289914165,1.133699451276235,0.7861972211285376,0.253879451483985,0.0,0.2299649783753,0.2299649783753,9.01301313512127,0.0,0.0730565607765689,0.230851957343053,4.013333300943253,0,PowerModels index: 13,23506.875,25392.5,d_symg,"[23506.875, 23506.875]","[25392.5, 25410.0]"
gen_1031_1,bus_1031,0,55.970990066540104,-7.30109434132907,0.9528199999982646,constv,0,95.42721539624068,11.0,1.0,-30.0,30.0,14,Water,hydro_generator,NA,SYM Frame_no droop,IEEET1,PSS2B,HYGOV,0.21138964301474253,0.35651549306442,1.5022269236469912,0.7639954863620012,0.3799805624698322,0.0,0.22678400937694357,0.22678400937694357,6.74459750028513,0.0,0.0664580762424739,0.103638262345921,3.7670299521025026,0,PowerModels index: 14,22518.125,21634.375,d_symg,"[22518.125, 22518.125]","[21634.375, 21651.875]"
gen_1038_1,bus_1038,0,246.36371654223402,1.1105895665460301,0.9789699999983338,constv,0,354.6820170083721,15.4,1.0,-90.0,90.0,18,Water,hydro_generator,NA,SYM Frame_no droop,IEEET1,PSS2B,HYGOV,0.244590172186317,0.41674134733216,1.7233708831790915,0.8023373489362767,0.4344637093344404,0.0,0.31701653313370604,0.31701653313370604,14.6442208761923,0.0,0.0295899051190121,0.0472368835955858,3.146841116477397,0,PowerModels index: 18,23765.0,22124.375,d_symg,"[23765.0, 23765.0]","[22124.375, 22141.875]"
gen_1039_2,bus_1039,0,246.53546941532,-1.1678426247423999,0.9780499999983339,constv,0,350.18935062690457,15.4,1.0,-90.0,90.0,19,Water,hydro_generator,NA,SYM Frame_no droop,IEEET1,PSS2B,HYGOV,0.24823246984000694,0.42754219776648,1.7696092804668415,0.7992487346267139,0.42368976035012457,0.0,0.3112442559950556,0.3112442559950556,14.8640386024794,0.0,0.0302604074398451,0.0464558569884393,3.1116749607526213,0,PowerModels index: 19,23681.875,22080.625,d_symg,"[23681.875, 23681.875]","[22080.625, 22098.125]"
gen_1040_3,bus_1040,0,248.465284474285,13.4766408302221,0.9840699999983344,constv,0,353.0865487584294,15.4,1.0,-90.0,90.0,20,Water,hydro_generator,NA,SYM Frame_no droop,IEEET1,PSS2B,HYGOV,0.24913017277738914,0.417865915450965,1.7285601929373555,0.7882976320153906,0.41529960225219725,0.0,0.30701492023878185,0.30701492023878185,14.9148540720392,0.0,0.0302604992726794,0.0457911968962289,3.1831333645561335,0,PowerModels index: 20,23808.75,22242.5,d_symg,"[23808.75, 23808.75]","[22242.5, 22260.0]"
gen_1041_4,bus_1041,0,256.48333277373905,9.456149262328069,0.9818599999983345,constv,0,348.1435877233548,15.4,1.0,-90.0,90.0,21,Water,hydro_generator,NA,SYM Frame_no droop,IEEET1,PSS2B,HYGOV,0.2474594979862583,0.4330380999159775,1.793104495858235,0.8084920984749862,0.4234056629706258,0.0,0.31655788290078407,0.31655788290078407,14.8518670666396,0.0,0.0300360310875648,0.0459985336584505,3.3713262718035613,0,PowerModels index: 21,23721.25,22273.125,d_symg,"[23721.25, 23721.25]","[22273.125, 22290.625]"
gen_1042_5,bus_1042,0,245.36307114282198,13.794420346358402,0.9837699999983311,constv,0,345.44057331930054,15.4,1.0,-90.0,90.0,22,Water,hydro_generator,NA,SYM Frame_no droop,IEEET1,PSS2B,HYGOV,0.24674369759257447,0.4205071275938075,1.7421972018984162,0.7812514865123713,0.42470833120120743,0.0,0.3166866475450127,0.3166866475450127,14.8491940268893,0.0,0.029305506996375,0.0466696398595814,3.361585121763783,0,PowerModels index: 22,23515.625,22085.0,d_symg,"[23515.625, 23515.625]","[22085.0, 22102.5]"
gen_1043_6,bus_1043,0,242.463117731816,17.971023596443196,0.9855599999983311,constv,0,351.8411722962093,15.4,1.0,-90.0,90.0,23,Water,hydro_generator,NA,SYM Frame_no droop,IEEET1,PSS2B,HYGOV,0.2395577948932704,0.419831816410855,1.7371204729064438,0.7895430502976875,0.42482877336723,0.0,0.3156662153218691,0.3156662153218691,14.7503153768795,0.0,0.030080075807143,0.0453982998013962,3.418506231830914,0,PowerModels index: 23,23590.0,22146.25,d_symg,"[23590.0, 23590.0]","[22146.25, 22163.75]"
gen_1044_1,bus_1044,0,641.205869383868,-79.2208985881729,0.9989400000003716,constv,0,932.3937035163747,23.0,1.0,-180.0,420.0,24,Black Coal,thermal_generator,NA,SYM Frame_no droop_torque_reference,IEEET1,PSS2B,TGOV1,0.2143539531058656,0.556526879117795,2.493400291304655,1.7965917777451021,0.35702594519328607,1.252537951822232,0.2317497970847208,0.2317497970847208,8.28933818250556,2.04649544797712,0.0611245826061815,0.184126026728563,2.8914438477814084,1,PowerModels index: 24,20203.75,29413.125,d_symg,"[20203.75, 20203.75]","[29413.125, 29430.625]"
gen_1058_1,bus_1058,0,409.952588354057,8.71409053639974,0.9880100000003142,constv,0,613.7616653084505,21.0,1.0,-130.0,280.0,25,Natural Gas,thermal_generator,NA,SYM Frame_no droop_torque_reference,IEEET1,PSS2B,TGOV1,0.2694869043588141,0.561452740949345,2.5237356860228806,2.4147096603819533,0.4039994304553775,0.8144399893681428,0.31187188757971096,0.31187188757971096,5.92467431301158,0.469903636420704,0.0217504555018153,0.041068053457886,6.962123880087397,1,PowerModels index: 25,23056.25,25313.75,d_symg,"[23056.25, 23056.25]","[25313.75, 25331.25]"
gen_1059_1,bus_1059,0,0.0,3.29022754875435,1.0150199999980112,constv,0,50.25722799806117,11.5,1.0,-20.0,20.0,26,Water,hydro_generator,NA,SYM Frame_no droop,IEEET1,PSS2B,HYGOV,0.20675797490734768,0.4018746331973825,1.7522216489277873,0.9990591483791008,0.42979505905260623,0.0,0.2584317336492153,0.2584317336492153,6.01085570453201,0.0,0.0705133091608994,0.0514339772914536,3.080138422260466,0,PowerModels index: 26,27483.75,21205.625,d_symg,"[27483.75, 27483.75]","[21205.625, 21223.125]"
gen_1060_2,bus_1060,0,30.3989596087625,-9.75506422682516,0.9449199999981235,constv,0,50.64923570236564,11.5,1.0,-20.0,20.0,27,Water,hydro_generator,NA,SYM Frame_no droop,IEEET1,PSS2B,HYGOV,0.20855101611672544,0.40011123475508,1.7420077196212511,0.9578886146176051,0.42341359377826693,0.0,0.2672512446328195,0.2672512446328195,5.95436197144212,0.0,0.0705786031519994,0.0504694285034202,2.958608175221448,0,PowerModels index: 27,27475.0,21065.625,d_symg,"[27475.0, 27475.0]","[21065.625, 21083.125]"
gen_1067_1,bus_1067,0,22.5934707990981,11.096846189928302,0.9160899999978572,constv,0,42.790246191741225,11.0,1.0,-30.0,20.0,28,Water,hydro_generator,NA,SYM Frame_no droop,IEEET1,PSS2B,HYGOV,0.29081900701925684,0.2858603513795525,1.6035505444151383,1.0310518190700153,0.525356040739929,0.0,0.37425381205622127,0.37425381205622127,0.278572612223215,0.0,0.0101880275546573,0.0103215665838216,4.941195626731717,0,PowerModels index: 28,25506.25,18803.75,d_symg,"[25506.25, 25506.25]","[18803.75, 18821.25]"
gen_1068_2,bus_1068,0,20.5592082879526,-0.16138491215324,1.0414899999976572,constv,0,35.72360295073461,11.0,1.0,-20.0,20.0,29,Water,hydro_generator,NA,SYM Frame_no droop,IEEET1,PSS2B,HYGOV,0.2520719197512945,0.2826016265336425,1.3642509767861175,0.8787066393189219,0.44980774595695355,0.0,0.31275294800775266,0.31275294800775266,0.282933143766713,0.0,0.0100554152012337,0.0104268435533158,5.705545556236462,0,PowerModels index: 29,22999.375,18764.375,d_symg,"[22999.375, 22999.375]","[18764.375, 18781.875]"
gen_1069_1,bus_1069,0,151.99882825729298,-1.97199990038797,1.0629799999980032,constv,0,233.40203367479245,15.75,1.0,-50.0,100.0,30,Natural Gas,thermal_generator,NA,SYM Frame_no droop_torque_reference,IEEET1,PSS2B,TGOV1,0.15899076491997652,0.6296311295412025,2.7873112744259525,2.705555921292216,0.3024003587399629,0.7394777614879919,0.2218959272349207,0.2218959272349207,13.2996721277945,1.95170033254032,0.046465432904195,0.203306559700426,5.0619338531759075,1,PowerModels index: 30,21275.625,20396.25,d_symg,"[21275.625, 21275.625]","[20396.25, 20413.75]"
gen_1070_1,bus_1070,0,147.744403827981,-8.13028176963227,1.0575999999980057,constv,0,229.9756698516648,15.75,1.0,-50.0,100.0,31,Natural Gas,thermal_generator,NA,SYM Frame_no droop_torque_reference,IEEET1,PSS2B,TGOV1,0.15995806384994357,0.6325718445101525,2.809828089990138,2.6731927564469995,0.29774134538565167,0.7404732827830628,0.21511403860700187,0.21511403860700187,13.196043761936,1.90006118166191,0.0482392417188268,0.203061292059138,5.171122984057425,1,PowerModels index: 31,21511.875,20313.125,d_symg,"[21511.875, 21511.875]","[20313.125, 20330.625]"
gen_1071_1,bus_1071,0,157.04825788377198,-1.2465739881142999,1.063539999998005,constv,0,232.0836150169888,15.75,1.0,-50.0,100.0,32,Natural Gas,thermal_generator,NA,SYM Frame_no droop_torque_reference,IEEET1,PSS2B,TGOV1,0.158130514958811,0.6456171243219875,2.861747523079574,2.6044924902193425,0.3020040136118003,0.7571657185681164,0.21610791871019394,0.21610791871019394,13.2585954592563,1.9208578249251,0.0467677966958843,0.201089784744219,4.997933585478051,1,PowerModels index: 32,21280.0,20514.375,d_symg,"[21280.0, 21280.0]","[20514.375, 20531.875]"
gen_1072_1,bus_1072,0,150.91881079843,-2.21712468539341,1.0626299999980076,constv,0,233.37741174545857,15.75,1.0,-50.0,100.0,33,Natural Gas,thermal_generator,NA,SYM Frame_no droop_torque_reference,IEEET1,PSS2B,TGOV1,0.1606522338032657,0.6346908378613875,2.809776729860076,2.588320777948763,0.30401732366006057,0.7307684808061043,0.2135036869517734,0.2135036869517734,13.1520820163889,1.92749650900904,0.046170137693407,0.201162778859516,4.978192895707554,1,PowerModels index: 33,21380.625,20339.375,d_symg,"[21380.625, 21380.625]","[20339.375, 20356.875]"
gen_1074_2,bus_1074,0,45.5453139887114,-11.7293045770481,0.9635399999983624,constv,0,112.8745833394626,12.5,1.0,-30.0,30.0,34,Water,hydro_generator,NA,SYM Frame_no droop,IEEET1,PSS2B,HYGOV,0.12798586219434469,0.2449191144704818,1.0162268483372239,0.7062292853187988,0.27197454484962147,0.0,0.1764001377985626,0.1764001377985626,7.30358025245764,0.0,0.0734919211221929,0.172023725859122,3.161726456191974,0,PowerModels index: 34,24005.625,22570.625,d_symg,"[24005.625, 24005.625]","[22570.625, 22588.125]"
gen_1075_3,bus_1075,0,49.67218813880051,-3.45493803172465,0.9702499999983616,constv,0,114.33882151568066,12.5,1.0,-30.0,30.0,35,Water,hydro_generator,NA,SYM Frame_no droop,IEEET1,PSS2B,HYGOV,0.1270308130873323,0.25195615897514,1.0444155765117713,0.7259475421417412,0.276799073501402,0.0,0.17687762900579707,0.17687762900579707,7.26745661867469,0.0,0.0723584957847325,0.171489330569981,3.2550106714349387,0,PowerModels index: 35,24163.125,22684.375,d_symg,"[24163.125, 24163.125]","[22684.375, 22701.875]"
gen_1078_6,bus_1078,0,43.2331766436034,-13.684934688052799,1.00306999999828,constv,0,104.45033924186822,12.5,1.0,-30.0,40.0,36,Water,hydro_generator,NA,SYM Frame_no droop,IEEET1,PSS2B,HYGOV,0.1385065528589047,0.2316025956789962,1.0028624761209837,0.5854749096728252,0.27109371062441145,0.0,0.1977532564033183,0.1977532564033183,8.21483270182799,0.0,0.0535696149190469,0.153802419046406,2.8995664740767544,0,PowerModels index: 36,24185.0,22776.25,d_symg,"[24185.0, 24185.0]","[22776.25, 22793.75]"
gen_1079_7,bus_1079,0,41.671530701732294,-6.34282647466175,1.0127499999982816,constv,0,105.87232499017341,12.5,1.0,-40.0,40.0,37,Water,hydro_generator,NA,SYM Frame_no droop,IEEET1,PSS2B,HYGOV,0.14144115679321914,0.2308515359892045,0.9973262766768378,0.5821960514969889,0.27135598200240174,0.0,0.19564222426321434,0.19564222426321434,8.19016397855906,0.0,0.0514716198998038,0.155817796894116,2.9376307858767046,0,PowerModels index: 37,24145.625,22496.25,d_symg,"[24145.625, 24145.625]","[22496.25, 22513.75]"
gen_1080_8,bus_1080,0,43.07847587842049,2.7352948936936903,1.0241899999982815,constv,0,104.46861048491137,12.5,1.0,-40.0,40.0,38,Water,hydro_generator,NA,SYM Frame_no droop,IEEET1,PSS2B,HYGOV,0.1414006698429467,0.2361729249061318,1.0226217255173224,0.6095691218768955,0.27333393936981143,0.0,0.18969528116036097,0.18969528116036097,7.97789497352744,0.0,0.0526343136359775,0.152776010310045,2.9133170625207185,0,PowerModels index: 38,24075.625,22435.0,d_symg,"[24075.625, 24075.625]","[22435.0, 22452.5]"
gen_1081_5,bus_1081,0,601.9228605073649,68.4206095867701,1.0188500000008487,constv,0,930.3357916281069,23.0,1.0,-160.0,409.99999999999994,39,Black Coal,thermal_generator,NA,SYM Frame_no droop_torque_reference,IEEET1,PSS2B,TGOV1,0.21571344149667548,0.5533626668161875,2.4658174338051144,1.842073155304132,0.34943906022620363,1.215194197045966,0.2304995034976037,0.2304995034976037,8.50451356032886,1.99137753980123,0.0614381766491383,0.1797789244466,2.980485975872455,1,PowerModels index: 39,21245.0,32440.625,d_symg,"[21245.0, 21245.0]","[32440.625, 32458.125]"
gen_1082_6,bus_1082,0,594.185006502323,28.983092414969803,1.0095500000008435,constv,0,925.2888057536697,23.0,1.0,-160.0,409.99999999999994,40,Black Coal,thermal_generator,NA,SYM Frame_no droop_torque_reference,IEEET1,PSS2B,TGOV1,0.21797615426387232,0.553613759516535,2.4701948782983663,1.804446929946239,0.3612136596530058,1.2303549881127385,0.2289200416391101,0.2289200416391101,8.34280464674567,2.04065722653568,0.0614552841114998,0.184893002607394,2.8820135973553254,1,PowerModels index: 40,21341.25,32379.375,d_symg,"[21341.25, 21341.25]","[32379.375, 32396.875]"
gen_1084_1,bus_1084,0,33.6224140786135,-1.7698750120983504,1.0445900000015635,constv,0,56.01002017586508,11.0,1.0,-20.0,10.0,41,Black Coal,thermal_generator,NA,SYM Frame_no droop_torque_reference,IEEET1,PSS2B,TGOV1,0.19371949700288368,0.61129763161011,2.6177690418191135,2.3880601727708264,0.310190444999812,0.43918036291432183,0.2201382647289031,0.2201382647289031,6.60510904180445,0.577876457579155,0.0213932568600168,0.0441250885084039,5.333651669366995,1,PowerModels index: 41,14752.5,31351.25,d_symg,"[14752.5, 14752.5]","[31351.25, 31368.75]"
gen_1085_2,bus_1085,0,34.037052000734604,-2.4237874515906,1.042060000001548,constv,0,55.68763989683,11.0,1.0,-20.0,10.0,42,Black Coal,thermal_generator,NA,SYM Frame_no droop_torque_reference,IEEET1,PSS2B,TGOV1,0.1933386359911143,0.596786349874875,2.5577982693926353,2.3840117122686952,0.30835009768002464,0.42805149571218054,0.22806595347426992,0.22806595347426992,6.42466781241242,0.557730817954428,0.0210970202903962,0.0440704936427763,5.309004807080519,1,PowerModels index: 42,14686.875,31185.0,d_symg,"[14686.875, 14686.875]","[31185.0, 31202.5]"
gen_2003_7,bus_2003,0,64.58350418747361,0.37462820608019803,0.9708499999978247,constv,0,95.27221899837852,13.8,1.0,-30.0,40.0,43,Water,hydro_generator,NA,SYM Frame_no droop,IEEET1,PSS2B,HYGOV,0.07753533409490382,0.3368692087645175,1.4846696512721098,0.7626429296092172,0.21645322982469056,0.0,0.15476075277007653,0.15476075277007653,13.1152812681953,0.0,0.0800674350690097,0.257573597604642,4.965039029880342,0,PowerModels index: 43,22141.875,15802.5,d_symg,"[22141.875, 22141.875]","[15802.5, 15820.0]"
gen_2004_8,bus_2004,0,58.69554476671941,0.366359938384267,0.9711999999978108,constv,0,98.51962618061462,13.8,1.0,-40.0,40.0,44,Water,hydro_generator,NA,SYM Frame_no droop,IEEET1,PSS2B,HYGOV,0.07694045336983873,0.33792818401591,1.4791108882383361,0.7547640538715005,0.21253399061585262,0.0,0.15342129226918724,0.15342129226918724,12.9697125383955,0.0,0.0825863752029836,0.259286031714873,4.976661752255159,0,PowerModels index: 44,22163.75,15920.625,d_symg,"[22163.75, 22163.75]","[15920.625, 15938.125]"
gen_2010_1,bus_2010,0,50.990623193234306,-3.24980309639736,1.0643099999979166,constv,0,99.46283189978644,0.6899999999999998,1.0,-10.0,10.0,45,Water,hydro_generator,NA,SYM Frame_no droop,IEEET1,PSS2B,HYGOV,0.1524769309797314,0.29580283292412,1.1892371845574752,0.6020727341316267,0.28630247921288504,0.0,0.1916810066065147,0.1916810066065147,9.40168288671411,0.0,0.0541547991681844,0.150723496227292,3.970158148522567,0,PowerModels index: 45,17692.5,12088.125,d_symg,"[17692.5, 17692.5]","[12088.125, 12105.625]"
gen_2011_2,bus_2011,0,112.97404027993099,-3.9362810441209,1.0596799999981261,constv,0,179.74689034764054,0.6899999999999998,1.0,-10.0,10.0,46,Water,hydro_generator,NA,SYM Frame_no droop,IEEET1,PSS2B,HYGOV,0.1544896170609378,0.2913376410931825,1.1671582104421956,0.6001839084872694,0.28225690073960086,0.0,0.19418248611697644,0.19418248611697644,9.40086296349764,0.0,0.0520561677645892,0.152091597591061,4.076178837733438,0,PowerModels index: 46,17788.75,11996.25,d_symg,"[17788.75, 17788.75]","[11996.25, 12013.75]"
gen_2012_1,bus_2012,0,12.718660331978601,3.0661311341823496,0.9771299999976308,constv,0,25.435423255634603,11.0,1.0,0.0,10.0,47,Water,hydro_generator,NA,SYM Frame_no droop,IEEET1,PSS2B,HYGOV,0.13582090755446335,0.2266249050199985,0.9858901136905189,0.6667720416755974,0.18996816414596027,0.0,0.16383328597658217,0.16383328597658217,9.70420996861067,0.0,0.0582677543990125,0.10216426093597,2.2619570260397337,0,PowerModels index: 47,22347.5,16371.25,d_symg,"[22347.5, 22347.5]","[16371.25, 16388.75]"
gen_2014_1,bus_2014,0,165.978187592202,0.343592807862908,0.9745599999977684,constv,0,205.6718793992974,15.5,1.0,-50.0,80.0,48,Water,hydro_generator,NA,SYM Frame_no droop,IEEET1,PSS2B,HYGOV,0.16803026676428723,0.3756812654261,1.6311790880053059,0.9252973311534559,0.22204954740043747,0.0,0.20939293680270255,0.20939293680270255,9.14162822784018,0.0,0.0614735024808906,0.162205352655728,3.744052647626022,0,PowerModels index: 48,21826.875,15601.25,d_symg,"[21826.875, 21826.875]","[15601.25, 15618.75]"
gen_2015_1,bus_2015,0,51.46347397016579,-11.530151942175001,1.0098799999972754,constv,0,80.85296310738788,11.0,1.0,-30.0,40.0,49,Water,hydro_generator,NA,SYM Frame_no droop,IEEET1,PSS2B,HYGOV,0.18094866214595876,0.29060807755409,1.3375905165953867,0.7566273661918299,0.3497038962550843,0.0,0.20719188637931155,0.20719188637931155,5.75818576203892,0.0,0.0584789610555745,0.125639858629312,4.088361327663911,0,PowerModels index: 49,21551.25,14634.375,d_symg,"[21551.25, 21551.25]","[14634.375, 14651.875]"
gen_2016_2,bus_2016,0,53.7882164716721,-9.82455924073085,1.0121999999972753,constv,0,81.56165960736577,11.0,1.0,-30.0,40.0,50,Water,hydro_generator,NA,SYM Frame_no droop,IEEET1,PSS2B,HYGOV,0.17592062371996853,0.28831481979828,1.3233303133981913,0.7423417451139244,0.35377726230969075,0.0,0.21062316645628493,0.21062316645628493,5.59510483304039,0.0,0.0599073628931656,0.129609208103679,3.9848852016467142,0,PowerModels index: 50,21498.75,14555.625,d_symg,"[21498.75, 21498.75]","[14555.625, 14573.125]"
gen_2021_14,bus_2021,0,115.27907018156999,-15.398137622243501,0.9599599999981182,constv,0,160.5698731773289,17.0,1.0,-50.0,50.0,51,Water,hydro_generator,NA,SYM Frame_no droop,IEEET1,PSS2B,HYGOV,0.15722395567275899,0.339148916915,1.4275718205257182,0.7558649006599253,0.2866699048615003,0.0,0.19421515914973375,0.19421515914973375,9.64957300408408,0.0,0.063479751940188,0.204975472120568,3.560823191594903,0,PowerModels index: 51,21170.625,20658.75,d_symg,"[21170.625, 21170.625]","[20658.75, 20676.25]"
gen_2024_2,bus_2024,0,69.7121333398338,-6.70421066225446,0.9663499999981113,constv,0,119.10376408362453,15.0,1.0,-50.0,50.0,52,Water,hydro_generator,NA,SYM Frame_no droop,IEEET1,PSS2B,HYGOV,0.1544786104057851,0.276688239189155,1.2194070130764056,0.7284349227832906,0.3061088400209958,0.0,0.2832476197379422,0.2832476197379422,8.64429416814819,0.0,0.0467904670265503,0.207557347007096,3.359009336303854,0,PowerModels index: 52,21205.625,20737.5,d_symg,"[21205.625, 21205.625]","[20737.5, 20755.0]"
gen_2028_6,bus_2028,0,65.804614318345,-0.900903784301877,0.9724199999981106,constv,0,121.25876811711511,15.0,1.0,-50.0,50.0,53,Water,hydro_generator,NA,SYM Frame_no droop,IEEET1,PSS2B,HYGOV,0.15535575656247266,0.283993088279735,1.2469106969732586,0.7146274245108899,0.29785399569834864,0.0,0.2867217173992132,0.2867217173992132,8.5900621545501,0.0,0.0479352800024208,0.203371186354198,3.395618751984692,0,PowerModels index: 53,21074.375,20549.375,d_symg,"[21074.375, 21074.375]","[20549.375, 20566.875]"
gen_2030_8,bus_2030,0,69.5386755602799,-9.84916305486169,0.9636099999981107,constv,0,119.17520095506309,15.0,1.0,-50.0,50.0,54,Water,hydro_generator,NA,SYM Frame_no droop,IEEET1,PSS2B,HYGOV,0.15173237170098008,0.288221267361905,1.2700720024644037,0.7042947304318526,0.2976228242398556,0.0,0.2822201430168937,0.2822201430168937,8.85834268579492,0.0,0.0482526364274789,0.204495833693072,3.309656948402003,0,PowerModels index: 54,21161.875,20877.5,d_symg,"[21161.875, 21161.875]","[20877.5, 20895.0]"
gen_2036_1,bus_2036,0,71.3839554087347,2.32638627378177,0.9573799999981323,constv,0,114.53735049548955,10.5,1.0,-40.0,40.0,55,Brown Coal,thermal_generator,NA,SYM Frame_no droop_torque_reference,IEEET1,PSS2B,TGOV1,0.13342527289133643,0.43566993067311,1.8597775629389133,1.828436361125409,0.25680718506876266,0.2969153967626671,0.1606147436617607,0.1606147436617607,5.62580722622946,1.41292391285859,0.0377539766477421,0.0522054060432129,8.515870353122873,1,PowerModels index: 55,23415.0,10434.375,d_symg,"[23415.0, 23415.0]","[10434.375, 10451.875]"
gen_2037_2,bus_2037,0,72.45267330743368,-12.0128617628943,0.9380299999981511,constv,0,118.6236017355297,10.5,1.0,-40.0,50.0,56,Brown Coal,thermal_generator,NA,SYM Frame_no droop_torque_reference,IEEET1,PSS2B,TGOV1,0.13706049109373586,0.4411855168432475,1.9460608228094494,1.8798701575853467,0.25900520570630636,0.2992444710165611,0.16415309866895247,0.16415309866895247,5.63324014986213,1.42386981241591,0.0373273120949976,0.0513340991328005,8.173290171052189,1,PowerModels index: 56,23371.25,10377.5,d_symg,"[23371.25, 23371.25]","[10377.5, 10395.0]"
gen_2038_3,bus_2038,0,71.4069515075775,-4.6704606956616,0.9476299999981398,constv,0,115.30337028776523,10.5,1.0,-40.0,40.0,57,Brown Coal,thermal_generator,NA,SYM Frame_no droop_torque_reference,IEEET1,PSS2B,TGOV1,0.12911105922834393,0.43690150760049,1.863321903469353,1.7896898819686469,0.2579084217150594,0.3005668144642502,0.16838399982141852,0.16838399982141852,5.56171743093361,1.66273468548339,0.0322230394623708,0.287701905578258,8.449823738093288,1,PowerModels index: 57,23323.125,10386.25,d_symg,"[23323.125, 23323.125]","[10386.25, 10403.75]"
gen_2040_1,bus_2040,0,136.046296661597,-7.368156470804339,0.9889799999973815,constv,0,229.454430160735,15.75,1.0,-40.0,110.00000000000001,58,Brown Coal,thermal_generator,NA,SYM Frame_no droop_torque_reference,IEEET1,PSS2B,TGOV1,0.1679927850973928,0.56852672272101,2.5912866072288505,2.434379772996499,0.27415029204096575,0.716360834919312,0.20463684659444148,0.20463684659444148,12.1670928301318,1.92622005773117,0.0458926945318468,0.210096588095012,5.396903378768529,1,PowerModels index: 58,19726.875,10858.75,d_symg,"[19726.875, 19726.875]","[10858.75, 10876.25]"
gen_2041_2,bus_2041,0,143.32652905182,-2.03017769778478,0.9960299999974178,constv,0,229.80335683925216,15.75,1.0,-40.0,110.00000000000001,59,Brown Coal,thermal_generator,NA,SYM Frame_no droop_torque_reference,IEEET1,PSS2B,TGOV1,0.1696538520419559,0.566038564199955,2.5787785813619073,2.37926389970131,0.27788267626184604,0.6942535603245367,0.2106926196863653,0.2106926196863653,12.2804884779193,1.91468615333024,0.0445534495728929,0.20304874447389,5.3959973796945855,1,PowerModels index: 59,19814.375,10784.375,d_symg,"[19814.375, 19814.375]","[10784.375, 10801.875]"
gen_2043_2,bus_2043,0,346.95005454379395,-36.692059481947396,1.0061799999977858,constv,0,711.8629077733387,24.0,1.0,-210.0,330.0,60,Brown Coal,thermal_generator,NA,SYM Frame_no droop_torque_reference,IEEET1,PSS2B,TGOV1,0.26934585949687034,0.7660784252341825,3.4583628814302,2.2251612228527478,0.36442414969645487,0.6352583495674581,0.3189073860220471,0.3189073860220471,8.07839287091745,1.6656421950832,0.0257566751906415,0.0609874658533372,4.2040978722013245,1,PowerModels index: 60,20781.25,10478.125,d_symg,"[20781.25, 20781.25]","[10478.125, 10495.625]"
gen_2044_3,bus_2044,0,545.601412348538,6.578139153325649,1.0117099999979462,constv,0,758.6986696061966,21.0,1.0,-200.0,310.0,61,Brown Coal,thermal_generator,NA,SYM Frame_no droop_torque_reference,IEEET1,PSS2B,TGOV1,0.10957151463025133,0.7142032438178725,3.1300127520545766,1.9212018156024504,0.25633706174362547,0.7859686044208031,0.22914388562467625,0.22914388562467625,9.63119054253213,1.06803487882367,0.0360135997417383,0.123079596955329,2.849273848257879,1,PowerModels index: 61,20755.0,10583.125,d_symg,"[20755.0, 20755.0]","[10583.125, 10600.625]"
gen_2045_4,bus_2045,0,526.740899209748,-74.9163160444217,0.9902999999979444,constv,0,817.7595660241789,21.0,1.0,-110.00000000000001,340.0,62,Brown Coal,thermal_generator,NA,SYM Frame_no droop_torque_reference,IEEET1,PSS2B,TGOV1,0.17858072819806695,0.726353932854755,3.1946260743807815,2.9853922586321833,0.3789958655599097,0.8824005766561738,0.2794209397833392,0.2794209397833392,9.61823688837467,2.62273582036141,0.0404989788755775,0.153707704602275,3.190532747692301,1,PowerModels index: 62,20733.125,10438.75,d_symg,"[20733.125, 20733.125]","[10438.75, 10456.25]"
gen_2046_1,bus_2046,0,511.886080085132,55.344790299059795,0.998909999998037,constv,0,730.0269815606985,20.0,1.0,-110.00000000000001,330.0,63,Brown Coal,thermal_generator,NA,SYM Frame_no droop_torque_reference,IEEET1,PSS2B,TGOV1,0.2470526154332216,0.69228188475984,3.104407814791914,1.6748558398431113,0.328454428353905,1.0113311947860506,0.30356635263603815,0.30356635263603815,7.9957560302061,0.878809587816941,0.0354125640279381,0.113304608154576,2.519833704384978,1,PowerModels index: 63,20768.125,10329.375,d_symg,"[20768.125, 20768.125]","[10329.375, 10346.875]"
gen_2047_2,bus_2047,0,529.759362199972,47.88466473868031,0.9968599999980564,constv,0,726.431666282055,20.0,1.0,-110.00000000000001,330.0,64,Brown Coal,thermal_generator,NA,SYM Frame_no droop_torque_reference,IEEET1,PSS2B,TGOV1,0.24328064316306147,0.6795054174677225,3.051004218606956,1.721957833993845,0.32705833567269055,1.0339077206769947,0.30604239974763525,0.30604239974763525,7.98948127645068,0.887952172195073,0.0358368078892818,0.113771175741684,2.5809611994888004,1,PowerModels index: 64,20820.625,10368.75,d_symg,"[20820.625, 20820.625]","[10368.75, 10386.25]"
gen_2054_1,bus_2054,0,90.0189063795386,4.446300647875949,1.0652399999991415,constv,0,116.05458425748714,0.6899999999999998,1.0,-10.0,10.0,65,Water,hydro_generator,NA,SYM Frame_no droop,IEEET1,PSS2B,HYGOV,0.15363365583389407,0.296177483896085,1.1891326007786542,0.59856959299964,0.2894599043857155,0.0,0.19148147518214814,0.19148147518214814,9.16600971654989,0.0,0.0544922863943502,0.154421589545673,4.016182032690376,0,PowerModels index: 65,16450.0,12967.5,d_symg,"[16450.0, 16450.0]","[12967.5, 12985.0]"
gen_2055_2,bus_2055,0,51.7755913180758,9.89028119585291,1.0729099999991267,constv,0,75.83677981892474,0.6899999999999998,1.0,-30.0,20.0,66,Water,hydro_generator,NA,SYM Frame_no droop,IEEET1,PSS2B,HYGOV,0.16418935656183187,0.295218588298245,1.285754981704469,0.6565962611966067,0.3095478074396261,0.0,0.20516424006663397,0.20516424006663397,9.07309239946771,0.0,0.0544717363826931,0.15207743184641,3.729433047023704,0,PowerModels index: 66,16428.125,13055.0,d_symg,"[16428.125, 16428.125]","[13055.0, 13072.5]"
gen_2056_3,bus_2056,0,27.502320582569702,7.64712922532787,1.0777299999991428,constv,0,47.64288744915676,0.6899999999999998,1.0,-10.0,10.0,67,Water,hydro_generator,NA,SYM Frame_no droop,IEEET1,PSS2B,HYGOV,0.16106075412340268,0.28895081533835,1.182136594889751,0.6075931196668557,0.2943367434325744,0.0,0.19000547554314634,0.19000547554314634,9.02770271510817,0.0,0.053185727585014,0.151836432883283,3.9933331371250222,0,PowerModels index: 67,16502.5,12950.0,d_symg,"[16502.5, 16502.5]","[12950.0, 12967.5]"
gen_2057_4,bus_2057,0,50.68418794423341,9.82985949239228,1.0746099999989962,constv,0,116.59256385286419,0.6899999999999998,1.0,-20.0,20.0,68,Water,hydro_generator,NA,SYM Frame_no droop,IEEET1,PSS2B,HYGOV,0.1575418158203679,0.289167836851905,1.1740739570218879,0.6165055080469699,0.29660409149047884,0.0,0.1907519152450392,0.1907519152450392,9.35839558902662,0.0,0.0534328781481832,0.155718487343984,3.962448778691205,0,PowerModels index: 68,16681.875,12670.0,d_symg,"[16681.875, 16681.875]","[12670.0, 12687.5]"
gen_2058_5,bus_2058,0,30.970484672293104,6.60865617792485,1.0769399999990095,constv,0,73.91473966369111,0.6899999999999998,1.0,-10.0,10.0,69,Water,hydro_generator,NA,SYM Frame_no droop,IEEET1,PSS2B,HYGOV,0.1583193206007024,0.2938788464727125,1.1864234757763952,0.6007204016584365,0.287197302352517,0.0,0.18813925311573176,0.18813925311573176,9.02192411413416,0.0,0.0524561489649117,0.151637689943891,3.9617253856471852,0,PowerModels index: 69,16633.75,12652.5,d_symg,"[16633.75, 16633.75]","[12652.5, 12670.0]"
gen_2059_6,bus_2059,0,43.3489842760144,8.974411675248342,1.08352999999907,constv,0,116.93220535478383,0.6899999999999998,1.0,-30.0,20.0,70,Water,hydro_generator,NA,SYM Frame_no droop,IEEET1,PSS2B,HYGOV,0.1628987390875811,0.2832616046133325,1.1722844270976691,0.6180758027160311,0.29696949630685304,0.0,0.192248074972188,0.192248074972188,9.35010723690502,0.0,0.0537023312235251,0.156428222410614,3.830557956725188,0,PowerModels index: 70,16598.75,12722.5,d_symg,"[16598.75, 16598.75]","[12722.5, 12740.0]"
gen_2060_1,bus_2060,0,50.769790687559,-0.870072425790271,0.9751699999977564,constv,0,102.93623478404312,11.5,1.0,-20.0,20.0,71,Water,hydro_generator,NA,SYM Frame_no droop,IEEET1,PSS2B,HYGOV,0.13248996350345757,0.3770897290089975,1.5376619296666583,0.8401014029026214,0.3946053259357143,0.0,0.22196213705573364,0.22196213705573364,7.68085595152594,0.0,0.0698387765660137,0.084247076077899,3.2375358388716635,0,PowerModels index: 71,22561.875,15837.5,d_symg,"[22561.875, 22561.875]","[15837.5, 15855.0]"
gen_2061_5,bus_2061,0,46.9121250839084,-0.8867070204496379,0.9754199999977287,constv,0,102.3379200593621,11.5,1.0,-20.0,20.0,72,Water,hydro_generator,NA,SYM Frame_no droop,IEEET1,PSS2B,HYGOV,0.12827577919899932,0.377666472370025,1.540368102374889,0.8619619337686416,0.411613270920724,0.0,0.22713127399076946,0.22713127399076946,7.58959724868929,0.0,0.0729844010128453,0.0818953733624145,3.279398826408024,0,PowerModels index: 72,22531.25,15640.625,d_symg,"[22531.25, 22531.25]","[15640.625, 15658.125]"
gen_2062_2,bus_2062,0,49.47508432327339,-0.909071200627182,0.9701499999977297,constv,0,102.12618030486075,11.5,1.0,-20.0,20.0,73,Water,hydro_generator,NA,SYM Frame_no droop,IEEET1,PSS2B,HYGOV,0.1311606444782081,0.376256542097455,1.5347439884351988,0.8485667391249793,0.40041411828114004,0.0,0.22471632137173972,0.22471632137173972,7.50128685525794,0.0,0.070840064334143,0.082040952161816,3.1522887329197666,0,PowerModels index: 73,22561.875,15732.5,d_symg,"[22561.875, 22561.875]","[15732.5, 15750.0]"
gen_2069_1,bus_2069,0,31.694694625116902,-3.30541775477491,0.9908099999982619,constv,0,59.697501066407,11.0,1.0,-20.0,30.0,76,Brown Coal,thermal_generator,NA,SYM Frame_no droop_torque_reference,IEEET1,PSS2B,TGOV1,0.15273369809107032,0.428086248115695,1.9806023716761734,1.9366290651749334,0.28862121895914844,0.4631640786095693,0.22711696227981307,0.22711696227981307,6.107127386868,0.449100501766196,0.0388881832155399,0.0592212326824199,1.8106254542729379,1,PowerModels index: 76,23730.0,8408.75,d_symg,"[23730.0, 23730.0]","[8408.75, 8426.25]"
gen_2073_1,bus_2073,0,473.373842322757,45.6580550539587,0.9662499999974996,constv,0,678.7303991317541,24.0,1.0,-170.0,260.0,77,Brown Coal,thermal_generator,NA,SYM Frame_no droop_torque_reference,IEEET1,PSS2B,TGOV1,0.251292156524144,0.787430443246615,3.409822773238227,2.0511929210175337,0.3383617512090649,0.6183175825434939,0.30608064903650745,0.30608064903650745,8.04213320241077,1.63130434907973,0.0252934310870478,0.0606394733847119,4.421241675027534,1,PowerModels index: 77,20321.875,10333.75,d_symg,"[20321.875, 20321.875]","[10333.75, 10351.25]"
gen_2091_1,bus_2091,0,28.8376042157381,-3.44932537813294,0.9702899999976017,constv,0,102.77354217722203,11.5,1.0,-20.0,20.0,78,Water,hydro_generator,NA,SYM Frame_no droop,IEEET1,PSS2B,HYGOV,0.12158514290614855,0.2485487533537845,1.0135723213770458,0.6275247471663052,0.3261757404140019,0.0,0.2120714721109467,0.2120714721109467,8.44111767042777,0.0,0.0314025864723837,0.0856915255014785,4.388179519134726,0,PowerModels index: 78,21857.5,15942.5,d_symg,"[21857.5, 21857.5]","[15942.5, 15960.0]"
gen_2092_1,bus_2092,0,348.993836114038,-78.07564414404922,0.9918499999980335,constv,0,513.1172955368038,20.0,1.0,-120.0,190.0,79,Water,hydro_generator,NA,SYM Frame_no droop,IEEET1,PSS2B,HYGOV,0.18989412352087937,0.511766669164295,2.2037110489846072,2.124684317970785,0.29253768638506344,0.0,0.24233314283267707,0.24233314283267707,7.3165585881006,0.0,0.0380721040721284,0.272367673363467,3.096647093556524,0,PowerModels index: 79,23178.75,12359.375,d_symg,"[23178.75, 23178.75]","[12359.375, 12376.875]"
gen_2093_2,bus_2093,0,315.80497244537196,-44.2295903584657,0.9728599999974434,constv,0,455.0437488951709,20.0,1.0,-120.0,190.0,80,Water,hydro_generator,NA,SYM Frame_no droop,IEEET1,PSS2B,HYGOV,0.18990413378821805,0.5006249842629775,2.2038005924153077,2.198072014599968,0.2991123118220836,0.0,0.23808931587703502,0.23808931587703502,7.31055407261476,0.0,0.0370197912551463,0.270961899555149,2.985468626922875,0,PowerModels index: 80,22023.75,11764.375,d_symg,"[22023.75, 22023.75]","[11764.375, 11781.875]"
gen_2094_3,bus_2094,0,326.010094955155,13.7888998626748,0.9922299999974175,constv,0,521.2255949150251,20.0,1.0,-150.0,200.0,81,Water,hydro_generator,NA,SYM Frame_no droop,IEEET1,PSS2B,HYGOV,0.230424028760839,0.618070858482155,2.6772156566084058,2.570922105767555,0.34237950100579023,0.0,0.29178160311317797,0.29178160311317797,8.1800689175725,0.0,0.0405651944782585,0.0703483978975564,2.6244901939234446,0,PowerModels index: 81,22019.375,11681.25,d_symg,"[22019.375, 22019.375]","[11681.25, 11698.75]"
gen_2095_4,bus_2095,0,384.30129750208005,11.433909835405599,0.989559999997476,constv,0,515.8459855976752,20.0,1.0,-150.0,200.0,82,Water,hydro_generator,NA,SYM Frame_no droop,IEEET1,PSS2B,HYGOV,0.17941603381498342,0.5659252276341425,2.4557922420257494,2.2438519439027194,0.30538674050609366,0.0,0.2227841633128153,0.2227841633128153,9.01403412369709,0.0,0.0405587120503187,0.304586769940252,2.830789733334807,0,PowerModels index: 82,21993.125,11606.875,d_symg,"[21993.125, 21993.125]","[11606.875, 11624.375]"
gen_2322_3,bus_2322,0,34.37087262522778,1.0014128042542398,1.026439999996941,constv,0,51.20159445332142,10.5,1.0,-20.0,20.0,83,Brown Coal,thermal_generator,NA,SYM Frame_no droop_torque_reference,IEEET1,PSS2B,TGOV1,0.1473185332026346,0.61594825312954,2.676421137767918,1.9588568292891078,0.27769280832493753,0.44618711393421473,0.17477509795205984,0.17477509795205984,4.45158014260149,0.37324356560007,0.021248307089248,0.0633940274825296,5.685783800657811,1,PowerModels index: 83,22001.875,14546.875,d_symg,"[22001.875, 22001.875]","[14546.875, 14564.375]"
gen_2323_4,bus_2323,0,32.5579225848377,0.6666875720855779,1.026019999996918,constv,0,50.277466193467134,10.5,1.0,-20.0,20.0,84,Brown Coal,thermal_generator,NA,SYM Frame_no droop_torque_reference,IEEET1,PSS2B,TGOV1,0.14635604045232317,0.62873387726635,2.741147618229041,1.9532145270507264,0.27863601488647477,0.452634253601498,0.1739748467260832,0.1739748467260832,4.45641638381762,0.384897612011186,0.0208416807888779,0.0643816046734122,5.642499581125059,1,PowerModels index: 84,21971.25,14459.375,d_symg,"[21971.25, 21971.25]","[14459.375, 14476.875]"
gen_2324_1,bus_2324,0,34.989074655062,0.8944543812100769,1.02718999999696,constv,0,57.15341900827505,10.5,1.0,-20.0,20.0,85,Brown Coal,thermal_generator,NA,SYM Frame_no droop_torque_reference,IEEET1,PSS2B,TGOV1,0.15911972641749467,0.68280919779418,2.915577491457683,2.6512084831537153,0.28949209402539317,0.16871904234538337,0.16732420393630074,0.16732420393630074,5.56300846283417,0.811437354814904,0.042133739922672,0.0870592003817623,4.925220952353703,1,PowerModels index: 85,22041.25,14608.125,d_symg,"[22041.25, 22041.25]","[14608.125, 14625.625]"
gen_2325_2,bus_2325,0,33.0022717441131,0.408944916197751,1.0259199999969058,constv,0,69.4786875729878,10.5,1.0,-20.0,20.0,86,Brown Coal,thermal_generator,NA,SYM Frame_no droop_torque_reference,IEEET1,PSS2B,TGOV1,0.20743601156713293,0.9024392279982675,3.769299738997782,2.79487248172056,0.3853140457607496,0.2468291777495089,0.23797745821754723,0.23797745821754723,5.49128959307652,0.598409325595759,0.0388154977258481,0.108059357956569,4.0818083034332755,1,PowerModels index: 86,22028.125,14708.75,d_symg,"[22028.125, 22028.125]","[14708.75, 14726.25]"
gen_3154_3,bus_3154,0,38.15006813653801,-1.78708623269442,0.9978300000004909,constv,0,63.95567584531726,11.0,1.0,-20.0,30.0,87,Water,hydro_generator,NA,SYM Frame_no droop,IEEET1,PSS2B,HYGOV,0.11393766354207334,0.3718171642226625,1.6840338558855839,0.740225391758594,0.26757367850140473,0.0,0.18724732502612168,0.18724732502612168,6.01524441617657,0.0,0.0409194248579442,0.136285069723614,5.316816706356261,0,PowerModels index: 87,20562.5,47363.75,d_symg,"[20562.5, 20562.5]","[47363.75, 47381.25]"
gen_3155_1,bus_3155,0,54.78896249383889,0.188969746815553,1.0006000000004565,constv,0,80.9710645786919,11.0,1.0,-20.0,40.0,88,Water,hydro_generator,NA,SYM Frame_no droop,IEEET1,PSS2B,HYGOV,0.10767102074186133,0.526313052996015,2.4213334737621457,0.7707966868146084,0.2856135657511587,0.0,0.219157159915254,0.219157159915254,5.23850024223793,0.0,0.0311510650548153,0.0372836178079247,3.1386961096566846,0,PowerModels index: 88,20505.625,47433.75,d_symg,"[20505.625, 20505.625]","[47433.75, 47451.25]"
gen_3156_2,bus_3156,0,37.3852416237806,-2.2534103836764596,0.9718800000005282,constv,0,74.96115510446147,11.0,1.0,-20.0,50.0,89,Water,hydro_generator,NA,SYM Frame_no droop,IEEET1,PSS2B,HYGOV,0.13481688779168716,0.3816853033265675,2.049188190564224,0.8649574962858442,0.32137429325470435,0.0,0.2189791600226067,0.2189791600226067,5.90473576803925,0.0,0.0414171042172238,0.136108365259133,4.424422737629934,0,PowerModels index: 89,20300.0,47403.125,d_symg,"[20300.0, 20300.0]","[47403.125, 47420.625]"
gen_3264_1,bus_3264,0,158.62248344307702,10.879602374576299,1.0537899999995666,constv,0,240.95332211754882,15.0,1.0,-20.0,20.0,90,Black Coal,thermal_generator,NA,SYM Frame_no droop_torque_reference,IEEET1,PSS2B,TGOV1,0.17880103728924934,0.615674319156795,2.471224868234811,2.3960851020584504,0.25129620307249917,0.42387285323865426,0.1958498828830678,0.1958498828830678,10.4247302248478,0.918850534861675,0.021265989656467,0.0325859198257327,6.610725573838002,1,PowerModels index: 90,11466.875,49538.125,d_symg,"[11466.875, 11466.875]","[49538.125, 49555.625]"
gen_3295_1,bus_3295,0,672.011629407089,11.8418634473528,1.074829999999569,constv,0,1063.9690337263216,21.0,1.0,-220.00000000000003,390.0,91,Black Coal,thermal_generator,NA,SYM Frame_no droop_torque_reference,IEEET1,PSS2B,TGOV1,0.21426225201914473,0.7230897461436875,3.108734497661956,2.929080950721684,0.35174976848616074,1.1794115527131481,0.2249663391230508,0.2249663391230508,6.49822890136416,2.09722201965679,0.0349455311762402,0.24632794285465,2.236594395539649,1,PowerModels index: 91,20256.25,46208.75,d_symg,"[20256.25, 20256.25]","[46208.75, 46226.25]"
gen_3301_1,bus_3202,0,32.325133014311604,3.76301686895667,1.0021652453554195,constv,0,51.8440208472971,66.0,1.0,-20.0,20.0,92,Water,hydro_generator,NA,SYM Frame_no droop,IEEET1,PSS2B,HYGOV,0.15462786900764725,0.521669068610295,2.2617494315106783,1.2462552819820385,0.32598050146491575,0.0,0.22102243021747264,0.22102243021747264,11.7666526484396,0.0,0.0403545063221827,0.134077290374553,2.4935623938278555,0,PowerModels index: 92,14516.25,55645.625,d_symg,"[14516.25, 14516.25]","[55645.625, 55663.125]"
gen_3417_1,bus_3417,0,233.79768106916902,15.3889585213543,1.0023799999995555,constv,0,360.61800145505913,15.75,1.0,-40.0,150.0,93,Black Coal,thermal_generator,NA,SYM Frame_no droop_torque_reference,IEEET1,PSS2B,TGOV1,0.2085852055630857,0.5542875514127075,2.438073050992409,1.5609606928529538,0.34760847764743324,0.8656172075424042,0.2612952308336969,0.2612952308336969,8.84104764626361,1.41977305095177,0.0355467345670331,0.134924549088813,3.5159275101722445,1,PowerModels index: 93,13370.0,50623.125,d_symg,"[13370.0, 13370.0]","[50623.125, 50640.625]"
gen_3418_2,bus_3418,0,228.99522333410803,18.305990717556302,1.0172499999995441,constv,0,360.87270858493576,15.75,1.0,-50.0,150.0,94,Black Coal,thermal_generator,NA,SYM Frame_no droop_torque_reference,IEEET1,PSS2B,TGOV1,0.2057557713576774,0.5441811000095925,2.393265857587503,1.5687301005157335,0.3561928606403161,0.8321052212044914,0.26480460227461394,0.26480460227461394,8.94534697170602,1.42720811647829,0.0365770018170588,0.134260131702991,3.474842779443516,1,PowerModels index: 94,13816.25,50596.875,d_symg,"[13816.25, 13816.25]","[50596.875, 50614.375]"
gen_3419_3,bus_3419,0,181.826398928217,2.92992144144773,1.0800999999993974,constv,0,365.7050125049668,15.75,1.0,-70.0,150.0,95,Black Coal,thermal_generator,NA,SYM Frame_no droop_torque_reference,IEEET1,PSS2B,TGOV1,0.20629814658993442,0.5382673037995125,2.360794090952055,1.572550382163319,0.3613606658762407,0.8299098136701438,0.26020581738449955,0.26020581738449955,9.01198420198867,1.42844083372038,0.035481092891423,0.133668741711881,3.3814899823872855,1,PowerModels index: 95,11475.625,50964.375,d_symg,"[11475.625, 11475.625]","[50964.375, 50981.875]"
gen_3420_4,bus_3420,0,193.42773506570302,20.8648841696903,1.0769899999994146,constv,0,367.2087633389711,15.75,1.0,-60.0,150.0,96,Black Coal,thermal_generator,NA,SYM Frame_no droop_torque_reference,IEEET1,PSS2B,TGOV1,0.20733769690443066,0.55011708438862,2.4107742942932795,1.5947262037618652,0.34550897484067955,0.8497864373947444,0.26651178567346956,0.26651178567346956,8.82254464597441,1.46002057570033,0.0354735213819658,0.130525620050728,3.449079015024557,1,PowerModels index: 96,11637.5,51170.0,d_symg,"[11637.5, 11637.5]","[51170.0, 51187.5]"
gen_3421_5,bus_3421,0,143.62341807961803,8.5770152216617,1.0139599999994744,constv,0,356.99501622348663,15.75,1.0,-90.0,150.0,97,Black Coal,thermal_generator,NA,SYM Frame_no droop_torque_reference,IEEET1,PSS2B,TGOV1,0.2091733865945275,0.5584359856872475,2.4615788478212544,1.5871999812763415,0.3633520661143772,0.8337915787789989,0.2690909154772611,0.2690909154772611,9.00120812370675,1.42893853170797,0.0353049714509398,0.136436433299445,3.394353414656275,1,PowerModels index: 97,13195.0,50531.25,d_symg,"[13195.0, 13195.0]","[50531.25, 50548.75]"
gen_3422_6,bus_3422,0,252.81525112172497,20.5288921560526,1.0173799999995594,constv,0,355.01293108911705,15.75,1.0,-80.0,150.0,98,Black Coal,thermal_generator,NA,SYM Frame_no droop_torque_reference,IEEET1,PSS2B,TGOV1,0.20679975702517897,0.54104299076571,2.3877786348622343,1.5868251602756556,0.3547767802710276,0.8332041641281545,0.2637103501166471,0.2637103501166471,9.07079565360909,1.46636158179026,0.0360380109102698,0.135713061690563,3.4063369107124437,1,PowerModels index: 98,13575.625,50645.0,d_symg,"[13575.625, 13575.625]","[50645.0, 50662.5]"
gen_3423_1,bus_3423,0,339.36660236744706,9.45069326332528,1.015249999999339,constv,0,459.2729605182146,20.0,1.0,-100.0,180.0,99,Natural Gas,thermal_generator,NA,SYM Frame_no droop_torque_reference,IEEET1,PSS2B,TGOV1,0.29560531558912656,0.58663344774302,2.550586623695049,2.595779050024263,0.40725292402008395,0.6695179198357941,0.3404484304692104,0.3404484304692104,6.97784928334411,1.03591020514723,0.0472164834095165,0.0680591719527729,2.5010769070217713,1,PowerModels index: 99,16734.375,45316.25,d_symg,"[16734.375, 16734.375]","[45316.25, 45333.75]"
gen_3424_2,bus_3424,0,328.650323317071,1.83437086554319,1.011229999999337,constv,0,463.2023249438188,20.0,1.0,-100.0,190.0,100,Natural Gas,thermal_generator,NA,SYM Frame_no droop_torque_reference,IEEET1,PSS2B,TGOV1,0.2947392769076405,0.6021013914016075,2.640792612278069,2.611655311510923,0.3954589090928301,0.6840473653857434,0.3408949846358435,0.3408949846358435,6.99216537688626,1.01008997280151,0.0456134201057721,0.0680016349351034,2.4542012610703074,1,PowerModels index: 100,16874.375,45101.875,d_symg,"[16874.375, 16874.375]","[45101.875, 45119.375]"
gen_3425_3,bus_3425,0,333.605957972587,3.30725365806478,1.0118199999993385,constv,0,457.85925657606316,20.0,1.0,-90.0,190.0,101,Natural Gas,thermal_generator,NA,SYM Frame_no droop_torque_reference,IEEET1,PSS2B,TGOV1,0.28828547889522754,0.58602766990196,2.576418734824876,2.6133264562421736,0.39763875099452667,0.68621459885145,0.34553770028748,0.34553770028748,6.8380361740361,1.018040044792,0.0466622058417415,0.068566897973977,2.4620225094211436,1,PowerModels index: 101,16611.875,45469.375,d_symg,"[16611.875, 16611.875]","[45469.375, 45486.875]"
gen_3426_4,bus_3426,0,352.540245030636,28.1103395883693,1.010539999999349,constv,0,453.3482334638301,20.0,1.0,-100.0,190.0,102,Natural Gas,thermal_generator,NA,SYM Frame_no droop_torque_reference,IEEET1,PSS2B,TGOV1,0.28679735570642173,0.6006789432642975,2.6463425881622293,2.612183882512069,0.4018460943642197,0.6926792131589831,0.3493139242590824,0.3493139242590824,6.89142244027462,1.01466865255497,0.0470498466367135,0.0709491404084489,2.527413901244945,1,PowerModels index: 102,16283.75,45473.75,d_symg,"[16283.75, 16283.75]","[45473.75, 45491.25]"
gen_3430_1,bus_3430,0,291.08311794626997,-1.2139723646659397,1.0172599999997485,constv,0,469.07217327861355,20.0,1.0,-110.00000000000001,190.0,103,Black Coal,thermal_generator,NA,SYM Frame_no droop_torque_reference,IEEET1,PSS2B,TGOV1,0.3051479086703112,0.577217709455405,2.5253091566204597,1.8345557781964865,0.3571388252323828,0.429972827935876,0.3289364974107386,0.3289364974107386,5.13921708392445,2.03895327723585,0.0281393186561996,0.239056875193492,2.5131408623305633,1,PowerModels index: 103,17154.375,49026.25,d_symg,"[17154.375, 17154.375]","[49026.25, 49043.75]"
gen_3431_2,bus_3431,0,337.08405474398,2.37235024599703,1.0188599999997756,constv,0,455.00142505768133,20.0,1.0,-110.00000000000001,190.0,104,Black Coal,thermal_generator,NA,SYM Frame_no droop_torque_reference,IEEET1,PSS2B,TGOV1,0.30490041012359875,0.57261486406764,2.5207566627309848,1.9278416863808843,0.35775464650081984,0.4476412942608674,0.32959673763388286,0.32959673763388286,5.21611048839986,2.08348544691689,0.027697838442307,0.238239405105589,2.4748827561009312,1,PowerModels index: 104,16703.75,49367.5,d_symg,"[16703.75, 16703.75]","[49367.5, 49385.0]"
gen_3434_1,bus_3434,0,97.7013988349731,4.29467949318355,1.0193399999995307,constv,0,173.13640435569246,15.0,1.0,-50.0,70.0,105,Black Coal,thermal_generator,NA,SYM Frame_no droop_torque_reference,IEEET1,PSS2B,TGOV1,0.12295635888628355,0.4354186370585825,1.9042519596082776,1.786547896309295,0.2661437070943756,0.7398753813150496,0.1994860675885187,0.1994860675885187,9.62945421797982,1.59715483102575,0.0471132505866699,0.0756010422993917,6.496019427298207,1,PowerModels index: 105,20510.0,44677.5,d_symg,"[20510.0, 20510.0]","[44677.5, 44695.0]"
gen_3435_2,bus_3435,0,99.9689406776247,1.1591755747586,1.0163699999995293,constv,0,172.66519427459482,15.0,1.0,-50.0,70.0,106,Black Coal,thermal_generator,NA,SYM Frame_no droop_torque_reference,IEEET1,PSS2B,TGOV1,0.1237567361246925,0.4372074026148525,1.9130967687948752,1.7821291520205411,0.2575934744946721,0.7311332368597759,0.19888752319827166,0.19888752319827166,10.075610053159,1.62233106968924,0.0450799652872374,0.0764521842975169,6.364966418823712,1,PowerModels index: 106,20422.5,44830.625,d_symg,"[20422.5, 20422.5]","[44830.625, 44848.125]"
gen_3436_3,bus_3436,0,107.51995301137498,-6.630803831098969,1.0089999999995294,constv,0,168.8072507546194,15.0,1.0,-50.0,70.0,107,Black Coal,thermal_generator,NA,SYM Frame_no droop_torque_reference,IEEET1,PSS2B,TGOV1,0.12353689076197982,0.427048611814845,1.877198681429304,1.8484913820046802,0.2555932268425772,0.7338409479065814,0.20190988153984848,0.20190988153984848,10.5812228892087,1.64749556288123,0.0460557944513857,0.0757992805988761,6.32413396588749,1,PowerModels index: 107,20461.875,44581.25,d_symg,"[20461.875, 20461.875]","[44581.25, 44598.75]"
gen_3437_4,bus_3437,0,254.35082605878102,114.02582900406999,1.069549999999528,constv,0,408.2641024850157,15.0,1.0,-90.0,160.0,108,Black Coal,thermal_generator,NA,SYM Frame_no droop_torque_reference,IEEET1,PSS2B,TGOV1,0.2147525489144644,0.5656208392587025,2.4592037561727724,2.4430921676733344,0.36487187806089777,0.6159780404323472,0.28283184357610136,0.28283184357610136,7.41282163191959,0.554108337114216,0.0400270751188276,0.0769328714530449,2.895297038114753,1,PowerModels index: 108,20426.875,44734.375,d_symg,"[20426.875, 20426.875]","[44734.375, 44751.875]"
gen_3438_1,bus_3438,0,133.617273394639,1.6690695347473001,0.9673799999994654,constv,0,227.88203993792882,15.75,1.0,-60.0,90.0,109,Black Coal,thermal_generator,NA,SYM Frame_no droop_torque_reference,IEEET1,PSS2B,TGOV1,0.15622021948568474,0.6299167819390425,2.7426249521965618,1.8142646433286027,0.24601313211347853,1.4546829498828888,0.18436672824736733,0.18436672824736733,13.7501555766666,3.58677893648786,0.562812431588769,0.62336020775605,5.5277671590563395,1,PowerModels index: 109,19425.0,45128.125,d_symg,"[19425.0, 19425.0]","[45128.125, 45145.625]"
gen_3439_2,bus_3439,0,167.280394055444,3.2157747441737397,0.9663399999994686,constv,0,224.05782537957205,15.75,1.0,-60.0,90.0,110,Black Coal,thermal_generator,NA,SYM Frame_no droop_torque_reference,IEEET1,PSS2B,TGOV1,0.15682579370258765,0.5840767539287325,2.5511684475933327,1.8971675866817466,0.24358819728214015,1.480370438436522,0.18981681325689623,0.18981681325689623,13.5332678150258,3.572616360866,0.0561062996534631,0.629030369757209,5.5448986751300176,1,PowerModels index: 110,19451.25,44830.625,d_symg,"[19451.25, 19451.25]","[44830.625, 44848.125]"
gen_3442_1,bus_3442,0,392.37162271625607,15.8635004029665,0.9883099999997641,constv,0,668.8422990247938,19.5,1.0,-120.0,229.99999999999997,111,Black Coal,thermal_generator,NA,SYM Frame_no droop_torque_reference,IEEET1,PSS2B,TGOV1,0.24397414955156482,0.4690290484931325,1.9979631384567489,2.0276160766245264,0.3595401608944892,0.5741664460382034,0.2990246748597735,0.2990246748597735,6.49123385105608,1.43420447916258,0.03498675205498,0.0407677942737937,2.8338574852037275,1,PowerModels index: 111,17031.875,49179.375,d_symg,"[17031.875, 17031.875]","[49179.375, 49196.875]"
gen_3443_2,bus_3443,0,389.17365927410503,16.542018985211897,0.9884899999997543,constv,0,675.0267274853935,19.5,1.0,-120.0,220.00000000000003,112,Black Coal,thermal_generator,NA,SYM Frame_no droop_torque_reference,IEEET1,PSS2B,TGOV1,0.24231241871185263,0.4808356375694275,2.0344225113780694,2.0587780348892637,0.368644109140634,0.562248114604346,0.2877139131182865,0.2877139131182865,6.36829916049261,1.46957646857947,0.0347444396400359,0.0406297421539202,2.9173873821720266,1,PowerModels index: 112,16887.5,49293.125,d_symg,"[16887.5, 16887.5]","[49293.125, 49310.625]"
gen_3444_1,bus_3444,0,446.095845639464,33.8465337004101,0.9774799999993746,constv,0,719.7354293815149,20.5,1.0,-210.0,260.0,113,Natural Gas,thermal_generator,NA,SYM Frame_no droop_torque_reference,IEEET1,PSS2B,TGOV1,0.24010583100841437,0.462616370117815,1.9844742864151643,2.0286983911720173,0.34587029011904463,0.5583581665284784,0.2620684758756284,0.2620684758756284,6.53116008633329,1.41699244437274,0.0360051458599046,0.0471268866275903,2.660763811275713,1,PowerModels index: 113,16458.75,45395.0,d_symg,"[16458.75, 16458.75]","[45395.0, 45412.5]"
gen_3448_1,bus_3448,0,0.0,0.124195797505276,1.0197399999983627,constv,0,40.64382213559853,11.0,1.0,-20.0,20.0,114,Water,hydro_generator,NA,SYM Frame_no droop,IEEET1,PSS2B,HYGOV,0.14585705396058626,0.356652551978605,1.6387455765969143,0.9388742975706381,0.3729759814676193,0.0,0.22996507629172167,0.22996507629172167,8.16106135559008,0.0,0.0711400947159156,0.184429087537788,2.121578354199495,0,PowerModels index: 114,9625.0,61871.25,d_symg,"[9625.0, 9625.0]","[61871.25, 61888.75]"
gen_3449_2,bus_3449,0,26.060170449972205,-0.192852384490659,1.0237399999985672,constv,0,40.40366697492711,11.0,1.0,-20.0,20.0,115,Water,hydro_generator,NA,SYM Frame_no droop,IEEET1,PSS2B,HYGOV,0.19204427498488408,0.30697036185608,1.4131603863604894,0.6218548990207884,0.32851145735025056,0.0,0.2553549902407792,0.2553549902407792,6.78570924373809,0.0,0.0692698138938285,0.160132405337552,2.8049266331330305,0,PowerModels index: 115,10268.125,62304.375,d_symg,"[10268.125, 10268.125]","[62304.375, 62321.875]"
gen_3453_1,bus_3453,0,0.0,2.49148080884786,0.9424499999986964,constv,0,31.305691110324734,11.0,1.0,-10.0,20.0,116,Water,hydro_generator,NA,SYM Frame_no droop,IEEET1,PSS2B,HYGOV,0.1788044650301247,0.2627915696300325,1.3663544864458566,0.7266116585759596,0.3349766951017539,0.0,0.23453627776692107,0.23453627776692107,6.12672656222945,0.0,0.0562831844830886,0.158503101532022,2.2832964672679448,0,PowerModels index: 116,9283.75,59141.25,d_symg,"[9283.75, 9283.75]","[59141.25, 59158.75]"
gen_3454_2,bus_3454,0,18.586411690213502,1.8555040984759998,0.9397999999988091,constv,0,31.79202572583192,11.0,1.0,-10.0,20.0,117,Water,hydro_generator,NA,SYM Frame_no droop,IEEET1,PSS2B,HYGOV,0.17938726638427588,0.2758433507203775,1.41943351140237,0.711751267263956,0.33241518978078605,0.0,0.24030251645656803,0.24030251645656803,5.97985164252343,0.0,0.0579157009681687,0.152448674468719,2.365242376499813,0,PowerModels index: 117,9401.875,59587.5,d_symg,"[9401.875, 9401.875]","[59587.5, 59605.0]"
gen_3455_3,bus_3455,0,18.792232497129604,2.31586751971524,0.9426699999988117,constv,0,31.00916685409862,11.0,1.0,-10.0,20.0,118,Water,hydro_generator,NA,SYM Frame_no droop,IEEET1,PSS2B,HYGOV,0.1777831333498668,0.2701580933232675,1.4140563934350745,0.7132772125119532,0.3396637842027099,0.0,0.24110082665099558,0.24110082665099558,5.91066214907914,0.0,0.0585304443674162,0.152371044559637,2.331761260894714,0,PowerModels index: 118,9340.625,59228.75,d_symg,"[9340.625, 9340.625]","[59228.75, 59246.25]"
gen_3456_4,bus_3456,0,0.0,0.570948067357205,0.9353699999986873,constv,0,31.690188252685303,11.0,1.0,-10.0,20.0,119,Water,hydro_generator,NA,SYM Frame_no droop,IEEET1,PSS2B,HYGOV,0.18005437408494201,0.2729835293692425,1.4076881200132212,0.7301167841936295,0.3297157606025594,0.0,0.24019477588997126,0.24019477588997126,5.96565050280886,0.0,0.0585229253903031,0.153289203950041,2.374486708283581,0,PowerModels index: 119,9314.375,59591.875,d_symg,"[9314.375, 9314.375]","[59591.875, 59609.375]"
gen_3457_5,bus_3457,0,0.0958614002307877,0.777090317195049,1.0151799999985862,constv,0,13.297658590516987,6.6,1.0,-10.0,10.0,120,Water,hydro_generator,NA,SYM Frame_no droop,IEEET1,PSS2B,HYGOV,0.20583494004507008,0.268288888149715,1.6280917355588038,0.8331974591219994,0.38856137602241003,0.0,0.2862474756042301,0.2862474756042301,5.90421553250868,0.0,0.0570922884592786,0.158422106663394,1.986352067841624,0,PowerModels index: 120,8863.75,59946.25,d_symg,"[8863.75, 8863.75]","[59946.25, 59963.75]"
gen_3462_1,bus_3462,0,149.13769483177,-11.938774312788402,1.0034699999990409,constv,0,215.64750590477462,11.0,1.0,-70.0,90.0,121,Black Coal,thermal_generator,NA,SYM Frame_no droop_torque_reference,IEEET1,PSS2B,TGOV1,0.22243446291569763,0.659242306136585,2.9017643219002665,2.866938968288542,0.39244219387152485,0.7168883470643711,0.2647543762656996,0.2647543762656996,9.9886029273714,2.56252056546509,0.0459457762856036,0.153269049965311,5.4718793199566145,1,PowerModels index: 121,12394.375,60033.75,d_symg,"[12394.375, 12394.375]","[60033.75, 60051.25]"
gen_3463_1,bus_3463,0,78.57012764308452,7.65819148109229,0.9201099999992431,constv,0,117.01570017589025,10.5,1.0,-40.0,50.0,122,Black Coal,thermal_generator,NA,SYM Frame_no droop_torque_reference,IEEET1,PSS2B,TGOV1,0.150263866422915,0.5600968019324924,2.4779942304114053,2.2984771107029376,0.3020790774410142,0.5227812744711549,0.1939741464334851,0.1939741464334851,8.66599648480853,2.57883605716052,0.0503824694449548,0.150552357514389,4.077760543912038,1,PowerModels index: 122,13737.5,61713.75,d_symg,"[13737.5, 13737.5]","[61713.75, 61731.25]"
gen_3464_1,bus_3464,0,122.659723240664,-4.114679432228209,1.004909999999242,constv,0,205.9163980308003,10.5,1.0,-50.0,80.0,123,Black Coal,thermal_generator,NA,SYM Frame_no droop_torque_reference,IEEET1,PSS2B,TGOV1,0.25500208163468013,0.6467035999381625,2.807343303511014,2.32356047900545,0.31777817459328506,1.645524492335356,0.2622680215597905,0.2622680215597905,10.4732344514504,3.45203370006289,0.045548999259132,0.422605552948779,5.788198429095023,1,PowerModels index: 123,10788.75,42000.0,d_symg,"[10788.75, 10788.75]","[42000.0, 42017.5]"
gen_3466_1,bus_3466,0,28.5315465193212,-5.97646587355519,0.9980499999992299,constv,0,40.051302874875226,33.0,1.0,-20.0,20.0,124,Black Coal,thermal_generator,NA,SYM Frame_no droop_torque_reference,IEEET1,PSS2B,TGOV1,0.11604888202024824,0.5354111614278525,2.4719036819741036,1.2387241793397643,0.30532577321482224,1.2159808051074812,0.20121464820529616,0.20121464820529616,3.85515368472785,0.800921465251595,0.486007277850062,0.0811903934385628,0.770874434312384,1,PowerModels index: 124,10959.375,41803.125,d_symg,"[10959.375, 10959.375]","[41803.125, 41820.625]"
gen_3525_2,bus_3525,0,151.481625780188,-3.1803239799808702,0.986989999999454,constv,0,240.67633548847334,15.75,1.0,-60.0,90.0,125,Black Coal,thermal_generator,NA,SYM Frame_no droop_torque_reference,IEEET1,PSS2B,TGOV1,0.18371317384069658,0.6404796050221775,2.7623239177450776,2.6570975254531297,0.28256749599214737,0.4474889499724312,0.20537815001752047,0.20537815001752047,10.5113917976534,0.948073863982223,0.0210824453208363,0.0322791219606996,6.6013136274918045,1,PowerModels index: 125,19324.375,45189.375,d_symg,"[19324.375, 19324.375]","[45189.375, 45206.875]"
gen_3526_3,bus_3526,0,162.32070663892702,-6.57704077966753,0.983809999999454,constv,0,251.70758752337386,15.75,1.0,-50.0,100.0,126,Black Coal,thermal_generator,NA,SYM Frame_no droop_torque_reference,IEEET1,PSS2B,TGOV1,0.1858753262895219,0.6591896275808675,2.87324158673159,2.609943589864464,0.28376730723431026,0.4516388963076529,0.2140538206828889,0.2140538206828889,10.2293869178845,0.965527558209607,0.0218661442307755,0.0330936538539827,6.597529192087637,1,PowerModels index: 126,19503.75,45053.75,d_symg,"[19503.75, 19503.75]","[45053.75, 45071.25]"
gen_3527_1,bus_3527,0,134.162182604531,10.3741542792809,0.9966199999994526,constv,0,242.55265565657834,15.75,1.0,-60.0,90.0,127,Black Coal,thermal_generator,NA,SYM Frame_no droop_torque_reference,IEEET1,PSS2B,TGOV1,0.1835753203906868,0.6629519883183524,2.8556699169120967,2.65996179770716,0.27639770986648543,0.43486169903982647,0.20798708837594504,0.20798708837594504,10.5212591934707,0.969115131787257,0.0216991204970051,0.0326575705833733,6.782348865336983,1,PowerModels index: 127,19508.125,44948.75,d_symg,"[19508.125, 19508.125]","[44948.75, 44966.25]"
gen_3585_1,bus_3585,0,333.83098638962196,18.201650020846603,1.0064999999997681,constv,0,457.67996655685863,20.0,1.0,-90.0,190.0,128,Black Coal,thermal_generator,NA,SYM Frame_no droop_torque_reference,IEEET1,PSS2B,TGOV1,0.3145700291007818,0.564136743018375,2.4803793925809834,1.843378161345214,0.35361509572665695,0.4418983685302107,0.33657126536924614,0.33657126536924614,5.03132362128235,2.01377022638917,0.0281767686988693,0.23915942830476,2.497204877485215,1,PowerModels index: 128,15518.125,50544.375,d_symg,"[15518.125, 15518.125]","[50544.375, 50561.875]"
gen_3586_2,bus_3586,0,331.572555586178,14.097260140581,1.0042299999997855,constv,0,467.2012906405933,20.0,1.0,-90.0,190.0,129,Black Coal,thermal_generator,NA,SYM Frame_no droop_torque_reference,IEEET1,PSS2B,TGOV1,0.3059627204277073,0.568703848772885,2.4900230350430608,1.908138749163457,0.34708820657762673,0.4414535893978982,0.32406625154421775,0.32406625154421775,5.03224208392203,2.04006330519915,0.027402938270336,0.238587287424132,2.500938044810417,1,PowerModels index: 129,15273.125,50649.375,d_symg,"[15273.125, 15273.125]","[50649.375, 50666.875]"
gen_3587_3,bus_3587,0,136.302122333584,-16.7380826868276,0.9947799999996391,constv,0,449.3988234686719,20.0,1.0,-130.0,150.0,130,Black Coal,thermal_generator,NA,SYM Frame_no droop_torque_reference,IEEET1,PSS2B,TGOV1,0.2984341553877421,0.570048846006975,2.4189172159049974,1.8510202702493794,0.3402574910116757,0.42960343195652795,0.3224761529933483,0.3224761529933483,5.168982744799,2.04926389493048,0.0273757392545929,0.239704781253589,2.5621090978942243,1,PowerModels index: 130,15365.0,50596.875,d_symg,"[15365.0, 15365.0]","[50596.875, 50614.375]"
gen_3588_4,bus_3588,0,349.539415874761,9.086868038214742,1.00247999999979,constv,0,549.7221246732269,20.0,1.0,-90.0,190.0,131,Black Coal,thermal_generator,NA,SYM Frame_no droop_torque_reference,IEEET1,PSS2B,TGOV1,0.29640430920016053,0.5720967587517225,2.438679995750597,1.8670838603703512,0.34043577109023604,0.4366868617953424,0.3200521648270702,0.3200521648270702,5.13414660817944,2.02966636954807,0.0273117118729278,0.234778617666801,2.5785509424644393,1,PowerModels index: 131,15456.875,50631.875,d_symg,"[15456.875, 15456.875]","[50631.875, 50649.375]"
gen_3655_1,bus_3655,0,367.584851894179,41.0305055378158,1.0036599999993978,constv,0,623.8147148578429,19.0,1.0,-180.0,229.99999999999997,132,Natural Gas,thermal_generator,NA,SYM Frame_no droop_torque_reference,IEEET1,PSS2B,TGOV1,0.20788234240920836,0.536179720030165,2.30726884821196,1.956260831599761,0.32935782462900537,1.1298620821855578,0.2374106638370167,0.2374106638370167,7.23080071737408,1.59401434882428,0.0209646982420236,0.251462698238902,2.034674545464081,1,PowerModels index: 132,19600.0,42091.875,d_symg,"[19600.0, 19600.0]","[42091.875, 42109.375]"
gen_3656_2,bus_3656,0,364.29128839322004,48.745432587144,1.0050999999994,constv,0,610.9791579716295,19.0,1.0,-190.0,229.99999999999997,133,Natural Gas,thermal_generator,NA,SYM Frame_no droop_torque_reference,IEEET1,PSS2B,TGOV1,0.211960876023601,0.5421152264690025,2.3406407800400855,1.9531621415669125,0.32862378071512544,1.1717797978162368,0.2458225293917691,0.2458225293917691,7.16370960273896,1.55405060914112,0.0209569999435917,0.25156340522808,2.039971855777295,1,PowerModels index: 133,19643.75,41860.0,d_symg,"[19643.75, 19643.75]","[41860.0, 41877.5]"
gen_4027_1,bus_4027,0,0.0,3.57525504164393,0.9806400000009817,constv,0,47.063022605322864,11.5,1.0,-10.0,30.0,137,Natural Gas,thermal_generator,NA,SYM Frame_no droop_torque_reference,IEEET1,PSS2B,TGOV1,0.26778285811860086,0.8276675732114825,4.296796101706868,3.770575165251039,0.4735901913595212,0.6813553154732722,0.37894048826141674,0.37894048826141674,6.92759781420697,2.21503148312215,0.0410523054329678,0.0402912167338654,0.4920152144565346,1,PowerModels index: 137,7988.75,17206.875,d_symg,"[7988.75, 7988.75]","[17206.875, 17224.375]"
gen_4028_1,bus_4028,0,0.0,3.75328538779309,0.98165000000098,constv,0,47.810434179011594,11.5,1.0,-10.0,30.0,138,Natural Gas,thermal_generator,NA,SYM Frame_no droop_torque_reference,IEEET1,PSS2B,TGOV1,0.2633467765249206,0.7959422592825725,4.088914879449688,3.8082287968990407,0.4635900777399247,0.6688019753743263,0.3760765993457974,0.3760765993457974,6.74260334243998,2.21459018998314,0.041636662135832,0.0414714867752045,0.5068676243923854,1,PowerModels index: 138,7997.5,17298.75,d_symg,"[7997.5, 7997.5]","[17298.75, 17316.25]"
gen_4029_1,bus_4029,0,0.0,0.258818292321265,0.9734700000009826,constv,0,47.265368659749974,11.5,1.0,-10.0,30.0,139,Natural Gas,thermal_generator,NA,SYM Frame_no droop_torque_reference,IEEET1,PSS2B,TGOV1,0.27017718591053264,0.795947279379935,4.120092580950333,3.817512909381919,0.4752984133971118,0.6761092560348273,0.3717681952258885,0.3717681952258885,6.8490337250568,2.22632003779057,0.0408653176035732,0.0403539084820077,0.4913774954120898,1,PowerModels index: 139,8058.75,17132.5,d_symg,"[8058.75, 8058.75]","[17132.5, 17150.0]"
gen_4030_1,bus_4030,0,0.0,4.23996887961002,0.9827700000009835,constv,0,47.65029561571251,11.5,1.0,-10.0,30.0,140,Natural Gas,thermal_generator,NA,SYM Frame_no droop_torque_reference,IEEET1,PSS2B,TGOV1,0.26648854045026554,0.8114360498571775,4.177652771083661,3.724977932249397,0.47678607603128875,0.6674747601443451,0.38259134178487614,0.38259134178487614,6.90915627587121,2.21485167982522,0.0410489713214338,0.0408038992714137,0.4900325105888478,1,PowerModels index: 140,8071.875,17228.75,d_symg,"[8071.875, 8071.875]","[17228.75, 17246.25]"
gen_4033_1,bus_4033,0,0.0,1.9322701630242196,0.9760600000009765,constv,0,47.85445479122037,11.5,1.0,-10.0,30.0,141,Natural Gas,thermal_generator,NA,SYM Frame_no droop_torque_reference,IEEET1,PSS2B,TGOV1,0.26599368511769306,0.8084679086366675,4.150783859594359,3.7716314542593548,0.45574023178935213,0.6598857509317418,0.3790073319238461,0.3790073319238461,6.68756683983374,2.22052502406761,0.0410490254191682,0.0419163630865514,0.49823265572358333,1,PowerModels index: 141,5993.75,17189.375,d_symg,"[5993.75, 5993.75]","[17189.375, 17206.875]"
gen_4034_1,bus_4034,0,0.0,1.952267824,0.9660300000009765,constv,0,48.04570252607464,11.5,1.0,-10.0,30.0,142,Natural Gas,thermal_generator,NA,SYM Frame_no droop_torque_reference,IEEET1,PSS2B,TGOV1,0.25989826591107296,0.8162936026647225,4.180223844298423,3.883764838912467,0.4569626537792048,0.663254764823601,0.375304729503503,0.375304729503503,6.62671143864747,2.24587251405232,0.0409542281460017,0.0406969609949738,0.4901056918754501,1,PowerModels index: 142,5976.25,17285.625,d_symg,"[5976.25, 5976.25]","[17285.625, 17303.125]"
gen_4035_1,bus_4035,0,0.0,3.3381552571319,0.9779000000009739,constv,0,47.16185791259881,11.5,1.0,-10.0,30.0,143,Natural Gas,thermal_generator,NA,SYM Frame_no droop_torque_reference,IEEET1,PSS2B,TGOV1,0.26608151445333755,0.8088157449744175,4.192924137048209,3.9262186470413445,0.477091517653093,0.6551964578053597,0.3844017562301131,0.3844017562301131,6.7742420677375,2.20991613238119,0.0418790184557438,0.0416608289591968,0.4904911479467596,1,PowerModels index: 143,5897.5,17325.0,d_symg,"[5897.5, 5897.5]","[17325.0, 17342.5]"
gen_4036_1,bus_4036,0,0.0,2.9525197255446596,0.9769300000009765,constv,0,46.969811562907516,11.5,1.0,-10.0,30.0,144,Natural Gas,thermal_generator,NA,SYM Frame_no droop_torque_reference,IEEET1,PSS2B,TGOV1,0.2639762276501179,0.829442892221735,4.311879122242318,3.89882617780438,0.47087846009041473,0.6553910079758551,0.37639697678066186,0.37639697678066186,6.72339465667494,2.28254319244996,0.0407950328448787,0.0415979244560003,0.4856618213771213,1,PowerModels index: 144,5906.25,17403.75,d_symg,"[5906.25, 5906.25]","[17403.75, 17421.25]"
gen_4052_11,bus_4052,0,127.264972509581,7.903512925389969,0.9955300000007796,constv,0,218.24890836895509,15.75,1.0,-80.0,90.0,146,Natural Gas,thermal_generator,NA,SYM Frame_no droop_torque_reference,IEEET1,PSS2B,TGOV1,0.1650848238285449,0.5965474841522524,2.6192652293275933,2.3726229010132407,0.24480224896535824,0.3862406247170467,0.19436155727481022,0.19436155727481022,5.96803053396195,1.01625046047312,0.0229278964031488,0.0346846397274174,8.389914838003191,1,PowerModels index: 146,9086.875,17521.875,d_symg,"[9086.875, 9086.875]","[17521.875, 17539.375]"
gen_4053_12,bus_4053,0,135.210093454782,11.477315202595099,0.9975900000007835,constv,0,214.68609160474062,15.75,1.0,-80.0,90.0,147,Natural Gas,thermal_generator,NA,SYM Frame_no droop_torque_reference,IEEET1,PSS2B,TGOV1,0.17307316861489502,0.6036265549005475,2.6594811550154036,2.359964961315428,0.25062304605704167,0.3953913645414569,0.19626328710566843,0.19626328710566843,6.06553120166436,1.01559444761742,0.0228931397322565,0.0340843847026583,8.228551864083592,1,PowerModels index: 147,9152.5,17447.5,d_symg,"[9152.5, 9152.5]","[17447.5, 17465.0]"
gen_4054_18,bus_4054,0,137.62957877398497,9.789118596352642,0.9960700000007556,constv,0,222.90309091299636,15.75,1.0,-80.0,90.0,148,Natural Gas,thermal_generator,NA,SYM Frame_no droop_torque_reference,IEEET1,PSS2B,TGOV1,0.17047984981644965,0.58947345005552,2.5773171517679825,2.342382403495182,0.25349564276605757,0.40184681259405625,0.1924424128415725,0.1924424128415725,6.03764258647151,1.03706964065926,0.0229919012343977,0.034806307345489,7.447344995067207,1,PowerModels index: 148,9209.375,17513.125,d_symg,"[9209.375, 9209.375]","[17513.125, 17530.625]"
gen_4058_1,bus_4058,0,38.4946844491548,16.7631166103504,1.0010100000008255,constv,0,176.8024661016728,13.8,1.0,0.0,70.0,149,Natural Gas,thermal_generator,NA,SYM Frame_no droop_torque_reference,IEEET1,PSS2B,TGOV1,0.22468810181180968,0.54238441960048,2.362599607441081,1.7366143968593102,0.36866049470763046,0.45697944119773265,0.3346123927505486,0.3346123927505486,5.63698048211052,0.726625784244388,0.0506218219106086,0.102953386534937,5.006008147437505,1,PowerModels index: 149,8855.0,17543.75,d_symg,"[8855.0, 8855.0]","[17543.75, 17561.25]"
gen_4059_2,bus_4059,0,37.3084137147125,11.7401205939442,0.9952600000008217,constv,0,173.9814107836508,13.8,1.0,0.0,70.0,150,Natural Gas,thermal_generator,NA,SYM Frame_no droop_torque_reference,IEEET1,PSS2B,TGOV1,0.22474208352465522,0.5221725440230225,2.2815009312270607,1.778485422632536,0.3669206333068974,0.45442760296792895,0.32946861814292466,0.32946861814292466,5.81185808123206,0.724394014978316,0.0516085953789297,0.104392981084529,4.87289656312141,1,PowerModels index: 150,8951.25,17443.125,d_symg,"[8951.25, 8951.25]","[17443.125, 17460.625]"
gen_4061_4,bus_4061,0,38.770804742195004,18.323136900162,1.0017400000008283,constv,0,174.5819321770741,13.8,1.0,0.0,70.0,151,Natural Gas,thermal_generator,NA,SYM Frame_no droop_torque_reference,IEEET1,PSS2B,TGOV1,0.21941135805040013,0.5310093617159874,2.3185739302634865,1.8153068028422548,0.3668203734876906,0.4369285108965114,0.32777264782938753,0.32777264782938753,5.6157100670028,0.719611669196747,0.0519176516891457,0.100536718044896,4.933441421899424,1,PowerModels index: 151,8894.375,17469.375,d_symg,"[8894.375, 8894.375]","[17469.375, 17486.875]"
gen_4062_1,bus_4062,0,55.8750720689865,12.2027521266136,1.0054100000008381,constv,0,288.71666970920813,16.0,1.0,-50.0,110.00000000000001,152,Natural Gas,thermal_generator,NA,SYM Frame_no droop_torque_reference,IEEET1,PSS2B,TGOV1,0.22012617520968522,0.48675963286485,2.1058705816436913,2.1435997790754855,0.3055943127841224,0.6170941942521945,0.24441807547203187,0.24441807547203187,6.40017122149468,1.20413972176285,0.0405958254551515,0.0331877614304423,3.430860223221458,1,PowerModels index: 152,9856.875,17771.25,d_symg,"[9856.875, 9856.875]","[17771.25, 17788.75]"
gen_4064_3,bus_4064,0,61.3134457642919,19.0100216837332,1.0118400000008263,constv,0,294.0538075587758,16.0,1.0,-50.0,110.00000000000001,153,Natural Gas,thermal_generator,NA,SYM Frame_no droop_torque_reference,IEEET1,PSS2B,TGOV1,0.22162167410635825,0.50477326384012,2.177163964016063,2.147462516407952,0.3090200677709814,0.6274222750762113,0.23650953816783593,0.23650953816783593,6.45610193923116,1.23758522977959,0.0407054398311302,0.0325030825398862,3.494724591912002,1,PowerModels index: 153,10018.75,17745.0,d_symg,"[10018.75, 10018.75]","[17745.0, 17762.5]"
gen_4065_4,bus_4065,0,58.176223566194906,15.919317246771,1.008770000000835,constv,0,284.9636099401856,16.0,1.0,-50.0,110.00000000000001,154,Natural Gas,thermal_generator,NA,SYM Frame_no droop_torque_reference,IEEET1,PSS2B,TGOV1,0.22568362021906815,0.50358357649867,2.183577174597584,2.148296775493629,0.3051075807996501,0.6076589375135261,0.2418211141853654,0.2418211141853654,6.6274527862668,1.22703910976136,0.0418088025366887,0.0325258976228535,3.3845089477440102,1,PowerModels index: 154,10062.5,17902.5,d_symg,"[10062.5, 10062.5]","[17902.5, 17920.0]"
gen_4066_1,bus_4066,0,78.7966765485445,5.715587193107,1.0173800000008273,constv,0,188.94976499802414,15.75,1.0,-40.0,70.0,155,Natural Gas,thermal_generator,NA,SYM Frame_no droop_torque_reference,IEEET1,PSS2B,TGOV1,0.1672708560918291,0.60153904773295,2.590482224757015,1.8766157385669326,0.2418411361550495,0.9530935092200153,0.19502352068695794,0.19502352068695794,13.1314481748268,3.29759017562494,0.0204176598712802,0.0916507558718789,6.46766172943972,1,PowerModels index: 155,9038.75,14323.75,d_symg,"[9038.75, 9038.75]","[14323.75, 14341.25]"
gen_4067_2,bus_4067,0,49.6087914977608,5.56327793701654,1.0172100000008155,constv,0,97.13422539548398,11.5,1.0,-20.0,40.0,156,Natural Gas,thermal_generator,NA,SYM Frame_no droop_torque_reference,IEEET1,PSS2B,TGOV1,0.18247526820191295,0.464406105964735,2.038492382713856,1.7050476791744886,0.2755435400833002,0.7621131380137731,0.23902681242758958,0.23902681242758958,11.023837137199,1.50445765501354,0.0203490700470284,0.124218902628869,4.214268090577498,1,PowerModels index: 156,9121.875,14358.75,d_symg,"[9121.875, 9121.875]","[14358.75, 14376.25]"
gen_4072_1,bus_4072,0,38.6113984149723,-1.44746811458711,1.00360000000228,constv,0,58.38930373310417,11.0,1.0,-20.0,30.0,157,Natural Gas,thermal_generator,NA,SYM Frame_no droop_torque_reference,IEEET1,PSS2B,TGOV1,0.1851502864362419,0.4955897862495625,2.3106725657414158,1.171881045883429,0.3309797221309077,0.4295600201319521,0.2734531005574201,0.2734531005574201,5.24826739054872,2.84290729199213,0.0405561378989369,0.0327926296308637,1.7054122520717312,1,PowerModels index: 157,13453.125,19333.125,d_symg,"[13453.125, 13453.125]","[19333.125, 19350.625]"
gen_5006_1,bus_5006,0,73.44618478614161,11.7072726332725,0.9881999999999609,constv,0,116.47057384531374,13.8,1.0,-40.0,60.0,165,Water,hydro_generator,NA,SYM Frame_no droop,IEEET1,PSS2B,HYGOV,0.11868425383207534,0.252783072046935,1.1797145737831565,0.645647064671726,0.2039756791091029,0.0,0.16951670447259634,0.16951670447259634,7.59521613064688,0.0,0.0749233858382329,0.174535932511487,3.2581999516044697,0,PowerModels index: 165,22500.625,4261.25,d_symg,"[22500.625, 22500.625]","[4261.25, 4278.75]"
gen_5008_1,bus_5008,0,47.216573469236,1.2136413577921699,1.0551099999999674,constv,0,62.82922518165744,11.0,1.0,-20.0,20.0,166,Water,hydro_generator,NA,SYM Frame_no droop,IEEET1,PSS2B,HYGOV,0.1501935980588818,0.31643721961882,1.3352031460363827,0.8851156110562264,0.4097948873498052,0.0,0.2751928995745556,0.2751928995745556,8.23614376574289,0.0,0.220169016325381,0.563970345699927,3.0404616435256595,0,PowerModels index: 166,23345.0,4799.375,d_symg,"[23345.0, 23345.0]","[4799.375, 4816.875]"
gen_5010_1,bus_5010,0,0.0,-0.006768525156425311,0.9815899999999754,constv,0,152.60799169336525,13.8,1.0,-80.0,90.0,167,Water,hydro_generator,NA,SYM Frame_no droop,IEEET1,PSS2B,HYGOV,0.18950732256931582,0.3234723457974025,1.6021640720412054,0.8812340877923942,0.3906128600881029,0.0,0.3079555095152925,0.3079555095152925,9.55923343802802,0.0,0.0860235834272113,0.221254664713051,2.5617335944930533,0,PowerModels index: 167,22369.375,4900.0,d_symg,"[22369.375, 22369.375]","[4900.0, 4917.5]"
gen_5012_1,bus_5012,0,2.05432535428554,-3.6955045059300002,0.9472699999999736,constv,0,42.825325777991694,11.0,1.0,-20.0,20.0,168,Water,hydro_generator,NA,SYM Frame_no droop,IEEET1,PSS2B,HYGOV,0.1745266887636673,0.31332075052592,1.4173397191775297,0.7352725749916273,0.31983968807172364,0.0,0.23641747209252917,0.23641747209252917,6.1387404654175,0.0,0.0487754687140929,0.185631442188285,2.6684004088748527,0,PowerModels index: 168,24959.375,5040.0,d_symg,"[24959.375, 24959.375]","[5040.0, 5057.5]"
gen_5016_6,bus_5016,0,49.579877537453484,-7.53504049162455,0.9930699999999739,constv,0,88.1544944276162,11.5,1.0,-30.0,50.0,169,Natural Gas,thermal_generator,NA,SYM Frame_no droop_torque_reference,IEEET1,PSS2B,TGOV1,0.17976020418940694,0.620741571732565,3.014809820993901,2.3515601659566987,0.2464428581970612,0.31803136259583575,0.23339807614341096,0.23339807614341096,9.08138461837079,0.820173190496862,0.0501156165834982,0.0513946956919972,1.0295407860260013,1,PowerModels index: 169,20343.75,5604.375,d_symg,"[20343.75, 20343.75]","[5604.375, 5621.875]"
gen_5017_1,bus_5017,0,137.396424963428,23.1323326218313,1.055739999999976,constv,0,226.9649779825371,14.5,1.0,-40.0,120.0,170,Natural Gas,thermal_generator,NA,SYM Frame_no droop_torque_reference,IEEET1,PSS2B,TGOV1,0.1264130848101946,0.5157990052463125,2.430724378315204,2.059690985554763,0.22777476768477092,0.7366931249261122,0.18513311188224849,0.18513311188224849,8.84829626792343,1.2809844690403,0.0700780015490018,0.0902931747429538,5.369067863700921,1,PowerModels index: 170,21529.375,5744.375,d_symg,"[21529.375, 21529.375]","[5744.375, 5761.875]"
gen_5018_2,bus_5018,0,64.71147344283762,8.644864607815817,1.052709999999975,constv,0,118.81283881524338,13.2,1.0,-20.0,70.0,171,Natural Gas,thermal_generator,NA,SYM Frame_no droop_torque_reference,IEEET1,PSS2B,TGOV1,0.181899139660055,0.5749339060363124,2.8461546313524484,2.363826690034897,0.31642643501119083,0.776566557158277,0.22972558617575906,0.22972558617575906,5.73168120799819,0.507553317747079,0.0205177206187509,0.0209077860121615,5.7549167801296,1,PowerModels index: 171,21564.375,5678.75,d_symg,"[21564.375, 21564.375]","[5678.75, 5696.25]"
gen_5019_1,bus_5019,0,9.82450783043848,0.050819844169588804,1.0549499999999845,constv,0,25.88189876572625,11.0,1.0,-10.0,20.0,172,Water,hydro_generator,NA,SYM Frame_no droop,IEEET1,PSS2B,HYGOV,0.2903242458505694,0.329393194384175,2.075827607257474,1.3555963241115385,0.45704064715482384,0.0,0.3567362729774446,0.3567362729774446,5.08864011024823,0.0,0.0403257830180228,0.0506473413563799,2.269472831253042,0,PowerModels index: 172,24482.5,1343.125,d_symg,"[24482.5, 24482.5]","[1343.125, 1360.625]"
gen_5020_1,bus_5020,0,34.9319525974112,0.009933722652494908,1.0482099999999845,constv,0,45.017269784887084,11.0,1.0,-20.0,20.0,173,Water,hydro_generator,NA,SYM Frame_no droop,IEEET1,PSS2B,HYGOV,0.15064713067419092,0.3810283620997225,1.7012264534538697,1.1290841002569627,0.3705661667469121,0.0,0.3474311579911259,0.3474311579911259,8.1213656418398,0.0,0.0510424262552988,0.052081095239846,2.5412297624913966,0,PowerModels index: 173,24158.75,1833.125,d_symg,"[24158.75, 24158.75]","[1833.125, 1850.625]"
gen_5021_4,bus_5021,0,32.3089076933498,0.9419516572624909,1.0503499999999855,constv,0,44.79249780156459,11.0,1.0,-20.0,20.0,174,Water,hydro_generator,NA,SYM Frame_no droop,IEEET1,PSS2B,HYGOV,0.12687333554041919,0.3277596861496575,1.4652047044815881,0.9441498211886225,0.24788276712836477,0.0,0.2261728584548815,0.2261728584548815,7.74166894327733,0.0,0.0520592333364766,0.0520080470480025,2.499845622568926,0,PowerModels index: 174,23922.5,1719.375,d_symg,"[23922.5, 23922.5]","[1719.375, 1736.875]"
gen_5022_1,bus_5022,0,24.963966136035697,0.239045050738007,1.0057099999999846,constv,0,39.14179537212871,11.0,1.0,-10.0,20.0,175,Water,hydro_generator,NA,SYM Frame_no droop,IEEET1,PSS2B,HYGOV,0.2309303212228765,0.2781714209972425,1.294418334474137,0.801879072776895,0.37605677023842193,0.0,0.2746821864017917,0.2746821864017917,8.79495096732862,0.0,0.0571208542329259,0.296337645051768,2.6710329127763397,0,PowerModels index: 175,23485.0,1920.625,d_symg,"[23485.0, 23485.0]","[1920.625, 1938.125]"
gen_5023_2,bus_5023,0,24.074777174613402,0.46368007554411894,1.0063999999999846,constv,0,38.86784189543318,11.0,1.0,-10.0,20.0,176,Water,hydro_generator,NA,SYM Frame_no droop,IEEET1,PSS2B,HYGOV,0.2231464685433987,0.2951254563045225,1.3767558127125532,0.7915629939077121,0.34138844396642687,0.0,0.2689478572088591,0.2689478572088591,8.5056649298477,0.0,0.0552932796410751,0.296561451896094,2.617600962217979,0,PowerModels index: 176,23406.25,1955.625,d_symg,"[23406.25, 23406.25]","[1955.625, 1973.125]"
gen_5026_5,bus_5026,0,24.1970479211855,-0.379025940144062,1.0036499999999855,constv,0,39.64746684243695,11.0,1.0,-10.0,20.0,177,Water,hydro_generator,NA,SYM Frame_no droop,IEEET1,PSS2B,HYGOV,0.2289757706768437,0.2791817630784925,1.293341451793559,0.7884600627647561,0.33621336726670337,0.0,0.27381560382132636,0.27381560382132636,8.89031208839267,0.0,0.0573895943954121,0.300883624962764,2.6399113541425416,0,PowerModels index: 177,23563.75,1977.5,d_symg,"[23563.75, 23563.75]","[1977.5, 1995.0]"
gen_5028_1,bus_5028,0,28.4679129616367,10.404304921856601,1.0319899999999682,constv,0,48.21886897487098,11.0,1.0,-10.0,30.0,178,Water,hydro_generator,NA,SYM Frame_no droop,IEEET1,PSS2B,HYGOV,0.18652674593204044,0.3817076594338275,1.950255058974485,1.1894303673059106,0.38093860248339156,0.0,0.24489386049965914,0.24489386049965914,5.2067745354725,0.0,0.0510837835329585,0.0504008927976247,2.6182980491711825,0,PowerModels index: 178,19700.625,2038.75,d_symg,"[19700.625, 19700.625]","[2038.75, 2056.25]"
gen_5030_1,bus_5030,0,34.3623818564035,-10.1806803593985,0.9613799999999837,constv,0,67.18280797221384,11.0,1.0,-20.0,40.0,179,Water,hydro_generator,NA,SYM Frame_no droop,IEEET1,PSS2B,HYGOV,0.17507578878847074,0.3485029874456825,1.7350617050694568,0.9164456341581779,0.4272742718977767,0.0,0.29347273379589545,0.29347273379589545,8.64943542546825,0.0,0.0854219186349074,0.180747697769199,3.0275824531323656,0,PowerModels index: 179,23537.5,1404.375,d_symg,"[23537.5, 23537.5]","[1404.375, 1421.875]"
gen_5031_1,bus_5031,0,105.10400928355598,3.30291061631516,0.9564499999999666,constv,0,183.08425794520485,18.0,1.0,-50.0,70.0,180,Water,hydro_generator,NA,SYM Frame_no droop,IEEET1,PSS2B,HYGOV,0.16233392715364306,0.284239473331895,1.2304436879404606,0.649265586291807,0.31790272980771916,0.0,0.20538359689615224,0.20538359689615224,9.04136116378941,0.0,0.0537578068670817,0.154765920261852,3.6950050588004957,0,PowerModels index: 180,20558.125,1907.5,d_symg,"[20558.125, 20558.125]","[1907.5, 1925.0]"
gen_5032_2,bus_5032,0,104.805398459447,3.11307038174029,0.9563999999999667,constv,0,192.7323977708981,18.0,1.0,-70.0,80.0,181,Water,hydro_generator,NA,SYM Frame_no droop,IEEET1,PSS2B,HYGOV,0.16597553979388566,0.2913045119952575,1.2807642296659776,0.5896856899789885,0.27659315373766774,0.0,0.21323743712594415,0.21323743712594415,9.28712395213777,0.0,0.0103272682637908,0.100951359749306,3.6083349767098376,0,PowerModels index: 181,20426.875,1964.375,d_symg,"[20426.875, 20426.875]","[1964.375, 1981.875]"
gen_5033_3,bus_5033,0,85.445430155,-7.1366510739999995,0.9491999999999672,constv,1,186.18460242332435,18.0,1.0,-60.0,80.0,182,Water,hydro_generator,NA,SYM Frame_no droop,IEEET1,PSS2B,HYGOV,0.1701584501371836,0.33033053490864,1.46328943190402,0.8086397405329451,0.22199465405315544,0.0,0.21891345228387213,0.21891345228387213,9.07532435854431,0.0,0.0629432968916371,0.0503834899619687,3.588784642530535,0,PowerModels index: 182,20466.25,1920.625,d_symg,"[20466.25, 20466.25]","[1920.625, 1938.125]"
gen_5035_3,bus_5035,0,26.2199891117512,-0.79302688851878,1.0235599999999774,constv,0,52.346315741975445,11.0,1.0,-30.0,40.0,183,Water,hydro_generator,NA,SYM Frame_no droop,IEEET1,PSS2B,HYGOV,0.23675697931773992,0.3324290807856025,2.0614207536649873,1.2088109575064196,0.5532060027168959,0.0,0.4194149240519738,0.4194149240519738,6.81108015392441,0.0,0.0900341259338893,0.250154000217095,2.797423059807403,0,PowerModels index: 183,21083.125,4357.5,d_symg,"[21083.125, 21083.125]","[4357.5, 4375.0]"
gen_5036_2,bus_5036,0,15.9424347942778,-4.483969936649319,1.0172099999999782,constv,0,41.85320271529504,11.0,1.0,-10.0,20.0,184,Water,hydro_generator,NA,SYM Frame_no droop,IEEET1,PSS2B,HYGOV,0.13896760681646192,0.328477779476205,1.49573977020087,0.9225702629085565,0.3145121749710534,0.0,0.2306006767501765,0.2306006767501765,4.74182861999143,0.0,0.0503703514533118,0.0521088133030571,3.196412696699137,0,PowerModels index: 184,21122.5,4300.625,d_symg,"[21122.5, 21122.5]","[4300.625, 4318.125]"
gen_5037_1,bus_5037,0,53.38467952529129,2.89706152168536,0.9884199999999744,constv,0,97.58354595180812,16.0,1.0,-50.0,70.0,185,Water,hydro_generator,NA,SYM Frame_no droop,IEEET1,PSS2B,HYGOV,0.17247273386216214,0.3417731959463575,1.9621574366339951,1.1106187275494839,0.3851811271039852,0.0,0.22188000473144698,0.22188000473144698,9.36225530854426,0.0,0.120159769652411,0.124031776573509,3.0983428604354275,0,PowerModels index: 185,22369.375,3504.375,d_symg,"[22369.375, 22369.375]","[3504.375, 3521.875]"
gen_5039_3,bus_5039,0,53.8733716477824,5.237919695317279,0.98836999999997,constv,0,97.8491377833493,16.0,1.0,-40.0,70.0,186,Water,hydro_generator,NA,SYM Frame_no droop,IEEET1,PSS2B,HYGOV,0.17539048249713063,0.345817406959365,1.9796955652263557,1.0866811842950928,0.3790054619568699,0.0,0.21680974077823953,0.21680974077823953,9.23990161442198,0.0,0.121516685611568,0.124749082532711,3.328266059839613,0,PowerModels index: 186,21778.75,4221.875,d_symg,"[21778.75, 21778.75]","[4221.875, 4239.375]"
gen_5040_4,bus_5040,0,55.89335614416999,4.376945288409251,0.9868499999999706,constv,0,96.64542586644131,16.0,1.0,-40.0,70.0,187,Water,hydro_generator,NA,SYM Frame_no droop,IEEET1,PSS2B,HYGOV,0.1766286466847899,0.33797765557235,1.9607456169199229,1.1192459185433739,0.3809086823767829,0.0,0.2186601752798217,0.2186601752798217,9.16817336655222,0.0,0.120458483378403,0.124714353952557,3.2883562846289593,0,PowerModels index: 187,21656.25,4510.625,d_symg,"[21656.25, 21656.25]","[4510.625, 4528.125]"
gen_5041_5,bus_5041,0,57.6238744085221,6.15992598070428,0.9899399999999694,constv,0,97.09719815262125,16.0,1.0,-40.0,70.0,188,Water,hydro_generator,NA,SYM Frame_no droop,IEEET1,PSS2B,HYGOV,0.17649553224641593,0.3381369468171625,1.9516976481138553,1.103105949540805,0.37988273457012955,0.0,0.22059537915329452,0.22059537915329452,9.34968512048945,0.0,0.123486709968187,0.125774919527583,3.260237085207519,0,PowerModels index: 188,21949.375,4217.5,d_symg,"[21949.375, 21949.375]","[4217.5, 4235.0]"
gen_5045_1,bus_5045,0,7.435417173533231,-0.30898741889148995,1.072739999999978,constv,0,86.08093655923614,1.0,1.0,-20.0,10.0,189,Water,hydro_generator,NA,SYM Frame_no droop,IEEET1,PSS2B,HYGOV,0.15514692864497376,0.2931414341859625,1.205556074323745,0.6183859724939604,0.29009880543907296,0.0,0.19286855262292563,0.19286855262292563,9.22531427463982,0.0,0.0534204910303466,0.15217215720797,3.86218491402467,0,PowerModels index: 189,26748.75,4068.75,d_symg,"[26748.75, 26748.75]","[4068.75, 4086.25]"
gen_5229_1,bus_5229,0,45.9946811998802,1.32156310736672,0.9862199999999701,constv,0,72.28207855586962,11.0,1.0,-20.0,30.0,190,Water,hydro_generator,NA,SYM Frame_no droop,IEEET1,PSS2B,HYGOV,0.13740392985598548,0.2976124256313775,1.308469930215043,0.8391896204975299,0.3546312190663374,0.0,0.19355991210774545,0.19355991210774545,6.73293403918971,0.0,0.097808016075287,0.0909491299521178,1.9992861338621224,0,PowerModels index: 190,22688.75,4843.125,d_symg,"[22688.75, 22688.75]","[4843.125, 4860.625]"
gen_5230_2,bus_5230,0,0.0,1.59340415728837,0.9872699999999744,constv,0,41.30909661137206,11.0,1.0,-10.0,20.0,191,Water,hydro_generator,NA,SYM Frame_no droop,IEEET1,PSS2B,HYGOV,0.17562560949113443,0.33397639319566,1.5267800671761962,1.0462254137310785,0.41756659308473926,0.0,0.24456493554557027,0.24456493554557027,6.12523303502239,0.0,0.0965313172165304,0.102987064241897,2.8704864518562294,0,PowerModels index: 191,22242.5,5013.75,d_symg,"[22242.5, 22242.5]","[5013.75, 5031.25]"
gen_5231_1,bus_5231,0,26.4788677188798,-4.81024136099475,0.9815299999999673,constv,0,38.54186953113347,11.0,1.0,-20.0,20.0,192,Water,hydro_generator,NA,SYM Frame_no droop,IEEET1,PSS2B,HYGOV,0.2362584166389795,0.3720311078469975,1.7408524761659712,0.8677007513848922,0.4036819732263172,0.0,0.36606554575518174,0.36606554575518174,5.61352256229613,0.0,0.0100398460892029,0.0102467300137505,3.4347534187605735,0,PowerModels index: 192,21074.375,2791.25,d_symg,"[21074.375, 21074.375]","[2791.25, 2808.75]"
gen_5233_3,bus_5233,0,28.290144359801197,3.03866334651271,1.0140299999999682,constv,0,39.48655941391891,11.0,1.0,-20.0,10.0,193,Water,hydro_generator,NA,SYM Frame_no droop,IEEET1,PSS2B,HYGOV,0.24005391238325632,0.3603165998380875,1.671539129032238,0.8581400556879406,0.38847879671583063,0.0,0.35461193223943904,0.35461193223943904,6.05379235495231,0.0,0.0102656072343234,0.0102200157905463,3.484419915383743,0,PowerModels index: 193,21166.25,2756.25,d_symg,"[21166.25, 21166.25]","[2756.25, 2773.75]"
gen_5234_1,bus_5234,0,13.345418793149303,-0.167070114086708,1.0059899999999709,constv,0,19.196971101776533,11.0,1.0,-10.0,10.0,194,Water,hydro_generator,NA,SYM Frame_no droop,IEEET1,PSS2B,HYGOV,0.2365858248176543,0.3727677593976425,1.7467861297812406,1.0798367591854556,0.35515022549675196,0.0,0.3140945393114236,0.3140945393114236,5.64482695443556,0.0,0.0522233921196312,0.050517378540244,2.758433299073841,0,PowerModels index: 194,20326.25,2611.875,d_symg,"[20326.25, 20326.25]","[2611.875, 2629.375]"
gen_5235_1,bus_5235,0,21.9071191165335,-1.67227254103906,0.9981299999999681,constv,0,38.207912299977046,11.0,1.0,-10.0,20.0,195,Water,hydro_generator,NA,SYM Frame_no droop,IEEET1,PSS2B,HYGOV,0.16465492280253813,0.2869998430705175,1.3473296614638626,0.9033097916057596,0.35071322317866926,0.0,0.23182350348553052,0.23182350348553052,5.58797247438924,0.0,0.0827419097926468,0.0510988949274179,2.2678193448487667,0,PowerModels index: 195,19713.75,2423.75,d_symg,"[19713.75, 19713.75]","[2423.75, 2441.25]"
gen_5236_2,bus_5236,0,21.9217522649333,-0.147830591569655,1.0040799999999674,constv,0,37.66843797924746,11.0,1.0,-10.0,20.0,196,Water,hydro_generator,NA,SYM Frame_no droop,IEEET1,PSS2B,HYGOV,0.1732475922810705,0.2764931506459825,1.3051301058936988,0.901100141592666,0.34932776777665814,0.0,0.23355175674130702,0.23355175674130702,5.56003692662343,0.0,0.0811246979739517,0.0521085245034192,2.211755382811855,0,PowerModels index: 196,19652.5,2471.875,d_symg,"[19652.5, 19652.5]","[2471.875, 2489.375]"
